dataset,project,task_id,k,dep_count,dr,exact_dr,hits,nodes
DevEval,Communications/IMAPClient,3,10,5,0.4,0.4,"['imapclient.imapclient.IMAPClient._command_and_check', 'imapclient.imapclient.join_message_ids']",10
DevEval,Communications/IMAPClient,3,15,5,0.8,0.4,"['imapclient.imapclient.IMAPClient._command_and_check', 'imapclient.imapclient.IMAPClient._imap', 'imapclient.imapclient.IMAPClient.use_uid', 'imapclient.imapclient.join_message_ids']",15
DevEval,Communications/IMAPClient,3,20,5,0.8,0.4,"['imapclient.imapclient.IMAPClient._command_and_check', 'imapclient.imapclient.IMAPClient._imap', 'imapclient.imapclient.IMAPClient.use_uid', 'imapclient.imapclient.join_message_ids']",20
DevEval,Communications/IMAPClient,4,10,7,0.42857142857142855,0.42857142857142855,"['imapclient.imapclient.IMAPClient._raw_command_untagged', 'imapclient.imapclient._normalise_search_criteria', 'imapclient.util.to_bytes']",10
DevEval,Communications/IMAPClient,4,15,7,0.5714285714285714,0.5714285714285714,"['imapclient.imapclient.IMAPClient._raw_command_untagged', 'imapclient.imapclient._normalise_search_criteria', 'imapclient.response_parser.parse_response', 'imapclient.util.to_bytes']",15
DevEval,Communications/IMAPClient,4,20,7,0.5714285714285714,0.5714285714285714,"['imapclient.imapclient.IMAPClient._raw_command_untagged', 'imapclient.imapclient._normalise_search_criteria', 'imapclient.response_parser.parse_response', 'imapclient.util.to_bytes']",20
DevEval,Communications/IMAPClient,5,10,6,0.16666666666666666,0.16666666666666666,['imapclient.imapclient.IMAPClient._normalise_folder'],10
DevEval,Communications/IMAPClient,5,15,6,0.3333333333333333,0.3333333333333333,"['imapclient.datetime_util.datetime_to_INTERNALDATE', 'imapclient.imapclient.IMAPClient._normalise_folder']",15
DevEval,Communications/IMAPClient,5,20,6,0.5,0.5,"['imapclient.datetime_util.datetime_to_INTERNALDATE', 'imapclient.imapclient.IMAPClient._normalise_folder', 'imapclient.imapclient.seq_to_parenstr']",20
DevEval,Communications/IMAPClient,6,10,2,1.0,1.0,"['imapclient.imapclient.IMAPClient._command_and_check', 'imapclient.imapclient.IMAPClient._normalise_folder']",10
DevEval,Communications/IMAPClient,6,15,2,1.0,1.0,"['imapclient.imapclient.IMAPClient._command_and_check', 'imapclient.imapclient.IMAPClient._normalise_folder']",15
DevEval,Communications/IMAPClient,6,20,2,1.0,1.0,"['imapclient.imapclient.IMAPClient._command_and_check', 'imapclient.imapclient.IMAPClient._normalise_folder']",20
DevEval,Communications/IMAPClient,7,10,4,0.25,0.0,['imapclient.imapclient.IMAPClient.folder_encode'],10
DevEval,Communications/IMAPClient,7,15,4,0.25,0.0,['imapclient.imapclient.IMAPClient.folder_encode'],15
DevEval,Communications/IMAPClient,7,20,4,0.25,0.0,['imapclient.imapclient.IMAPClient.folder_encode'],20
DevEval,Communications/IMAPClient,8,10,2,0.5,0.0,['imapclient.response_lexer.Lexer.current_source'],10
DevEval,Communications/IMAPClient,8,15,2,0.5,0.0,['imapclient.response_lexer.Lexer.current_source'],15
DevEval,Communications/IMAPClient,8,20,2,0.5,0.0,['imapclient.response_lexer.Lexer.current_source'],20
DevEval,Communications/IMAPClient,9,10,1,0.0,0.0,[],10
DevEval,Communications/IMAPClient,9,15,1,0.0,0.0,[],15
DevEval,Communications/IMAPClient,9,20,1,0.0,0.0,[],20
DevEval,Communications/IMAPClient,10,10,3,0.3333333333333333,0.3333333333333333,['imapclient.imap_utf7.base64_utf7_decode'],10
DevEval,Communications/IMAPClient,10,15,3,0.3333333333333333,0.3333333333333333,['imapclient.imap_utf7.base64_utf7_decode'],15
DevEval,Communications/IMAPClient,10,20,3,0.3333333333333333,0.3333333333333333,['imapclient.imap_utf7.base64_utf7_decode'],20
DevEval,Communications/IMAPClient,11,10,5,0.4,0.4,"['imapclient.imapclient.IMAPClient._command_and_check', 'imapclient.imapclient.IMAPClient._normalise_folder']",10
DevEval,Communications/IMAPClient,11,15,5,0.4,0.4,"['imapclient.imapclient.IMAPClient._command_and_check', 'imapclient.imapclient.IMAPClient._normalise_folder']",15
DevEval,Communications/IMAPClient,11,20,5,0.6,0.6,"['imapclient.imapclient.IMAPClient._command_and_check', 'imapclient.imapclient.IMAPClient._normalise_folder', 'imapclient.response_parser.parse_response']",20
DevEval,Communications/IMAPClient,12,10,2,0.5,0.0,['imapclient.imapclient.IMAPClient._imap'],10
DevEval,Communications/IMAPClient,12,15,2,1.0,0.0,"['imapclient.imapclient.IMAPClient._imap', 'imapclient.imapclient.logger']",15
DevEval,Communications/IMAPClient,12,20,2,1.0,0.0,"['imapclient.imapclient.IMAPClient._imap', 'imapclient.imapclient.logger']",20
DevEval,Communications/IMAPClient,13,10,2,0.5,0.5,['imapclient.imapclient.IMAPClient._filter_fetch_dict'],10
DevEval,Communications/IMAPClient,13,15,2,1.0,1.0,"['imapclient.imapclient.IMAPClient._filter_fetch_dict', 'imapclient.imapclient.IMAPClient.fetch']",15
DevEval,Communications/IMAPClient,13,20,2,1.0,1.0,"['imapclient.imapclient.IMAPClient._filter_fetch_dict', 'imapclient.imapclient.IMAPClient.fetch']",20
DevEval,Communications/IMAPClient,14,10,5,0.6,0.4,"['imapclient.imapclient.IMAPClient._imap', 'imapclient.imapclient.IMAPClient._raw_command_untagged', 'imapclient.imapclient.IMAPClient.capabilities']",10
DevEval,Communications/IMAPClient,14,15,5,0.6,0.4,"['imapclient.imapclient.IMAPClient._imap', 'imapclient.imapclient.IMAPClient._raw_command_untagged', 'imapclient.imapclient.IMAPClient.capabilities']",15
DevEval,Communications/IMAPClient,14,20,5,0.6,0.4,"['imapclient.imapclient.IMAPClient._imap', 'imapclient.imapclient.IMAPClient._raw_command_untagged', 'imapclient.imapclient.IMAPClient.capabilities']",20
DevEval,Communications/IMAPClient,15,10,7,0.14285714285714285,0.14285714285714285,['imapclient.util.to_bytes'],10
DevEval,Communications/IMAPClient,15,15,7,0.14285714285714285,0.14285714285714285,['imapclient.util.to_bytes'],15
DevEval,Communications/IMAPClient,15,20,7,0.14285714285714285,0.14285714285714285,['imapclient.util.to_bytes'],20
DevEval,Communications/IMAPClient,16,10,2,0.5,0.5,['imapclient.imapclient.IMAPClient._filter_fetch_dict'],10
DevEval,Communications/IMAPClient,16,15,2,1.0,1.0,"['imapclient.imapclient.IMAPClient._filter_fetch_dict', 'imapclient.imapclient.IMAPClient.fetch']",15
DevEval,Communications/IMAPClient,16,20,2,1.0,1.0,"['imapclient.imapclient.IMAPClient._filter_fetch_dict', 'imapclient.imapclient.IMAPClient.fetch']",20
DevEval,Communications/IMAPClient,17,10,4,0.75,0.25,"['imapclient.imapclient.IMAPClient._consume_until_tagged_response', 'imapclient.imapclient.IMAPClient._imap', 'imapclient.imapclient.logger']",10
DevEval,Communications/IMAPClient,17,15,4,0.75,0.25,"['imapclient.imapclient.IMAPClient._consume_until_tagged_response', 'imapclient.imapclient.IMAPClient._imap', 'imapclient.imapclient.logger']",15
DevEval,Communications/IMAPClient,17,20,4,0.75,0.25,"['imapclient.imapclient.IMAPClient._consume_until_tagged_response', 'imapclient.imapclient.IMAPClient._imap', 'imapclient.imapclient.logger']",20
DevEval,Communications/IMAPClient,18,10,2,1.0,0.5,"['imapclient.imapclient.IMAPClient._consume_until_tagged_response', 'imapclient.imapclient.IMAPClient._imap']",10
DevEval,Communications/IMAPClient,18,15,2,1.0,0.5,"['imapclient.imapclient.IMAPClient._consume_until_tagged_response', 'imapclient.imapclient.IMAPClient._imap']",15
DevEval,Communications/IMAPClient,18,20,2,1.0,0.5,"['imapclient.imapclient.IMAPClient._consume_until_tagged_response', 'imapclient.imapclient.IMAPClient._imap']",20
DevEval,Communications/IMAPClient,19,10,11,0.2727272727272727,0.0,"['imapclient.imapclient.IMAPClient._imap', 'imapclient.imapclient.IMAPClient.host', 'imapclient.imapclient.IMAPClient.ssl']",10
DevEval,Communications/IMAPClient,19,15,11,0.2727272727272727,0.0,"['imapclient.imapclient.IMAPClient._imap', 'imapclient.imapclient.IMAPClient.host', 'imapclient.imapclient.IMAPClient.ssl']",15
DevEval,Communications/IMAPClient,19,20,11,0.36363636363636365,0.0,"['imapclient.imapclient.IMAPClient._imap', 'imapclient.imapclient.IMAPClient.host', 'imapclient.imapclient.IMAPClient.ssl', 'imapclient.tls']",20
DevEval,Communications/IMAPClient,20,10,4,0.75,0.75,"['imapclient.imapclient.IMAPClient._raw_command_untagged', 'imapclient.imapclient._parse_quota', 'imapclient.imapclient._quote']",10
DevEval,Communications/IMAPClient,20,15,4,1.0,1.0,"['imapclient.imapclient.IMAPClient._raw_command_untagged', 'imapclient.imapclient._parse_quota', 'imapclient.imapclient._quote', 'imapclient.util.to_bytes']",15
DevEval,Communications/IMAPClient,20,20,4,1.0,1.0,"['imapclient.imapclient.IMAPClient._raw_command_untagged', 'imapclient.imapclient._parse_quota', 'imapclient.imapclient._quote', 'imapclient.util.to_bytes']",20
DevEval,Communications/IMAPClient,21,10,4,0.5,0.5,"['imapclient.imapclient.IMAPClient._raw_command_untagged', 'imapclient.util.to_bytes']",10
DevEval,Communications/IMAPClient,21,15,4,0.75,0.75,"['imapclient.imapclient.IMAPClient._raw_command_untagged', 'imapclient.imapclient._normalise_search_criteria', 'imapclient.util.to_bytes']",15
DevEval,Communications/IMAPClient,21,20,4,0.75,0.75,"['imapclient.imapclient.IMAPClient._raw_command_untagged', 'imapclient.imapclient._normalise_search_criteria', 'imapclient.util.to_bytes']",20
DevEval,Communications/IMAPClient,22,10,2,0.0,0.0,[],10
DevEval,Communications/IMAPClient,22,15,2,0.0,0.0,[],15
DevEval,Communications/IMAPClient,22,20,2,0.0,0.0,[],20
DevEval,Communications/IMAPClient,23,10,7,0.5714285714285714,0.5714285714285714,"['imapclient.imapclient.IMAPClient._raw_command_untagged', 'imapclient.imapclient._parse_quota', 'imapclient.response_parser.parse_response', 'imapclient.util.to_unicode']",10
DevEval,Communications/IMAPClient,23,15,7,0.5714285714285714,0.5714285714285714,"['imapclient.imapclient.IMAPClient._raw_command_untagged', 'imapclient.imapclient._parse_quota', 'imapclient.response_parser.parse_response', 'imapclient.util.to_unicode']",15
DevEval,Communications/IMAPClient,23,20,7,0.5714285714285714,0.5714285714285714,"['imapclient.imapclient.IMAPClient._raw_command_untagged', 'imapclient.imapclient._parse_quota', 'imapclient.response_parser.parse_response', 'imapclient.util.to_unicode']",20
DevEval,Communications/IMAPClient,24,10,4,0.5,0.5,"['imapclient.imapclient.IMAPClient._command_and_check', 'imapclient.imapclient.IMAPClient._normalise_folder']",10
DevEval,Communications/IMAPClient,24,15,4,0.5,0.5,"['imapclient.imapclient.IMAPClient._command_and_check', 'imapclient.imapclient.IMAPClient._normalise_folder']",15
DevEval,Communications/IMAPClient,24,20,4,0.5,0.5,"['imapclient.imapclient.IMAPClient._command_and_check', 'imapclient.imapclient.IMAPClient._normalise_folder']",20
DevEval,Communications/IMAPClient,25,10,8,0.5,0.375,"['imapclient.imapclient.IMAPClient._imap', 'imapclient.imapclient.IMAPClient._set_read_timeout', 'imapclient.imapclient.IMAPClient.socket', 'imapclient.imapclient._parse_untagged_response']",10
DevEval,Communications/IMAPClient,25,15,8,0.5,0.375,"['imapclient.imapclient.IMAPClient._imap', 'imapclient.imapclient.IMAPClient._set_read_timeout', 'imapclient.imapclient.IMAPClient.socket', 'imapclient.imapclient._parse_untagged_response']",15
DevEval,Communications/IMAPClient,25,20,8,0.5,0.375,"['imapclient.imapclient.IMAPClient._imap', 'imapclient.imapclient.IMAPClient._set_read_timeout', 'imapclient.imapclient.IMAPClient.socket', 'imapclient.imapclient._parse_untagged_response']",20
DevEval,Communications/IMAPClient,26,10,4,0.75,0.5,"['imapclient.imapclient.IMAPClient._command_and_check', 'imapclient.imapclient.IMAPClient._imap', 'imapclient.imapclient.IMAPClient._normalise_folder']",10
DevEval,Communications/IMAPClient,26,15,4,0.75,0.5,"['imapclient.imapclient.IMAPClient._command_and_check', 'imapclient.imapclient.IMAPClient._imap', 'imapclient.imapclient.IMAPClient._normalise_folder']",15
DevEval,Communications/IMAPClient,26,20,4,0.75,0.5,"['imapclient.imapclient.IMAPClient._command_and_check', 'imapclient.imapclient.IMAPClient._imap', 'imapclient.imapclient.IMAPClient._normalise_folder']",20
DevEval,Communications/IMAPClient,27,10,3,0.6666666666666666,0.6666666666666666,"['imapclient.datetime_util._munge', 'imapclient.datetime_util.datetime_to_native']",10
DevEval,Communications/IMAPClient,27,15,3,0.6666666666666666,0.6666666666666666,"['imapclient.datetime_util._munge', 'imapclient.datetime_util.datetime_to_native']",15
DevEval,Communications/IMAPClient,27,20,3,0.6666666666666666,0.6666666666666666,"['imapclient.datetime_util._munge', 'imapclient.datetime_util.datetime_to_native']",20
DevEval,Communications/IMAPClient,28,10,4,0.5,0.0,"['imapclient.exceptions.IMAPClientError', 'imapclient.imapclient.IMAPClient._imap']",10
DevEval,Communications/IMAPClient,28,15,4,0.75,0.0,"['imapclient.exceptions.IMAPClientError', 'imapclient.imapclient.IMAPClient._idle_tag', 'imapclient.imapclient.IMAPClient._imap']",15
DevEval,Communications/IMAPClient,28,20,4,0.75,0.0,"['imapclient.exceptions.IMAPClientError', 'imapclient.imapclient.IMAPClient._idle_tag', 'imapclient.imapclient.IMAPClient._imap']",20
DevEval,Communications/IMAPClient,29,10,3,0.6666666666666666,0.6666666666666666,"['imapclient.fixed_offset.FixedOffset', 'imapclient.fixed_offset.FixedOffset.for_system']",10
DevEval,Communications/IMAPClient,29,15,3,0.6666666666666666,0.6666666666666666,"['imapclient.fixed_offset.FixedOffset', 'imapclient.fixed_offset.FixedOffset.for_system']",15
DevEval,Communications/IMAPClient,29,20,3,0.6666666666666666,0.6666666666666666,"['imapclient.fixed_offset.FixedOffset', 'imapclient.fixed_offset.FixedOffset.for_system']",20
DevEval,Communications/IMAPClient,30,10,2,0.5,0.5,['imapclient.imapclient.IMAPClient._normalise_folder'],10
DevEval,Communications/IMAPClient,30,15,2,0.5,0.5,['imapclient.imapclient.IMAPClient._normalise_folder'],15
DevEval,Communications/IMAPClient,30,20,2,0.5,0.5,['imapclient.imapclient.IMAPClient._normalise_folder'],20
DevEval,Communications/IMAPClient,31,10,3,1.0,0.6666666666666666,"['imapclient.imapclient.IMAPClient._checkok', 'imapclient.imapclient.IMAPClient._imap', 'imapclient.imapclient._parse_untagged_response']",10
DevEval,Communications/IMAPClient,31,15,3,1.0,0.6666666666666666,"['imapclient.imapclient.IMAPClient._checkok', 'imapclient.imapclient.IMAPClient._imap', 'imapclient.imapclient._parse_untagged_response']",15
DevEval,Communications/IMAPClient,31,20,3,1.0,0.6666666666666666,"['imapclient.imapclient.IMAPClient._checkok', 'imapclient.imapclient.IMAPClient._imap', 'imapclient.imapclient._parse_untagged_response']",20
DevEval,Communications/IMAPClient,32,10,3,1.0,0.3333333333333333,"['imapclient.imapclient.IMAPClient._imap', 'imapclient.imapclient.logger', 'imapclient.tls.IMAP4_TLS.shutdown']",10
DevEval,Communications/IMAPClient,32,15,3,1.0,0.3333333333333333,"['imapclient.imapclient.IMAPClient._imap', 'imapclient.imapclient.logger', 'imapclient.tls.IMAP4_TLS.shutdown']",15
DevEval,Communications/IMAPClient,32,20,3,1.0,0.3333333333333333,"['imapclient.imapclient.IMAPClient._imap', 'imapclient.imapclient.logger', 'imapclient.tls.IMAP4_TLS.shutdown']",20
DevEval,Communications/IMAPClient,33,10,1,1.0,1.0,['imapclient.fixed_offset.FixedOffset.__init__'],10
DevEval,Communications/IMAPClient,33,15,1,1.0,1.0,['imapclient.fixed_offset.FixedOffset.__init__'],15
DevEval,Communications/IMAPClient,33,20,1,1.0,1.0,['imapclient.fixed_offset.FixedOffset.__init__'],20
DevEval,Communications/PySimpleSOAP,1,10,1,1.0,0.0,['pysimplesoap.simplexml.SimpleXMLElement.__document'],10
DevEval,Communications/PySimpleSOAP,1,15,1,1.0,0.0,['pysimplesoap.simplexml.SimpleXMLElement.__document'],15
DevEval,Communications/PySimpleSOAP,1,20,1,1.0,0.0,['pysimplesoap.simplexml.SimpleXMLElement.__document'],20
DevEval,Communications/PySimpleSOAP,2,10,8,0.875,0.125,"['pysimplesoap.simplexml.SimpleXMLElement.__document', 'pysimplesoap.simplexml.SimpleXMLElement.__init__', 'pysimplesoap.simplexml.SimpleXMLElement.__jetty', 'pysimplesoap.simplexml.SimpleXMLElement.__namespaces_map', 'pysimplesoap.simplexml.SimpleXMLElement.__ns', 'pysimplesoap.simplexml.SimpleXMLElement.__prefix', 'pysimplesoap.simplexml.basestring']",10
DevEval,Communications/PySimpleSOAP,2,15,8,0.875,0.125,"['pysimplesoap.simplexml.SimpleXMLElement.__document', 'pysimplesoap.simplexml.SimpleXMLElement.__init__', 'pysimplesoap.simplexml.SimpleXMLElement.__jetty', 'pysimplesoap.simplexml.SimpleXMLElement.__namespaces_map', 'pysimplesoap.simplexml.SimpleXMLElement.__ns', 'pysimplesoap.simplexml.SimpleXMLElement.__prefix', 'pysimplesoap.simplexml.basestring']",12
DevEval,Communications/PySimpleSOAP,2,20,8,0.875,0.125,"['pysimplesoap.simplexml.SimpleXMLElement.__document', 'pysimplesoap.simplexml.SimpleXMLElement.__init__', 'pysimplesoap.simplexml.SimpleXMLElement.__jetty', 'pysimplesoap.simplexml.SimpleXMLElement.__namespaces_map', 'pysimplesoap.simplexml.SimpleXMLElement.__ns', 'pysimplesoap.simplexml.SimpleXMLElement.__prefix', 'pysimplesoap.simplexml.basestring']",12
DevEval,Communications/Wikipedia-API,1,10,3,0.3333333333333333,0.3333333333333333,['wikipediaapi.WikipediaPage.title'],10
DevEval,Communications/Wikipedia-API,1,15,3,0.3333333333333333,0.3333333333333333,['wikipediaapi.WikipediaPage.title'],15
DevEval,Communications/Wikipedia-API,1,20,3,0.3333333333333333,0.3333333333333333,['wikipediaapi.WikipediaPage.title'],20
DevEval,Communications/Wikipedia-API,2,10,4,0.5,0.5,"['wikipediaapi.WikipediaPage._fetch', 'wikipediaapi.WikipediaPageSection']",10
DevEval,Communications/Wikipedia-API,2,15,4,0.5,0.5,"['wikipediaapi.WikipediaPage._fetch', 'wikipediaapi.WikipediaPageSection']",15
DevEval,Communications/Wikipedia-API,2,20,4,0.5,0.5,"['wikipediaapi.WikipediaPage._fetch', 'wikipediaapi.WikipediaPageSection']",20
DevEval,Communications/Wikipedia-API,3,10,4,0.5,0.5,"['wikipediaapi.WikipediaPage._fetch', 'wikipediaapi.WikipediaPageSection']",10
DevEval,Communications/Wikipedia-API,3,15,4,0.5,0.5,"['wikipediaapi.WikipediaPage._fetch', 'wikipediaapi.WikipediaPageSection']",15
DevEval,Communications/Wikipedia-API,3,20,4,0.5,0.5,"['wikipediaapi.WikipediaPage._fetch', 'wikipediaapi.WikipediaPageSection']",20
DevEval,Communications/Wikipedia-API,4,10,4,0.25,0.25,['wikipediaapi.WikipediaPage._fetch'],10
DevEval,Communications/Wikipedia-API,4,15,4,0.25,0.25,['wikipediaapi.WikipediaPage._fetch'],15
DevEval,Communications/Wikipedia-API,4,20,4,0.25,0.25,['wikipediaapi.WikipediaPage._fetch'],20
DevEval,Communications/Wikipedia-API,5,10,2,0.0,0.0,[],10
DevEval,Communications/Wikipedia-API,5,15,2,1.0,1.0,"['wikipediaapi.WikipediaPage.sections', 'wikipediaapi.WikipediaPage.summary']",15
DevEval,Communications/Wikipedia-API,5,20,2,1.0,1.0,"['wikipediaapi.WikipediaPage.sections', 'wikipediaapi.WikipediaPage.summary']",20
DevEval,Communications/Wikipedia-API,6,10,6,0.0,0.0,[],10
DevEval,Communications/Wikipedia-API,6,15,6,0.16666666666666666,0.16666666666666666,['wikipediaapi.WikipediaPage.__init__'],15
DevEval,Communications/Wikipedia-API,6,20,6,0.3333333333333333,0.3333333333333333,"['wikipediaapi.WikipediaPage', 'wikipediaapi.WikipediaPage.__init__']",20
DevEval,Communications/Wikipedia-API,7,10,4,0.25,0.25,['wikipediaapi.WikipediaPage._fetch'],10
DevEval,Communications/Wikipedia-API,7,15,4,0.25,0.25,['wikipediaapi.WikipediaPage._fetch'],15
DevEval,Communications/Wikipedia-API,7,20,4,0.25,0.25,['wikipediaapi.WikipediaPage._fetch'],20
DevEval,Communications/Wikipedia-API,8,10,4,0.5,0.5,"['wikipediaapi.WikipediaPage._fetch', 'wikipediaapi.WikipediaPageSection']",10
DevEval,Communications/Wikipedia-API,8,15,4,0.5,0.5,"['wikipediaapi.WikipediaPage._fetch', 'wikipediaapi.WikipediaPageSection']",15
DevEval,Communications/Wikipedia-API,8,20,4,0.5,0.5,"['wikipediaapi.WikipediaPage._fetch', 'wikipediaapi.WikipediaPageSection']",20
DevEval,Communications/Wikipedia-API,9,10,2,0.0,0.0,[],10
DevEval,Communications/Wikipedia-API,9,15,2,0.0,0.0,[],15
DevEval,Communications/Wikipedia-API,9,20,2,0.0,0.0,[],20
DevEval,Communications/Wikipedia-API,10,10,4,0.25,0.25,['wikipediaapi.Wikipedia.page'],10
DevEval,Communications/Wikipedia-API,10,15,4,0.25,0.25,['wikipediaapi.Wikipedia.page'],15
DevEval,Communications/Wikipedia-API,10,20,4,0.25,0.25,['wikipediaapi.Wikipedia.page'],20
DevEval,Communications/Wikipedia-API,11,10,4,0.25,0.25,['wikipediaapi.WikipediaPage._fetch'],10
DevEval,Communications/Wikipedia-API,11,15,4,0.25,0.25,['wikipediaapi.WikipediaPage._fetch'],15
DevEval,Communications/Wikipedia-API,11,20,4,0.25,0.25,['wikipediaapi.WikipediaPage._fetch'],20
DevEval,Communications/Wikipedia-API,12,10,4,0.0,0.0,[],10
DevEval,Communications/Wikipedia-API,12,15,4,0.0,0.0,[],15
DevEval,Communications/Wikipedia-API,12,20,4,0.0,0.0,[],20
DevEval,Communications/Wikipedia-API,13,10,4,0.25,0.25,['wikipediaapi.WikipediaPage._fetch'],10
DevEval,Communications/Wikipedia-API,13,15,4,0.25,0.25,['wikipediaapi.WikipediaPage._fetch'],15
DevEval,Communications/Wikipedia-API,13,20,4,0.25,0.25,['wikipediaapi.WikipediaPage._fetch'],20
DevEval,Communications/chatette,9,10,11,0.45454545454545453,0.45454545454545453,"['chatette.cli.interactive_commands.command_strategy.CommandStrategy.get_regex_name', 'chatette.cli.interactive_commands.command_strategy.CommandStrategy.get_unit_type_from_str', 'chatette.cli.interactive_commands.command_strategy.CommandStrategy.split_exact_unit_name', 'chatette.cli.terminal_writer.TerminalWriter.error_log', 'chatette.cli.terminal_writer.TerminalWriter.write']",10
DevEval,Communications/chatette,9,15,11,0.5454545454545454,0.5454545454545454,"['chatette.cli.interactive_commands.command_strategy.CommandStrategy.get_regex_name', 'chatette.cli.interactive_commands.command_strategy.CommandStrategy.get_unit_type_from_str', 'chatette.cli.interactive_commands.command_strategy.CommandStrategy.split_exact_unit_name', 'chatette.cli.interactive_commands.unhide_command.UnhideCommand.execute_on_unit', 'chatette.cli.terminal_writer.TerminalWriter.error_log', 'chatette.cli.terminal_writer.TerminalWriter.write']",15
DevEval,Communications/chatette,9,20,11,0.6363636363636364,0.6363636363636364,"['chatette.cli.interactive_commands.command_strategy.CommandStrategy', 'chatette.cli.interactive_commands.command_strategy.CommandStrategy.get_regex_name', 'chatette.cli.interactive_commands.command_strategy.CommandStrategy.get_unit_type_from_str', 'chatette.cli.interactive_commands.command_strategy.CommandStrategy.split_exact_unit_name', 'chatette.cli.interactive_commands.unhide_command.UnhideCommand.execute_on_unit', 'chatette.cli.terminal_writer.TerminalWriter.error_log', 'chatette.cli.terminal_writer.TerminalWriter.write']",20
DevEval,Communications/chatette,10,10,9,0.3333333333333333,0.3333333333333333,"['chatette.parsing.UnitDefBuilder._build_modifiers_repr', 'chatette.parsing.UnitDefBuilder._check_information', 'chatette.utils.Singleton.get_or_create']",10
DevEval,Communications/chatette,10,15,9,0.3333333333333333,0.3333333333333333,"['chatette.parsing.UnitDefBuilder._build_modifiers_repr', 'chatette.parsing.UnitDefBuilder._check_information', 'chatette.utils.Singleton.get_or_create']",15
DevEval,Communications/chatette,10,20,9,0.3333333333333333,0.3333333333333333,"['chatette.parsing.UnitDefBuilder._build_modifiers_repr', 'chatette.parsing.UnitDefBuilder._check_information', 'chatette.utils.Singleton.get_or_create']",20
DevEval,Communications/chatette,11,10,6,0.0,0.0,[],10
DevEval,Communications/chatette,11,15,6,0.0,0.0,[],15
DevEval,Communications/chatette,11,20,6,0.0,0.0,[],20
DevEval,Communications/chatette,12,10,11,0.2727272727272727,0.2727272727272727,"['chatette.parsing.UnitDefBuilder._build_modifiers_repr', 'chatette.parsing.UnitDefBuilder._check_information', 'chatette.utils.Singleton.get_or_create']",10
DevEval,Communications/chatette,12,15,11,0.2727272727272727,0.2727272727272727,"['chatette.parsing.UnitDefBuilder._build_modifiers_repr', 'chatette.parsing.UnitDefBuilder._check_information', 'chatette.utils.Singleton.get_or_create']",15
DevEval,Communications/chatette,12,20,11,0.36363636363636365,0.36363636363636365,"['chatette.parsing.UnitDefBuilder._build_modifiers_repr', 'chatette.parsing.UnitDefBuilder._check_information', 'chatette.units.modifiable.definitions.intent.IntentDefinition', 'chatette.utils.Singleton.get_or_create']",20
DevEval,Communications/chatette,13,10,4,0.25,0.0,['chatette.modifiers.representation.ModifiersRepresentation.argument_name'],10
DevEval,Communications/chatette,13,15,4,0.25,0.0,['chatette.modifiers.representation.ModifiersRepresentation.argument_name'],15
DevEval,Communications/chatette,13,20,4,0.25,0.0,['chatette.modifiers.representation.ModifiersRepresentation.argument_name'],20
DevEval,Communications/chatette,14,10,1,0.0,0.0,[],10
DevEval,Communications/chatette,14,15,1,0.0,0.0,[],15
DevEval,Communications/chatette,14,20,1,0.0,0.0,[],20
DevEval,Communications/chatette,15,10,9,0.3333333333333333,0.3333333333333333,"['chatette.parsing.UnitDefBuilder._build_modifiers_repr', 'chatette.parsing.UnitDefBuilder._check_information', 'chatette.utils.Singleton.get_or_create']",10
DevEval,Communications/chatette,15,15,9,0.3333333333333333,0.3333333333333333,"['chatette.parsing.UnitDefBuilder._build_modifiers_repr', 'chatette.parsing.UnitDefBuilder._check_information', 'chatette.utils.Singleton.get_or_create']",15
DevEval,Communications/chatette,15,20,9,0.3333333333333333,0.3333333333333333,"['chatette.parsing.UnitDefBuilder._build_modifiers_repr', 'chatette.parsing.UnitDefBuilder._check_information', 'chatette.utils.Singleton.get_or_create']",20
DevEval,Communications/chatette,16,10,3,1.0,0.0,"['chatette.cli.terminal_writer.TerminalWriter._file_mode', 'chatette.cli.terminal_writer.TerminalWriter.buffered_text', 'chatette.cli.terminal_writer.TerminalWriter.redirection_file_path']",10
DevEval,Communications/chatette,16,15,3,1.0,0.0,"['chatette.cli.terminal_writer.TerminalWriter._file_mode', 'chatette.cli.terminal_writer.TerminalWriter.buffered_text', 'chatette.cli.terminal_writer.TerminalWriter.redirection_file_path']",15
DevEval,Communications/chatette,16,20,3,1.0,0.0,"['chatette.cli.terminal_writer.TerminalWriter._file_mode', 'chatette.cli.terminal_writer.TerminalWriter.buffered_text', 'chatette.cli.terminal_writer.TerminalWriter.redirection_file_path']",20
DevEval,Communications/chatette,17,10,5,0.4,0.4,"['chatette.parsing.ItemBuilder._build_modifiers_repr', 'chatette.parsing.ItemBuilder._check_information']",10
DevEval,Communications/chatette,17,15,5,0.4,0.4,"['chatette.parsing.ItemBuilder._build_modifiers_repr', 'chatette.parsing.ItemBuilder._check_information']",15
DevEval,Communications/chatette,17,20,5,0.4,0.4,"['chatette.parsing.ItemBuilder._build_modifiers_repr', 'chatette.parsing.ItemBuilder._check_information']",16
DevEval,Communications/chatette,18,10,7,0.0,0.0,[],10
DevEval,Communications/chatette,18,15,7,0.0,0.0,[],15
DevEval,Communications/chatette,18,20,7,0.0,0.0,[],20
DevEval,Communications/chatette,19,10,6,0.3333333333333333,0.3333333333333333,"['chatette.parsing.UnitRefBuilder._build_modifiers_repr', 'chatette.parsing.UnitRefBuilder._check_information']",10
DevEval,Communications/chatette,19,15,6,0.5,0.5,"['chatette.parsing.UnitRefBuilder._build_modifiers_repr', 'chatette.parsing.UnitRefBuilder._check_information', 'chatette.units.modifiable.unit_reference.UnitReference']",15
DevEval,Communications/chatette,19,20,6,0.5,0.5,"['chatette.parsing.UnitRefBuilder._build_modifiers_repr', 'chatette.parsing.UnitRefBuilder._check_information', 'chatette.units.modifiable.unit_reference.UnitReference']",15
DevEval,Communications/chatette,20,10,1,0.0,0.0,[],10
DevEval,Communications/chatette,20,15,1,0.0,0.0,[],15
DevEval,Communications/chatette,20,20,1,0.0,0.0,[],20
DevEval,Communications/chatette,21,10,6,0.16666666666666666,0.0,['chatette.modifiers.representation.ModifiersRepresentation.argument_value'],10
DevEval,Communications/chatette,21,15,6,0.16666666666666666,0.0,['chatette.modifiers.representation.ModifiersRepresentation.argument_value'],15
DevEval,Communications/chatette,21,20,6,0.16666666666666666,0.0,['chatette.modifiers.representation.ModifiersRepresentation.argument_value'],17
DevEval,Communications/chatette,22,10,3,0.0,0.0,[],10
DevEval,Communications/chatette,22,15,3,0.0,0.0,[],15
DevEval,Communications/chatette,22,20,3,0.0,0.0,[],20
DevEval,Communications/ehforwarderbot,1,10,5,0.6,0.4,"['ehforwarderbot.types.ModuleID', 'ehforwarderbot.utils.get_base_path', 'ehforwarderbot.utils.get_data_path']",10
DevEval,Communications/ehforwarderbot,1,15,5,0.6,0.4,"['ehforwarderbot.types.ModuleID', 'ehforwarderbot.utils.get_base_path', 'ehforwarderbot.utils.get_data_path']",11
DevEval,Communications/ehforwarderbot,1,20,5,0.6,0.4,"['ehforwarderbot.types.ModuleID', 'ehforwarderbot.utils.get_base_path', 'ehforwarderbot.utils.get_data_path']",11
DevEval,Communications/ehforwarderbot,2,10,5,0.6,0.2,"['ehforwarderbot.chat.Chat.members', 'ehforwarderbot.chat.ChatMember.__init__', 'ehforwarderbot.types.ChatID']",10
DevEval,Communications/ehforwarderbot,2,15,5,0.6,0.2,"['ehforwarderbot.chat.Chat.members', 'ehforwarderbot.chat.ChatMember.__init__', 'ehforwarderbot.types.ChatID']",15
DevEval,Communications/ehforwarderbot,2,20,5,0.8,0.4,"['ehforwarderbot.chat.Chat.members', 'ehforwarderbot.chat.ChatMember', 'ehforwarderbot.chat.ChatMember.__init__', 'ehforwarderbot.types.ChatID']",20
DevEval,Communications/ehforwarderbot,3,10,1,1.0,1.0,['ehforwarderbot.utils.get_base_path'],10
DevEval,Communications/ehforwarderbot,3,15,1,1.0,1.0,['ehforwarderbot.utils.get_base_path'],11
DevEval,Communications/ehforwarderbot,3,20,1,1.0,1.0,['ehforwarderbot.utils.get_base_path'],11
DevEval,Communications/ehforwarderbot,4,10,4,0.25,0.0,['ehforwarderbot.chat.Chat.members'],10
DevEval,Communications/ehforwarderbot,4,15,4,0.75,0.5,"['ehforwarderbot.chat.Chat', 'ehforwarderbot.chat.Chat.members', 'ehforwarderbot.chat.ChatMember']",15
DevEval,Communications/ehforwarderbot,4,20,4,0.75,0.5,"['ehforwarderbot.chat.Chat', 'ehforwarderbot.chat.Chat.members', 'ehforwarderbot.chat.ChatMember']",20
DevEval,Communications/ehforwarderbot,5,10,5,0.6,0.2,"['ehforwarderbot.chat.Chat.make_system_member', 'ehforwarderbot.chat.Chat.members', 'ehforwarderbot.types.ChatID']",10
DevEval,Communications/ehforwarderbot,5,15,5,0.6,0.2,"['ehforwarderbot.chat.Chat.make_system_member', 'ehforwarderbot.chat.Chat.members', 'ehforwarderbot.types.ChatID']",15
DevEval,Communications/ehforwarderbot,5,20,5,0.8,0.4,"['ehforwarderbot.chat.Chat.make_system_member', 'ehforwarderbot.chat.Chat.members', 'ehforwarderbot.chat.SystemChatMember', 'ehforwarderbot.types.ChatID']",20
DevEval,Communications/hbmqtt,2,10,1,1.0,0.0,['hbmqtt.plugins.manager.PluginManager._plugins'],10
DevEval,Communications/hbmqtt,2,15,1,1.0,0.0,['hbmqtt.plugins.manager.PluginManager._plugins'],15
DevEval,Communications/hbmqtt,2,20,1,1.0,0.0,['hbmqtt.plugins.manager.PluginManager._plugins'],20
DevEval,Communications/hbmqtt,3,10,1,1.0,1.0,['hbmqtt.codecs.int_to_bytes'],10
DevEval,Communications/hbmqtt,3,15,1,1.0,1.0,['hbmqtt.codecs.int_to_bytes'],15
DevEval,Communications/hbmqtt,3,20,1,1.0,1.0,['hbmqtt.codecs.int_to_bytes'],20
DevEval,Communications/hl7,1,10,3,0.3333333333333333,0.3333333333333333,['hl7.datatypes._UTCOffset'],10
DevEval,Communications/hl7,1,15,3,0.3333333333333333,0.3333333333333333,['hl7.datatypes._UTCOffset'],15
DevEval,Communications/hl7,1,20,3,0.3333333333333333,0.3333333333333333,['hl7.datatypes._UTCOffset'],20
DevEval,Communications/hl7,2,10,2,0.5,0.0,['hl7.client.MLLPClient.socket'],10
DevEval,Communications/hl7,2,15,2,0.5,0.0,['hl7.client.MLLPClient.socket'],15
DevEval,Communications/hl7,2,20,2,0.5,0.0,['hl7.client.MLLPClient.socket'],18
DevEval,Communications/hl7,3,10,6,0.3333333333333333,0.16666666666666666,"['hl7.client.MLLPClient.encoding', 'hl7.client.MLLPClient.send']",10
DevEval,Communications/hl7,3,15,6,0.3333333333333333,0.16666666666666666,"['hl7.client.MLLPClient.encoding', 'hl7.client.MLLPClient.send']",15
DevEval,Communications/hl7,3,20,6,0.3333333333333333,0.16666666666666666,"['hl7.client.MLLPClient.encoding', 'hl7.client.MLLPClient.send']",20
DevEval,Communications/hl7,4,10,1,1.0,0.0,['hl7.datatypes._UTCOffset.minutes'],10
DevEval,Communications/hl7,4,15,1,1.0,0.0,['hl7.datatypes._UTCOffset.minutes'],15
DevEval,Communications/hl7,4,20,1,1.0,0.0,['hl7.datatypes._UTCOffset.minutes'],18
DevEval,Communications/hl7,5,10,5,1.0,0.0,"['hl7.parser._ParsePlan.containers', 'hl7.parser._ParsePlan.esc', 'hl7.parser._ParsePlan.factory', 'hl7.parser._ParsePlan.separator', 'hl7.parser._ParsePlan.separators']",10
DevEval,Communications/hl7,5,15,5,1.0,0.0,"['hl7.parser._ParsePlan.containers', 'hl7.parser._ParsePlan.esc', 'hl7.parser._ParsePlan.factory', 'hl7.parser._ParsePlan.separator', 'hl7.parser._ParsePlan.separators']",15
DevEval,Communications/hl7,5,20,5,1.0,0.0,"['hl7.parser._ParsePlan.containers', 'hl7.parser._ParsePlan.esc', 'hl7.parser._ParsePlan.factory', 'hl7.parser._ParsePlan.separator', 'hl7.parser._ParsePlan.separators']",20
DevEval,Communications/hl7,6,10,1,0.0,0.0,[],10
DevEval,Communications/hl7,6,15,1,0.0,0.0,[],15
DevEval,Communications/hl7,6,20,1,0.0,0.0,[],20
DevEval,Communications/hl7,7,10,4,1.0,0.0,"['hl7.parser._ParsePlan.containers', 'hl7.parser._ParsePlan.esc', 'hl7.parser._ParsePlan.factory', 'hl7.parser._ParsePlan.separators']",10
DevEval,Communications/hl7,7,15,4,1.0,0.0,"['hl7.parser._ParsePlan.containers', 'hl7.parser._ParsePlan.esc', 'hl7.parser._ParsePlan.factory', 'hl7.parser._ParsePlan.separators']",15
DevEval,Communications/hl7,7,20,4,1.0,0.0,"['hl7.parser._ParsePlan.containers', 'hl7.parser._ParsePlan.esc', 'hl7.parser._ParsePlan.factory', 'hl7.parser._ParsePlan.separators']",20
DevEval,Communications/twilio-fatisar,6,10,3,0.6666666666666666,0.6666666666666666,"['twilio.twiml.voice_response.Client', 'twilio.twiml.voice_response.Client.__init__']",9
DevEval,Communications/twilio-fatisar,6,15,3,0.6666666666666666,0.6666666666666666,"['twilio.twiml.voice_response.Client', 'twilio.twiml.voice_response.Client.__init__']",9
DevEval,Communications/twilio-fatisar,6,20,3,0.6666666666666666,0.6666666666666666,"['twilio.twiml.voice_response.Client', 'twilio.twiml.voice_response.Client.__init__']",9
DevEval,Communications/twilio-fatisar,7,10,3,0.0,0.0,[],10
DevEval,Communications/twilio-fatisar,7,15,3,0.0,0.0,[],15
DevEval,Communications/twilio-fatisar,7,20,3,0.0,0.0,[],20
DevEval,Communications/twilio-fatisar,8,10,1,0.0,0.0,[],10
DevEval,Communications/twilio-fatisar,8,15,1,0.0,0.0,[],10
DevEval,Communications/twilio-fatisar,8,20,1,0.0,0.0,[],10
DevEval,Communications/twilio-fatisar,9,10,2,0.5,0.0,['twilio.base.values.unset'],10
DevEval,Communications/twilio-fatisar,9,15,2,0.5,0.0,['twilio.base.values.unset'],10
DevEval,Communications/twilio-fatisar,9,20,2,0.5,0.0,['twilio.base.values.unset'],10
DevEval,Communications/twilio-fatisar,10,10,3,0.0,0.0,[],10
DevEval,Communications/twilio-fatisar,10,15,3,0.0,0.0,[],15
DevEval,Communications/twilio-fatisar,10,20,3,0.0,0.0,[],20
DevEval,Communications/twilio-fatisar,11,10,1,1.0,1.0,['twilio.twiml.TwiML.nest'],10
DevEval,Communications/twilio-fatisar,11,15,1,1.0,1.0,['twilio.twiml.TwiML.nest'],15
DevEval,Communications/twilio-fatisar,11,20,1,1.0,1.0,['twilio.twiml.TwiML.nest'],20
DevEval,Communications/twilio-fatisar,12,10,2,0.5,0.0,['twilio.base.values.unset'],10
DevEval,Communications/twilio-fatisar,12,15,2,0.5,0.0,['twilio.base.values.unset'],15
DevEval,Communications/twilio-fatisar,12,20,2,0.5,0.0,['twilio.base.values.unset'],16
DevEval,Communications/twilio-fatisar,13,10,3,0.0,0.0,[],10
DevEval,Communications/twilio-fatisar,13,15,3,0.0,0.0,[],15
DevEval,Communications/twilio-fatisar,13,20,3,0.0,0.0,[],20
DevEval,Communications/twilio-fatisar,14,10,2,0.5,0.5,['twilio.jwt.taskrouter.capabilities.WorkerCapabilityToken.resource_url'],10
DevEval,Communications/twilio-fatisar,14,15,2,0.5,0.5,['twilio.jwt.taskrouter.capabilities.WorkerCapabilityToken.resource_url'],15
DevEval,Communications/twilio-fatisar,14,20,2,0.5,0.5,['twilio.jwt.taskrouter.capabilities.WorkerCapabilityToken.resource_url'],18
DevEval,Communications/twilio-fatisar,15,10,3,0.6666666666666666,0.6666666666666666,"['twilio.twiml.voice_response.Sip', 'twilio.twiml.voice_response.Sip.__init__']",10
DevEval,Communications/twilio-fatisar,15,15,3,0.6666666666666666,0.6666666666666666,"['twilio.twiml.voice_response.Sip', 'twilio.twiml.voice_response.Sip.__init__']",15
DevEval,Communications/twilio-fatisar,15,20,3,0.6666666666666666,0.6666666666666666,"['twilio.twiml.voice_response.Sip', 'twilio.twiml.voice_response.Sip.__init__']",16
DevEval,Communications/twilio-fatisar,16,10,3,0.0,0.0,[],10
DevEval,Communications/twilio-fatisar,16,15,3,0.0,0.0,[],15
DevEval,Communications/twilio-fatisar,16,20,3,0.0,0.0,[],20
DevEval,Communications/twilio-fatisar,17,10,3,0.0,0.0,[],10
DevEval,Communications/twilio-fatisar,17,15,3,0.0,0.0,[],15
DevEval,Communications/twilio-fatisar,17,20,3,0.3333333333333333,0.3333333333333333,['twilio.twiml.voice_response.Dial'],20
DevEval,Communications/twilio-fatisar,18,10,3,0.0,0.0,[],10
DevEval,Communications/twilio-fatisar,18,15,3,0.0,0.0,[],15
DevEval,Communications/twilio-fatisar,18,20,3,0.0,0.0,[],20
DevEval,Communications/twilio-fatisar,19,10,5,0.6,0.4,"['twilio.jwt', 'twilio.jwt.Jwt.headers', 'twilio.jwt.Jwt.payload']",10
DevEval,Communications/twilio-fatisar,19,15,5,0.6,0.4,"['twilio.jwt', 'twilio.jwt.Jwt.headers', 'twilio.jwt.Jwt.payload']",15
DevEval,Communications/twilio-fatisar,19,20,5,0.6,0.4,"['twilio.jwt', 'twilio.jwt.Jwt.headers', 'twilio.jwt.Jwt.payload']",20
DevEval,Communications/twilio-fatisar,20,10,2,0.5,0.0,['twilio.base.values.unset'],10
DevEval,Communications/twilio-fatisar,20,15,2,0.5,0.0,['twilio.base.values.unset'],15
DevEval,Communications/twilio-fatisar,20,20,2,0.5,0.0,['twilio.base.values.unset'],20
DevEval,Communications/twilio-fatisar,21,10,2,0.0,0.0,[],10
DevEval,Communications/twilio-fatisar,21,15,2,0.0,0.0,[],15
DevEval,Communications/twilio-fatisar,21,20,2,0.0,0.0,[],20
DevEval,Communications/twilio-fatisar,22,10,4,0.25,0.25,['twilio.jwt.client.ScopeURI.add_param'],10
DevEval,Communications/twilio-fatisar,22,15,4,0.5,0.5,"['twilio.jwt.client.ScopeURI', 'twilio.jwt.client.ScopeURI.add_param']",15
DevEval,Communications/twilio-fatisar,22,20,4,0.5,0.5,"['twilio.jwt.client.ScopeURI', 'twilio.jwt.client.ScopeURI.add_param']",17
DevEval,Communications/twilio-fatisar,23,10,3,0.0,0.0,[],10
DevEval,Communications/twilio-fatisar,23,15,3,0.0,0.0,[],13
DevEval,Communications/twilio-fatisar,23,20,3,0.0,0.0,[],13
DevEval,Communications/twilio-fatisar,24,10,4,0.5,0.5,"['twilio.jwt.client.ScopeURI', 'twilio.jwt.client.ScopeURI.add_param']",10
DevEval,Communications/twilio-fatisar,24,15,4,0.5,0.5,"['twilio.jwt.client.ScopeURI', 'twilio.jwt.client.ScopeURI.add_param']",15
DevEval,Communications/twilio-fatisar,24,20,4,0.5,0.5,"['twilio.jwt.client.ScopeURI', 'twilio.jwt.client.ScopeURI.add_param']",20
DevEval,Communications/twilio-fatisar,25,10,3,0.3333333333333333,0.3333333333333333,['twilio.twiml.voice_response.Sms.__init__'],10
DevEval,Communications/twilio-fatisar,25,15,3,0.3333333333333333,0.3333333333333333,['twilio.twiml.voice_response.Sms.__init__'],15
DevEval,Communications/twilio-fatisar,25,20,3,0.3333333333333333,0.3333333333333333,['twilio.twiml.voice_response.Sms.__init__'],20
DevEval,Communications/twilio-fatisar,26,10,3,0.0,0.0,[],10
DevEval,Communications/twilio-fatisar,26,15,3,0.0,0.0,[],15
DevEval,Communications/twilio-fatisar,26,20,3,0.0,0.0,[],20
DevEval,Communications/twilio-fatisar,27,10,3,0.3333333333333333,0.3333333333333333,['twilio.twiml.voice_response.Queue.__init__'],10
DevEval,Communications/twilio-fatisar,27,15,3,0.6666666666666666,0.6666666666666666,"['twilio.twiml.voice_response.Queue', 'twilio.twiml.voice_response.Queue.__init__']",15
DevEval,Communications/twilio-fatisar,27,20,3,0.6666666666666666,0.6666666666666666,"['twilio.twiml.voice_response.Queue', 'twilio.twiml.voice_response.Queue.__init__']",20
DevEval,Communications/twilio-fatisar,28,10,1,0.0,0.0,[],10
DevEval,Communications/twilio-fatisar,28,15,1,0.0,0.0,[],10
DevEval,Communications/twilio-fatisar,28,20,1,0.0,0.0,[],10
DevEval,Communications/twilio-fatisar,29,10,3,0.3333333333333333,0.3333333333333333,['twilio.jwt.client.ScopeURI.add_param'],10
DevEval,Communications/twilio-fatisar,29,15,3,0.3333333333333333,0.3333333333333333,['twilio.jwt.client.ScopeURI.add_param'],15
DevEval,Communications/twilio-fatisar,29,20,3,0.3333333333333333,0.3333333333333333,['twilio.jwt.client.ScopeURI.add_param'],20
DevEval,Communications/twilio-fatisar,30,10,4,0.0,0.0,[],10
DevEval,Communications/twilio-fatisar,30,15,4,0.25,0.25,['twilio.jwt.client.ScopeURI'],15
DevEval,Communications/twilio-fatisar,30,20,4,0.25,0.25,['twilio.jwt.client.ScopeURI'],20
DevEval,Communications/twtxt,1,10,3,0.3333333333333333,0.0,['twtxt.config.Config.cfg'],10
DevEval,Communications/twtxt,1,15,3,0.3333333333333333,0.0,['twtxt.config.Config.cfg'],15
DevEval,Communications/twtxt,1,20,3,0.3333333333333333,0.0,['twtxt.config.Config.cfg'],20
DevEval,Communications/twtxt,2,10,2,0.5,0.5,['twtxt.config.Config.write_config'],10
DevEval,Communications/twtxt,2,15,2,0.5,0.5,['twtxt.config.Config.write_config'],15
DevEval,Communications/twtxt,2,20,2,0.5,0.5,['twtxt.config.Config.write_config'],20
DevEval,Communications/twtxt,3,10,2,0.5,0.0,['twtxt.config.Config.cfg'],10
DevEval,Communications/twtxt,3,15,2,0.5,0.0,['twtxt.config.Config.cfg'],15
DevEval,Communications/twtxt,3,20,2,1.0,0.0,"['twtxt.config.Config.cfg', 'twtxt.config.logger']",20
DevEval,Communications/twtxt,4,10,2,0.5,0.5,['twtxt.config.Config.check_config_sanity'],10
DevEval,Communications/twtxt,4,15,2,0.5,0.5,['twtxt.config.Config.check_config_sanity'],15
DevEval,Communications/twtxt,4,20,2,0.5,0.5,['twtxt.config.Config.check_config_sanity'],20
DevEval,Communications/twtxt,5,10,3,0.3333333333333333,0.3333333333333333,['twtxt.config.Config.from_file'],10
DevEval,Communications/twtxt,5,15,3,0.3333333333333333,0.3333333333333333,['twtxt.config.Config.from_file'],15
DevEval,Communications/twtxt,5,20,3,0.3333333333333333,0.3333333333333333,['twtxt.config.Config.from_file'],20
DevEval,Communications/twtxt,6,10,1,1.0,0.0,['twtxt.models.Tweet.created_at'],10
DevEval,Communications/twtxt,6,15,1,1.0,0.0,['twtxt.models.Tweet.created_at'],15
DevEval,Communications/twtxt,6,20,1,1.0,0.0,['twtxt.models.Tweet.created_at'],20
DevEval,Communications/twtxt,7,10,2,1.0,0.5,"['twtxt.parser.logger', 'twtxt.parser.parse_tweet']",10
DevEval,Communications/twtxt,7,15,2,1.0,0.5,"['twtxt.parser.logger', 'twtxt.parser.parse_tweet']",15
DevEval,Communications/twtxt,7,20,2,1.0,0.5,"['twtxt.parser.logger', 'twtxt.parser.parse_tweet']",20
DevEval,Communications/twtxt,8,10,2,0.5,0.0,['twtxt.mentions.mention_re'],10
DevEval,Communications/twtxt,8,15,2,0.5,0.0,['twtxt.mentions.mention_re'],15
DevEval,Communications/twtxt,8,20,2,0.5,0.0,['twtxt.mentions.mention_re'],20
DevEval,Communications/zulip-term,5,10,3,0.3333333333333333,0.3333333333333333,['zulipterminal.model.Model.is_muted_topic'],10
DevEval,Communications/zulip-term,5,15,3,0.3333333333333333,0.3333333333333333,['zulipterminal.model.Model.is_muted_topic'],15
DevEval,Communications/zulip-term,5,20,3,0.3333333333333333,0.3333333333333333,['zulipterminal.model.Model.is_muted_topic'],20
DevEval,Communications/zulip-term,6,10,6,0.5,0.3333333333333333,"['zulipterminal.ui_tools.boxes.WriteBox._set_stream_write_box_style', 'zulipterminal.ui_tools.boxes.WriteBox._setup_common_stream_compose', 'zulipterminal.ui_tools.boxes.WriteBox.model']",10
DevEval,Communications/zulip-term,6,15,6,0.5,0.3333333333333333,"['zulipterminal.ui_tools.boxes.WriteBox._set_stream_write_box_style', 'zulipterminal.ui_tools.boxes.WriteBox._setup_common_stream_compose', 'zulipterminal.ui_tools.boxes.WriteBox.model']",15
DevEval,Communications/zulip-term,6,20,6,0.8333333333333334,0.5,"['zulipterminal.config.keys.primary_key_for_command', 'zulipterminal.ui_tools.boxes.WriteBox._set_stream_write_box_style', 'zulipterminal.ui_tools.boxes.WriteBox._setup_common_stream_compose', 'zulipterminal.ui_tools.boxes.WriteBox.model', 'zulipterminal.ui_tools.boxes.WriteBox.stream_write_box']",20
DevEval,Communications/zulip-term,7,10,3,0.6666666666666666,0.6666666666666666,"['zulipterminal.server_url.near_pm_message_url', 'zulipterminal.server_url.near_stream_message_url']",10
DevEval,Communications/zulip-term,7,15,3,0.6666666666666666,0.6666666666666666,"['zulipterminal.server_url.near_pm_message_url', 'zulipterminal.server_url.near_stream_message_url']",15
DevEval,Communications/zulip-term,7,20,3,0.6666666666666666,0.6666666666666666,"['zulipterminal.server_url.near_pm_message_url', 'zulipterminal.server_url.near_stream_message_url']",18
DevEval,Communications/zulip-term,8,10,4,0.5,0.5,"['zulipterminal.model.Model.is_valid_stream', 'zulipterminal.model.Model.stream_id_from_name']",10
DevEval,Communications/zulip-term,8,15,4,0.5,0.5,"['zulipterminal.model.Model.is_valid_stream', 'zulipterminal.model.Model.stream_id_from_name']",15
DevEval,Communications/zulip-term,8,20,4,0.5,0.5,"['zulipterminal.model.Model.is_valid_stream', 'zulipterminal.model.Model.stream_id_from_name']",20
DevEval,Communications/zulip-term,9,10,3,0.6666666666666666,0.3333333333333333,"['zulipterminal.config.keys.is_command_key', 'zulipterminal.urwid_types.urwid_Size']",10
DevEval,Communications/zulip-term,9,15,3,0.6666666666666666,0.3333333333333333,"['zulipterminal.config.keys.is_command_key', 'zulipterminal.urwid_types.urwid_Size']",15
DevEval,Communications/zulip-term,9,20,3,0.6666666666666666,0.3333333333333333,"['zulipterminal.config.keys.is_command_key', 'zulipterminal.urwid_types.urwid_Size']",20
DevEval,Communications/zulip-term,10,10,2,1.0,1.0,"['zulipterminal.core.Controller.report_error', 'zulipterminal.platform_code.successful_GUI_return_code']",10
DevEval,Communications/zulip-term,10,15,2,1.0,1.0,"['zulipterminal.core.Controller.report_error', 'zulipterminal.platform_code.successful_GUI_return_code']",15
DevEval,Communications/zulip-term,10,20,2,1.0,1.0,"['zulipterminal.core.Controller.report_error', 'zulipterminal.platform_code.successful_GUI_return_code']",20
DevEval,Communications/zulip-term,11,10,3,0.6666666666666666,0.6666666666666666,"['zulipterminal.core.Controller.narrow_to_stream', 'zulipterminal.core.Controller.narrow_to_topic']",10
DevEval,Communications/zulip-term,11,15,3,0.6666666666666666,0.6666666666666666,"['zulipterminal.core.Controller.narrow_to_stream', 'zulipterminal.core.Controller.narrow_to_topic']",15
DevEval,Communications/zulip-term,11,20,3,0.6666666666666666,0.6666666666666666,"['zulipterminal.core.Controller.narrow_to_stream', 'zulipterminal.core.Controller.narrow_to_topic']",20
DevEval,Communications/zulip-term,12,10,2,0.5,0.5,['zulipterminal.ui_tools.boxes.WriteBox._process_typeaheads'],10
DevEval,Communications/zulip-term,12,15,2,0.5,0.5,['zulipterminal.ui_tools.boxes.WriteBox._process_typeaheads'],15
DevEval,Communications/zulip-term,12,20,2,0.5,0.5,['zulipterminal.ui_tools.boxes.WriteBox._process_typeaheads'],20
DevEval,Communications/zulip-term,13,10,3,0.3333333333333333,0.3333333333333333,['zulipterminal.helper.hash_util_decode'],10
DevEval,Communications/zulip-term,13,15,3,0.3333333333333333,0.3333333333333333,['zulipterminal.helper.hash_util_decode'],15
DevEval,Communications/zulip-term,13,20,3,0.3333333333333333,0.3333333333333333,['zulipterminal.helper.hash_util_decode'],20
DevEval,Communications/zulip-term,14,10,8,0.5,0.25,"['zulipterminal.ui_tools.boxes.WriteBox._set_stream_write_box_style', 'zulipterminal.ui_tools.boxes.WriteBox._setup_common_stream_compose', 'zulipterminal.ui_tools.boxes.WriteBox.header_write_box', 'zulipterminal.ui_tools.boxes.WriteBox.model']",10
DevEval,Communications/zulip-term,14,15,8,0.5,0.25,"['zulipterminal.ui_tools.boxes.WriteBox._set_stream_write_box_style', 'zulipterminal.ui_tools.boxes.WriteBox._setup_common_stream_compose', 'zulipterminal.ui_tools.boxes.WriteBox.header_write_box', 'zulipterminal.ui_tools.boxes.WriteBox.model']",15
DevEval,Communications/zulip-term,14,20,8,0.75,0.25,"['zulipterminal.ui_tools.boxes.WriteBox._set_stream_write_box_style', 'zulipterminal.ui_tools.boxes.WriteBox._setup_common_stream_compose', 'zulipterminal.ui_tools.boxes.WriteBox.edit_mode_button', 'zulipterminal.ui_tools.boxes.WriteBox.header_write_box', 'zulipterminal.ui_tools.boxes.WriteBox.model', 'zulipterminal.ui_tools.boxes.WriteBox.stream_write_box']",20
DevEval,Communications/zulip-term,15,10,5,0.6,0.6,"['zulipterminal.helper.match_topics', 'zulipterminal.model.Model.topics_in_stream', 'zulipterminal.ui_tools.boxes.WriteBox._process_typeaheads']",10
DevEval,Communications/zulip-term,15,15,5,0.6,0.6,"['zulipterminal.helper.match_topics', 'zulipterminal.model.Model.topics_in_stream', 'zulipterminal.ui_tools.boxes.WriteBox._process_typeaheads']",15
DevEval,Communications/zulip-term,15,20,5,0.6,0.6,"['zulipterminal.helper.match_topics', 'zulipterminal.model.Model.topics_in_stream', 'zulipterminal.ui_tools.boxes.WriteBox._process_typeaheads']",20
DevEval,Communications/zulip-term,16,10,1,0.0,0.0,[],10
DevEval,Communications/zulip-term,16,15,1,0.0,0.0,[],15
DevEval,Communications/zulip-term,16,20,1,0.0,0.0,[],20
DevEval,Communications/zulip-term,17,10,2,0.0,0.0,[],10
DevEval,Communications/zulip-term,17,15,2,0.0,0.0,[],15
DevEval,Communications/zulip-term,17,20,2,0.0,0.0,[],19
DevEval,Communications/zulip-term,18,10,7,0.42857142857142855,0.42857142857142855,"['zulipterminal.ui_tools.boxes.WriteBox._process_typeaheads', 'zulipterminal.ui_tools.boxes.WriteBox.autocomplete_groups', 'zulipterminal.ui_tools.boxes.WriteBox.validate_and_patch_autocomplete_stream_and_topic']",10
DevEval,Communications/zulip-term,18,15,7,0.5714285714285714,0.5714285714285714,"['zulipterminal.ui_tools.boxes.WriteBox._process_typeaheads', 'zulipterminal.ui_tools.boxes.WriteBox.autocomplete_groups', 'zulipterminal.ui_tools.boxes.WriteBox.autocomplete_users', 'zulipterminal.ui_tools.boxes.WriteBox.validate_and_patch_autocomplete_stream_and_topic']",15
DevEval,Communications/zulip-term,18,20,7,0.7142857142857143,0.7142857142857143,"['zulipterminal.ui_tools.boxes.WriteBox._process_typeaheads', 'zulipterminal.ui_tools.boxes.WriteBox.autocomplete_groups', 'zulipterminal.ui_tools.boxes.WriteBox.autocomplete_mentions', 'zulipterminal.ui_tools.boxes.WriteBox.autocomplete_users', 'zulipterminal.ui_tools.boxes.WriteBox.validate_and_patch_autocomplete_stream_and_topic']",20
DevEval,Communications/zulip-term,19,10,1,1.0,1.0,['zulipterminal.server_url.hash_util_encode'],10
DevEval,Communications/zulip-term,19,15,1,1.0,1.0,['zulipterminal.server_url.hash_util_encode'],15
DevEval,Communications/zulip-term,19,20,1,1.0,1.0,['zulipterminal.server_url.hash_util_encode'],20
DevEval,Communications/zulip-term,20,10,2,0.0,0.0,[],10
DevEval,Communications/zulip-term,20,15,2,0.0,0.0,[],15
DevEval,Communications/zulip-term,20,20,2,0.0,0.0,[],17
DevEval,Communications/zulip-term,21,10,3,0.3333333333333333,0.3333333333333333,['zulipterminal.helper.match_stream'],10
DevEval,Communications/zulip-term,21,15,3,0.6666666666666666,0.6666666666666666,"['zulipterminal.helper.match_stream', 'zulipterminal.ui_tools.boxes.WriteBox._process_typeaheads']",15
DevEval,Communications/zulip-term,21,20,3,1.0,0.6666666666666666,"['zulipterminal.helper.match_stream', 'zulipterminal.ui_tools.boxes.WriteBox._process_typeaheads', 'zulipterminal.ui_tools.boxes.WriteBox.view']",20
DevEval,Communications/zulip-term,22,10,2,0.5,0.0,['zulipterminal.config.themes.ThemeSpec'],10
DevEval,Communications/zulip-term,22,15,2,0.5,0.0,['zulipterminal.config.themes.ThemeSpec'],15
DevEval,Communications/zulip-term,22,20,2,0.5,0.0,['zulipterminal.config.themes.ThemeSpec'],20
DevEval,Communications/zulip-term,23,10,1,1.0,0.0,['zulipterminal.platform_code.PLATFORM'],10
DevEval,Communications/zulip-term,23,15,1,1.0,0.0,['zulipterminal.platform_code.PLATFORM'],15
DevEval,Communications/zulip-term,23,20,1,1.0,0.0,['zulipterminal.platform_code.PLATFORM'],20
DevEval,Communications/zulip-term,24,10,3,0.3333333333333333,0.0,['zulipterminal.config.themes.ThemeSpec'],10
DevEval,Communications/zulip-term,24,15,3,0.6666666666666666,0.0,"['zulipterminal.config.themes.REQUIRED_STYLES', 'zulipterminal.config.themes.ThemeSpec']",15
DevEval,Communications/zulip-term,24,20,3,0.6666666666666666,0.0,"['zulipterminal.config.themes.REQUIRED_STYLES', 'zulipterminal.config.themes.ThemeSpec']",20
DevEval,Communications/zulip-term,25,10,3,0.6666666666666666,0.3333333333333333,"['zulipterminal.ui_tools.boxes.WriteBox._set_regular_and_typing_recipient_user_ids', 'zulipterminal.ui_tools.boxes.WriteBox.recipient_emails']",10
DevEval,Communications/zulip-term,25,15,3,0.6666666666666666,0.3333333333333333,"['zulipterminal.ui_tools.boxes.WriteBox._set_regular_and_typing_recipient_user_ids', 'zulipterminal.ui_tools.boxes.WriteBox.recipient_emails']",15
DevEval,Communications/zulip-term,25,20,3,0.6666666666666666,0.3333333333333333,"['zulipterminal.ui_tools.boxes.WriteBox._set_regular_and_typing_recipient_user_ids', 'zulipterminal.ui_tools.boxes.WriteBox.recipient_emails']",20
DevEval,Communications/zulip-term,26,10,1,1.0,0.0,['zulipterminal.config.themes.THEMES'],10
DevEval,Communications/zulip-term,26,15,1,1.0,0.0,['zulipterminal.config.themes.THEMES'],15
DevEval,Communications/zulip-term,26,20,1,1.0,0.0,['zulipterminal.config.themes.THEMES'],20
DevEval,Communications/zulip-term,27,10,6,0.0,0.0,[],10
DevEval,Communications/zulip-term,27,15,6,0.0,0.0,[],15
DevEval,Communications/zulip-term,27,20,6,0.0,0.0,[],20
DevEval,Communications/zulip-term,28,10,2,0.5,0.0,['zulipterminal.config.keys.KEY_BINDINGS'],10
DevEval,Communications/zulip-term,28,15,2,0.5,0.0,['zulipterminal.config.keys.KEY_BINDINGS'],15
DevEval,Communications/zulip-term,28,20,2,0.5,0.0,['zulipterminal.config.keys.KEY_BINDINGS'],20
DevEval,Communications/zulip-term,29,10,1,0.0,0.0,[],10
DevEval,Communications/zulip-term,29,15,1,0.0,0.0,[],15
DevEval,Communications/zulip-term,29,20,1,0.0,0.0,[],20
DevEval,Communications/zulip-term,30,10,1,0.0,0.0,[],10
DevEval,Communications/zulip-term,30,15,1,0.0,0.0,[],15
DevEval,Communications/zulip-term,30,20,1,0.0,0.0,[],20
DevEval,Communications/zulip-term,31,10,3,0.3333333333333333,0.0,['zulipterminal.config.themes.THEMES'],10
DevEval,Communications/zulip-term,31,15,3,0.3333333333333333,0.0,['zulipterminal.config.themes.THEMES'],15
DevEval,Communications/zulip-term,31,20,3,0.3333333333333333,0.0,['zulipterminal.config.themes.THEMES'],20
DevEval,Communications/zulip-term,32,10,8,0.125,0.0,['zulipterminal.ui_tools.boxes.WriteBox.model'],10
DevEval,Communications/zulip-term,32,15,8,0.25,0.125,"['zulipterminal.model.Model.stream_access_type', 'zulipterminal.ui_tools.boxes.WriteBox.model']",15
DevEval,Communications/zulip-term,32,20,8,0.25,0.125,"['zulipterminal.model.Model.stream_access_type', 'zulipterminal.ui_tools.boxes.WriteBox.model']",20
DevEval,Communications/zulip-term,33,10,4,0.25,0.25,['zulipterminal.ui_tools.buttons.TopButton.update_widget'],10
DevEval,Communications/zulip-term,33,15,4,0.25,0.25,['zulipterminal.ui_tools.buttons.TopButton.update_widget'],15
DevEval,Communications/zulip-term,33,20,4,0.25,0.25,['zulipterminal.ui_tools.buttons.TopButton.update_widget'],20
DevEval,Communications/zulip-term,34,10,1,1.0,0.0,['zulipterminal.platform_code.PLATFORM'],10
DevEval,Communications/zulip-term,34,15,1,1.0,0.0,['zulipterminal.platform_code.PLATFORM'],15
DevEval,Communications/zulip-term,34,20,1,1.0,0.0,['zulipterminal.platform_code.PLATFORM'],20
DevEval,Communications/zulip-term,35,10,2,0.5,0.0,['zulipterminal.config.keys.KEY_BINDINGS'],10
DevEval,Communications/zulip-term,35,15,2,0.5,0.0,['zulipterminal.config.keys.KEY_BINDINGS'],15
DevEval,Communications/zulip-term,35,20,2,0.5,0.0,['zulipterminal.config.keys.KEY_BINDINGS'],20
DevEval,Communications/zulip-term,36,10,2,0.5,0.0,['zulipterminal.config.keys.KEY_BINDINGS'],10
DevEval,Communications/zulip-term,36,15,2,0.5,0.0,['zulipterminal.config.keys.KEY_BINDINGS'],15
DevEval,Communications/zulip-term,36,20,2,0.5,0.0,['zulipterminal.config.keys.KEY_BINDINGS'],20
DevEval,Database/alembic,2,10,3,0.6666666666666666,0.6666666666666666,"['alembic.operations.ops.AddColumnOp', 'alembic.operations.ops.AddColumnOp.from_column_and_tablename']",10
DevEval,Database/alembic,2,15,3,0.6666666666666666,0.6666666666666666,"['alembic.operations.ops.AddColumnOp', 'alembic.operations.ops.AddColumnOp.from_column_and_tablename']",15
DevEval,Database/alembic,2,20,3,0.6666666666666666,0.6666666666666666,"['alembic.operations.ops.AddColumnOp', 'alembic.operations.ops.AddColumnOp.from_column_and_tablename']",20
DevEval,Database/alembic,3,10,1,0.0,0.0,[],10
DevEval,Database/alembic,3,15,1,0.0,0.0,[],15
DevEval,Database/alembic,3,20,1,0.0,0.0,[],20
DevEval,Database/alembic,4,10,5,0.4,0.4,"['alembic.script.revision.RevisionMap._resolve_revision_number', 'alembic.script.revision.RevisionMap._revision_for_ident']",10
DevEval,Database/alembic,4,15,5,0.4,0.4,"['alembic.script.revision.RevisionMap._resolve_revision_number', 'alembic.script.revision.RevisionMap._revision_for_ident']",15
DevEval,Database/alembic,4,20,5,0.4,0.4,"['alembic.script.revision.RevisionMap._resolve_revision_number', 'alembic.script.revision.RevisionMap._revision_for_ident']",20
DevEval,Database/alembic,5,10,5,0.2,0.2,['alembic.testing.env.write_script'],10
DevEval,Database/alembic,5,15,5,0.2,0.2,['alembic.testing.env.write_script'],15
DevEval,Database/alembic,5,20,5,0.2,0.2,['alembic.testing.env.write_script'],20
DevEval,Database/alembic,6,10,7,0.5714285714285714,0.14285714285714285,"['alembic.operations.ops.AddColumnOp.column', 'alembic.operations.ops.DropColumnOp._reverse', 'alembic.operations.schemaobj', 'alembic.operations.schemaobj.SchemaObjects.column']",10
DevEval,Database/alembic,6,15,7,0.5714285714285714,0.14285714285714285,"['alembic.operations.ops.AddColumnOp.column', 'alembic.operations.ops.DropColumnOp._reverse', 'alembic.operations.schemaobj', 'alembic.operations.schemaobj.SchemaObjects.column']",15
DevEval,Database/alembic,6,20,7,0.5714285714285714,0.14285714285714285,"['alembic.operations.ops.AddColumnOp.column', 'alembic.operations.ops.DropColumnOp._reverse', 'alembic.operations.schemaobj', 'alembic.operations.schemaobj.SchemaObjects.column']",20
DevEval,Database/alembic,7,10,6,0.0,0.0,[],10
DevEval,Database/alembic,7,15,6,0.0,0.0,[],15
DevEval,Database/alembic,7,20,6,0.0,0.0,[],15
DevEval,Database/alembic,8,10,5,0.2,0.0,['alembic.script.revision.Revision.down_revision'],10
DevEval,Database/alembic,8,15,5,0.2,0.0,['alembic.script.revision.Revision.down_revision'],15
DevEval,Database/alembic,8,20,5,0.2,0.0,['alembic.script.revision.Revision.down_revision'],20
DevEval,Database/alembic,9,10,15,0.2,0.2,"['alembic.autogenerate.compare._compare_computed_default', 'alembic.autogenerate.compare._compare_identity_default', 'alembic.autogenerate.compare._render_server_default_for_compare']",10
DevEval,Database/alembic,9,15,15,0.26666666666666666,0.26666666666666666,"['alembic.autogenerate.compare._compare_computed_default', 'alembic.autogenerate.compare._compare_identity_default', 'alembic.autogenerate.compare._render_server_default_for_compare', 'alembic.autogenerate.compare._warn_computed_not_supported']",15
DevEval,Database/alembic,9,20,15,0.3333333333333333,0.3333333333333333,"['alembic.autogenerate.compare._compare_computed_default', 'alembic.autogenerate.compare._compare_identity_default', 'alembic.autogenerate.compare._render_server_default_for_compare', 'alembic.autogenerate.compare._warn_computed_not_supported', 'alembic.runtime.migration.MigrationContext._compare_server_default']",20
DevEval,Database/alembic,10,10,7,0.14285714285714285,0.0,['alembic.util.sqla_compat'],10
DevEval,Database/alembic,10,15,7,0.14285714285714285,0.0,['alembic.util.sqla_compat'],15
DevEval,Database/alembic,10,20,7,0.14285714285714285,0.0,['alembic.util.sqla_compat'],20
DevEval,Database/alembic,11,10,3,0.6666666666666666,0.6666666666666666,"['alembic.operations.ops.CreateTableOp', 'alembic.operations.ops.CreateTableOp.from_table']",10
DevEval,Database/alembic,11,15,3,0.6666666666666666,0.6666666666666666,"['alembic.operations.ops.CreateTableOp', 'alembic.operations.ops.CreateTableOp.from_table']",15
DevEval,Database/alembic,11,20,3,0.6666666666666666,0.6666666666666666,"['alembic.operations.ops.CreateTableOp', 'alembic.operations.ops.CreateTableOp.from_table']",20
DevEval,Database/alembic,12,10,4,0.0,0.0,[],10
DevEval,Database/alembic,12,15,4,0.0,0.0,[],15
DevEval,Database/alembic,12,20,4,0.0,0.0,[],20
DevEval,Database/alembic,13,10,3,0.3333333333333333,0.3333333333333333,['alembic.testing.env._sqlite_file_db'],10
DevEval,Database/alembic,13,15,3,0.3333333333333333,0.3333333333333333,['alembic.testing.env._sqlite_file_db'],15
DevEval,Database/alembic,13,20,3,0.3333333333333333,0.3333333333333333,['alembic.testing.env._sqlite_file_db'],16
DevEval,Database/alembic,14,10,6,0.5,0.3333333333333333,"['alembic.operations.ops.AddConstraintOp', 'alembic.operations.ops.AddConstraintOp.from_constraint', 'alembic.util.sqla_compat']",10
DevEval,Database/alembic,14,15,6,0.5,0.3333333333333333,"['alembic.operations.ops.AddConstraintOp', 'alembic.operations.ops.AddConstraintOp.from_constraint', 'alembic.util.sqla_compat']",15
DevEval,Database/alembic,14,20,6,0.5,0.3333333333333333,"['alembic.operations.ops.AddConstraintOp', 'alembic.operations.ops.AddConstraintOp.from_constraint', 'alembic.util.sqla_compat']",20
DevEval,Database/alembic,15,10,1,0.0,0.0,[],10
DevEval,Database/alembic,15,15,1,0.0,0.0,[],15
DevEval,Database/alembic,15,20,1,0.0,0.0,[],20
DevEval,Database/alembic,16,10,4,0.5,0.5,"['alembic.autogenerate.api.produce_migrations', 'alembic.operations.ops.OpContainer.as_diffs']",10
DevEval,Database/alembic,16,15,4,0.5,0.5,"['alembic.autogenerate.api.produce_migrations', 'alembic.operations.ops.OpContainer.as_diffs']",15
DevEval,Database/alembic,16,20,4,0.5,0.5,"['alembic.autogenerate.api.produce_migrations', 'alembic.operations.ops.OpContainer.as_diffs']",20
DevEval,Database/alembic,17,10,2,1.0,0.5,"['alembic.config.Config.config_file_name', 'alembic.testing.env._testing_config']",10
DevEval,Database/alembic,17,15,2,1.0,0.5,"['alembic.config.Config.config_file_name', 'alembic.testing.env._testing_config']",15
DevEval,Database/alembic,17,20,2,1.0,0.5,"['alembic.config.Config.config_file_name', 'alembic.testing.env._testing_config']",20
DevEval,Database/alembic,18,10,3,0.3333333333333333,0.3333333333333333,['alembic.operations.ops.CreateIndexOp.__init__'],10
DevEval,Database/alembic,18,15,3,0.3333333333333333,0.3333333333333333,['alembic.operations.ops.CreateIndexOp.__init__'],15
DevEval,Database/alembic,18,20,3,0.3333333333333333,0.3333333333333333,['alembic.operations.ops.CreateIndexOp.__init__'],20
DevEval,Database/alembic,19,10,4,0.5,0.5,"['alembic.script.revision.Revision._versioned_down_revisions', 'alembic.script.revision.RevisionMap._revision_map']",10
DevEval,Database/alembic,19,15,4,0.5,0.5,"['alembic.script.revision.Revision._versioned_down_revisions', 'alembic.script.revision.RevisionMap._revision_map']",15
DevEval,Database/alembic,19,20,4,0.5,0.5,"['alembic.script.revision.Revision._versioned_down_revisions', 'alembic.script.revision.RevisionMap._revision_map']",20
DevEval,Database/alembic,20,10,10,0.2,0.1,"['alembic.operations.schemaobj', 'alembic.operations.schemaobj.SchemaObjects.index']",10
DevEval,Database/alembic,20,15,10,0.2,0.1,"['alembic.operations.schemaobj', 'alembic.operations.schemaobj.SchemaObjects.index']",15
DevEval,Database/alembic,20,20,10,0.2,0.1,"['alembic.operations.schemaobj', 'alembic.operations.schemaobj.SchemaObjects.index']",20
DevEval,Database/alembic,21,10,3,0.0,0.0,[],10
DevEval,Database/alembic,21,15,3,0.0,0.0,[],15
DevEval,Database/alembic,21,20,3,0.0,0.0,[],20
DevEval,Database/alembic,22,10,10,0.0,0.0,[],10
DevEval,Database/alembic,22,15,10,0.0,0.0,[],15
DevEval,Database/alembic,22,20,10,0.0,0.0,[],19
DevEval,Database/alembic,23,10,11,0.0,0.0,[],10
DevEval,Database/alembic,23,15,11,0.0,0.0,[],15
DevEval,Database/alembic,23,20,11,0.0,0.0,[],20
DevEval,Database/alembic,24,10,4,0.5,0.25,"['alembic.util', 'alembic.util.messaging.write_outstream']",10
DevEval,Database/alembic,24,15,4,0.5,0.25,"['alembic.util', 'alembic.util.messaging.write_outstream']",15
DevEval,Database/alembic,24,20,4,0.5,0.25,"['alembic.util', 'alembic.util.messaging.write_outstream']",20
DevEval,Database/alembic,25,10,2,1.0,1.0,"['alembic.testing.env._get_staging_directory', 'alembic.testing.env._write_config_file']",10
DevEval,Database/alembic,25,15,2,1.0,1.0,"['alembic.testing.env._get_staging_directory', 'alembic.testing.env._write_config_file']",15
DevEval,Database/alembic,25,20,2,1.0,1.0,"['alembic.testing.env._get_staging_directory', 'alembic.testing.env._write_config_file']",20
DevEval,Database/alembic,26,10,5,0.0,0.0,[],10
DevEval,Database/alembic,26,15,5,0.0,0.0,[],15
DevEval,Database/alembic,26,20,5,0.0,0.0,[],20
DevEval,Database/alembic,27,10,3,0.3333333333333333,0.0,['alembic.util'],10
DevEval,Database/alembic,27,15,3,0.3333333333333333,0.0,['alembic.util'],15
DevEval,Database/alembic,27,20,3,0.3333333333333333,0.0,['alembic.util'],20
DevEval,Database/alembic,28,10,4,0.75,0.25,"['alembic.script.revision.RevisionMap._resolve_revision_number', 'alembic.script.revision._GetRevArg', 'alembic.script.revision._RevisionOrBase']",10
DevEval,Database/alembic,28,15,4,0.75,0.25,"['alembic.script.revision.RevisionMap._resolve_revision_number', 'alembic.script.revision._GetRevArg', 'alembic.script.revision._RevisionOrBase']",15
DevEval,Database/alembic,28,20,4,0.75,0.25,"['alembic.script.revision.RevisionMap._resolve_revision_number', 'alembic.script.revision._GetRevArg', 'alembic.script.revision._RevisionOrBase']",20
DevEval,Database/alembic,29,10,3,0.3333333333333333,0.3333333333333333,['alembic.autogenerate.render._user_defined_render'],10
DevEval,Database/alembic,29,15,3,0.3333333333333333,0.3333333333333333,['alembic.autogenerate.render._user_defined_render'],15
DevEval,Database/alembic,29,20,3,0.3333333333333333,0.3333333333333333,['alembic.autogenerate.render._user_defined_render'],17
DevEval,Database/alembic,30,10,13,0.15384615384615385,0.07692307692307693,"['alembic.operations.schemaobj', 'alembic.operations.schemaobj.SchemaObjects.table']",10
DevEval,Database/alembic,30,15,13,0.15384615384615385,0.07692307692307693,"['alembic.operations.schemaobj', 'alembic.operations.schemaobj.SchemaObjects.table']",15
DevEval,Database/alembic,30,20,13,0.15384615384615385,0.07692307692307693,"['alembic.operations.schemaobj', 'alembic.operations.schemaobj.SchemaObjects.table']",20
DevEval,Database/alembic,31,10,1,0.0,0.0,[],10
DevEval,Database/alembic,31,15,1,0.0,0.0,[],15
DevEval,Database/alembic,31,20,1,0.0,0.0,[],16
DevEval,Database/alembic,32,10,5,0.8,0.8,"['alembic.autogenerate.render._render_gen_name', 'alembic.autogenerate.render._render_potential_expr', 'alembic.autogenerate.render._sqlalchemy_autogenerate_prefix', 'alembic.autogenerate.render._user_defined_render']",10
DevEval,Database/alembic,32,15,5,0.8,0.8,"['alembic.autogenerate.render._render_gen_name', 'alembic.autogenerate.render._render_potential_expr', 'alembic.autogenerate.render._sqlalchemy_autogenerate_prefix', 'alembic.autogenerate.render._user_defined_render']",15
DevEval,Database/alembic,32,20,5,0.8,0.8,"['alembic.autogenerate.render._render_gen_name', 'alembic.autogenerate.render._render_potential_expr', 'alembic.autogenerate.render._sqlalchemy_autogenerate_prefix', 'alembic.autogenerate.render._user_defined_render']",20
DevEval,Database/alembic,33,10,1,0.0,0.0,[],10
DevEval,Database/alembic,33,15,1,0.0,0.0,[],15
DevEval,Database/alembic,33,20,1,0.0,0.0,[],19
DevEval,Database/alembic,34,10,6,0.5,0.3333333333333333,"['alembic.operations.ops.AddColumnOp', 'alembic.operations.ops.AddColumnOp.column', 'alembic.operations.ops.AddColumnOp.from_column_and_tablename']",10
DevEval,Database/alembic,34,15,6,0.5,0.3333333333333333,"['alembic.operations.ops.AddColumnOp', 'alembic.operations.ops.AddColumnOp.column', 'alembic.operations.ops.AddColumnOp.from_column_and_tablename']",15
DevEval,Database/alembic,34,20,6,0.5,0.3333333333333333,"['alembic.operations.ops.AddColumnOp', 'alembic.operations.ops.AddColumnOp.column', 'alembic.operations.ops.AddColumnOp.from_column_and_tablename']",20
DevEval,Database/alembic,35,10,5,0.2,0.2,['alembic.testing.env.write_script'],10
DevEval,Database/alembic,35,15,5,0.2,0.2,['alembic.testing.env.write_script'],15
DevEval,Database/alembic,35,20,5,0.2,0.2,['alembic.testing.env.write_script'],20
DevEval,Database/alembic,36,10,3,0.6666666666666666,0.0,"['alembic.script.write_hooks._registry', 'alembic.util']",10
DevEval,Database/alembic,36,15,3,0.6666666666666666,0.0,"['alembic.script.write_hooks._registry', 'alembic.util']",11
DevEval,Database/alembic,36,20,3,0.6666666666666666,0.0,"['alembic.script.write_hooks._registry', 'alembic.util']",11
DevEval,Database/alembic,37,10,1,0.0,0.0,[],10
DevEval,Database/alembic,37,15,1,0.0,0.0,[],15
DevEval,Database/alembic,37,20,1,0.0,0.0,[],17
DevEval,Database/alembic,38,10,9,0.2222222222222222,0.1111111111111111,"['alembic.operations.schemaobj', 'alembic.operations.schemaobj.SchemaObjects.primary_key_constraint']",10
DevEval,Database/alembic,38,15,9,0.2222222222222222,0.1111111111111111,"['alembic.operations.schemaobj', 'alembic.operations.schemaobj.SchemaObjects.primary_key_constraint']",15
DevEval,Database/alembic,38,20,9,0.3333333333333333,0.2222222222222222,"['alembic.operations.schemaobj', 'alembic.operations.schemaobj.SchemaObjects', 'alembic.operations.schemaobj.SchemaObjects.primary_key_constraint']",20
DevEval,Database/alembic,39,10,5,0.2,0.0,['alembic.util'],10
DevEval,Database/alembic,39,15,5,0.2,0.0,['alembic.util'],12
DevEval,Database/alembic,39,20,5,0.2,0.0,['alembic.util'],12
DevEval,Database/alembic,40,10,19,0.05263157894736842,0.05263157894736842,['alembic.script.revision.RevisionMap._revision_map'],10
DevEval,Database/alembic,40,15,19,0.15789473684210525,0.15789473684210525,"['alembic.script.revision.Revision', 'alembic.script.revision.RevisionMap._revision_map', 'alembic.script.revision.RevisionMap.bases']",15
DevEval,Database/alembic,40,20,19,0.3157894736842105,0.3157894736842105,"['alembic.script.revision.Revision', 'alembic.script.revision.RevisionMap._add_branches', 'alembic.script.revision.RevisionMap._normalize_depends_on', 'alembic.script.revision.RevisionMap._real_heads', 'alembic.script.revision.RevisionMap._revision_map', 'alembic.script.revision.RevisionMap.bases']",20
DevEval,Database/alembic,41,10,6,0.0,0.0,[],10
DevEval,Database/alembic,41,15,6,0.16666666666666666,0.16666666666666666,['alembic.script.revision.RevisionMap.get_revision'],15
DevEval,Database/alembic,41,20,6,0.3333333333333333,0.16666666666666666,"['alembic.script.revision.RevisionMap.get_revision', 'alembic.script.revision._RevisionIdentifierType']",20
DevEval,Database/alembic,42,10,6,0.16666666666666666,0.0,['alembic.util'],10
DevEval,Database/alembic,42,15,6,0.16666666666666666,0.0,['alembic.util'],15
DevEval,Database/alembic,42,20,6,0.16666666666666666,0.0,['alembic.util'],20
DevEval,Database/alembic,43,10,1,1.0,0.0,['alembic.util.sqla_compat.sqla_14'],10
DevEval,Database/alembic,43,15,1,1.0,0.0,['alembic.util.sqla_compat.sqla_14'],15
DevEval,Database/alembic,43,20,1,1.0,0.0,['alembic.util.sqla_compat.sqla_14'],20
DevEval,Database/alembic,44,10,5,0.2,0.0,['alembic.script.revision.Revision.down_revision'],10
DevEval,Database/alembic,44,15,5,0.2,0.0,['alembic.script.revision.Revision.down_revision'],15
DevEval,Database/alembic,44,20,5,0.2,0.0,['alembic.script.revision.Revision.down_revision'],20
DevEval,Database/alembic,45,10,8,0.375,0.375,"['alembic.autogenerate.render._render_identity', 'alembic.autogenerate.render._render_potential_expr', 'alembic.autogenerate.render._user_defined_render']",10
DevEval,Database/alembic,45,15,8,0.5,0.5,"['alembic.autogenerate.render._render_computed', 'alembic.autogenerate.render._render_identity', 'alembic.autogenerate.render._render_potential_expr', 'alembic.autogenerate.render._user_defined_render']",15
DevEval,Database/alembic,45,20,8,0.5,0.5,"['alembic.autogenerate.render._render_computed', 'alembic.autogenerate.render._render_identity', 'alembic.autogenerate.render._render_potential_expr', 'alembic.autogenerate.render._user_defined_render']",20
DevEval,Database/alembic,46,10,5,0.2,0.2,['alembic.operations.ops.DropColumnOp.from_column_and_tablename'],10
DevEval,Database/alembic,46,15,5,0.4,0.4,"['alembic.operations.ops.DropColumnOp', 'alembic.operations.ops.DropColumnOp.from_column_and_tablename']",15
DevEval,Database/alembic,46,20,5,0.4,0.4,"['alembic.operations.ops.DropColumnOp', 'alembic.operations.ops.DropColumnOp.from_column_and_tablename']",20
DevEval,Database/alembic,47,10,8,0.125,0.0,['alembic.script.revision._RevIdType'],10
DevEval,Database/alembic,47,15,8,0.125,0.0,['alembic.script.revision._RevIdType'],13
DevEval,Database/alembic,47,20,8,0.125,0.0,['alembic.script.revision._RevIdType'],13
DevEval,Database/alembic,48,10,3,0.6666666666666666,0.6666666666666666,"['alembic.operations.ops.CreateIndexOp', 'alembic.operations.ops.CreateIndexOp.from_index']",10
DevEval,Database/alembic,48,15,3,0.6666666666666666,0.6666666666666666,"['alembic.operations.ops.CreateIndexOp', 'alembic.operations.ops.CreateIndexOp.from_index']",15
DevEval,Database/alembic,48,20,3,0.6666666666666666,0.6666666666666666,"['alembic.operations.ops.CreateIndexOp', 'alembic.operations.ops.CreateIndexOp.from_index']",19
DevEval,Database/alembic,49,10,2,0.0,0.0,[],10
DevEval,Database/alembic,49,15,2,0.0,0.0,[],15
DevEval,Database/alembic,49,20,2,0.5,0.5,['alembic.script.revision.RevisionMap._resolve_revision_number'],20
DevEval,Database/alembic,50,10,1,1.0,1.0,['alembic.config.Config.file_config'],10
DevEval,Database/alembic,50,15,1,1.0,1.0,['alembic.config.Config.file_config'],13
DevEval,Database/alembic,50,20,1,1.0,1.0,['alembic.config.Config.file_config'],13
DevEval,Database/alembic,51,10,2,0.5,0.5,['alembic.script.revision.RevisionMap._revision_map'],10
DevEval,Database/alembic,51,15,2,0.5,0.5,['alembic.script.revision.RevisionMap._revision_map'],15
DevEval,Database/alembic,51,20,2,0.5,0.5,['alembic.script.revision.RevisionMap._revision_map'],20
DevEval,Database/asyncpg,1,10,1,0.0,0.0,[],9
DevEval,Database/asyncpg,1,15,1,0.0,0.0,[],9
DevEval,Database/asyncpg,1,20,1,0.0,0.0,[],9
DevEval,Database/awesome-autodl,1,10,1,1.0,1.0,['awesome_autodl.autodl_topic2path'],10
DevEval,Database/awesome-autodl,1,15,1,1.0,1.0,['awesome_autodl.autodl_topic2path'],15
DevEval,Database/awesome-autodl,1,20,1,1.0,1.0,['awesome_autodl.autodl_topic2path'],20
DevEval,Database/awesome-autodl,2,10,1,1.0,1.0,['awesome_autodl.get_bib_abbrv_file'],10
DevEval,Database/awesome-autodl,2,15,1,1.0,1.0,['awesome_autodl.get_bib_abbrv_file'],15
DevEval,Database/awesome-autodl,2,20,1,1.0,1.0,['awesome_autodl.get_bib_abbrv_file'],16
DevEval,Database/bplustree,6,10,9,0.8888888888888888,0.2222222222222222,"['bplustree.memory.WAL._committed_pages', 'bplustree.memory.WAL._dir_fd', 'bplustree.memory.WAL._fd', 'bplustree.memory.WAL._not_committed_pages', 'bplustree.memory.WAL._page_size', 'bplustree.memory.fsync_file_and_dir', 'bplustree.memory.logger', 'bplustree.memory.read_from_file']",10
DevEval,Database/bplustree,6,15,9,0.8888888888888888,0.2222222222222222,"['bplustree.memory.WAL._committed_pages', 'bplustree.memory.WAL._dir_fd', 'bplustree.memory.WAL._fd', 'bplustree.memory.WAL._not_committed_pages', 'bplustree.memory.WAL._page_size', 'bplustree.memory.fsync_file_and_dir', 'bplustree.memory.logger', 'bplustree.memory.read_from_file']",15
DevEval,Database/bplustree,6,20,9,0.8888888888888888,0.2222222222222222,"['bplustree.memory.WAL._committed_pages', 'bplustree.memory.WAL._dir_fd', 'bplustree.memory.WAL._fd', 'bplustree.memory.WAL._not_committed_pages', 'bplustree.memory.WAL._page_size', 'bplustree.memory.fsync_file_and_dir', 'bplustree.memory.logger', 'bplustree.memory.read_from_file']",20
DevEval,Database/bplustree,7,10,8,0.25,0.125,"['bplustree.memory.FileMemory._read_page', 'bplustree.memory.FileMemory._tree_conf']",10
DevEval,Database/bplustree,7,15,8,0.25,0.125,"['bplustree.memory.FileMemory._read_page', 'bplustree.memory.FileMemory._tree_conf']",15
DevEval,Database/bplustree,7,20,8,0.625,0.25,"['bplustree.memory.FileMemory._cache', 'bplustree.memory.FileMemory._read_page', 'bplustree.memory.FileMemory._tree_conf', 'bplustree.memory.FileMemory._wal', 'bplustree.memory.WAL.get_page']",20
DevEval,Database/bplustree,8,10,1,0.0,0.0,[],10
DevEval,Database/bplustree,8,15,1,0.0,0.0,[],15
DevEval,Database/bplustree,8,20,1,1.0,0.0,['bplustree.memory.FileMemory.last_page'],20
DevEval,Database/bplustree,9,10,7,0.14285714285714285,0.0,['bplustree.node.Node.entries'],10
DevEval,Database/bplustree,9,15,7,0.14285714285714285,0.0,['bplustree.node.Node.entries'],15
DevEval,Database/bplustree,9,20,7,0.14285714285714285,0.0,['bplustree.node.Node.entries'],20
DevEval,Database/bplustree,10,10,6,0.6666666666666666,0.5,"['bplustree.memory.FileMemory.get_node', 'bplustree.node.Node.smallest_entry', 'bplustree.tree.BPlusTree._mem', 'bplustree.tree.BPlusTree._root_node']",10
DevEval,Database/bplustree,10,15,6,0.6666666666666666,0.5,"['bplustree.memory.FileMemory.get_node', 'bplustree.node.Node.smallest_entry', 'bplustree.tree.BPlusTree._mem', 'bplustree.tree.BPlusTree._root_node']",15
DevEval,Database/bplustree,10,20,6,0.6666666666666666,0.5,"['bplustree.memory.FileMemory.get_node', 'bplustree.node.Node.smallest_entry', 'bplustree.tree.BPlusTree._mem', 'bplustree.tree.BPlusTree._root_node']",20
DevEval,Database/bplustree,11,10,11,0.45454545454545453,0.36363636363636365,"['bplustree.const.TreeConf', 'bplustree.node.InternalNode.__init__', 'bplustree.node.LeafNode.__init__', 'bplustree.node.LonelyRootNode.__init__', 'bplustree.node.RootNode.__init__']",10
DevEval,Database/bplustree,11,15,11,0.5454545454545454,0.45454545454545453,"['bplustree.const.TreeConf', 'bplustree.node.InternalNode.__init__', 'bplustree.node.LeafNode', 'bplustree.node.LeafNode.__init__', 'bplustree.node.LonelyRootNode.__init__', 'bplustree.node.RootNode.__init__']",15
DevEval,Database/bplustree,11,20,11,0.7272727272727273,0.6363636363636364,"['bplustree.const.TreeConf', 'bplustree.node.InternalNode', 'bplustree.node.InternalNode.__init__', 'bplustree.node.LeafNode', 'bplustree.node.LeafNode.__init__', 'bplustree.node.LonelyRootNode', 'bplustree.node.LonelyRootNode.__init__', 'bplustree.node.RootNode.__init__']",20
DevEval,Database/bplustree,12,10,3,1.0,0.0,"['bplustree.entry.Reference.after', 'bplustree.entry.Reference.before', 'bplustree.entry.Reference.key']",10
DevEval,Database/bplustree,12,15,3,1.0,0.0,"['bplustree.entry.Reference.after', 'bplustree.entry.Reference.before', 'bplustree.entry.Reference.key']",15
DevEval,Database/bplustree,12,20,3,1.0,0.0,"['bplustree.entry.Reference.after', 'bplustree.entry.Reference.before', 'bplustree.entry.Reference.key']",20
DevEval,Database/bplustree,13,10,8,0.375,0.125,"['bplustree.const.TreeConf', 'bplustree.memory.FileMemory._read_page', 'bplustree.memory.FileMemory._tree_conf']",10
DevEval,Database/bplustree,13,15,8,0.375,0.125,"['bplustree.const.TreeConf', 'bplustree.memory.FileMemory._read_page', 'bplustree.memory.FileMemory._tree_conf']",15
DevEval,Database/bplustree,13,20,8,0.375,0.125,"['bplustree.const.TreeConf', 'bplustree.memory.FileMemory._read_page', 'bplustree.memory.FileMemory._tree_conf']",20
DevEval,Database/bplustree,14,10,6,0.3333333333333333,0.0,"['bplustree.const.TreeConf', 'bplustree.memory.FileMemory._tree_conf']",10
DevEval,Database/bplustree,14,15,6,0.3333333333333333,0.0,"['bplustree.const.TreeConf', 'bplustree.memory.FileMemory._tree_conf']",15
DevEval,Database/bplustree,14,20,6,0.3333333333333333,0.0,"['bplustree.const.TreeConf', 'bplustree.memory.FileMemory._tree_conf']",20
DevEval,Database/bplustree,15,10,9,0.6666666666666666,0.1111111111111111,"['bplustree.entry.Record._tree_conf', 'bplustree.entry.Record.key', 'bplustree.entry.Record.overflow_page', 'bplustree.entry.Record.value', 'bplustree.serializer', 'bplustree.serializer.Serializer.serialize']",10
DevEval,Database/bplustree,15,15,9,0.6666666666666666,0.1111111111111111,"['bplustree.entry.Record._tree_conf', 'bplustree.entry.Record.key', 'bplustree.entry.Record.overflow_page', 'bplustree.entry.Record.value', 'bplustree.serializer', 'bplustree.serializer.Serializer.serialize']",15
DevEval,Database/bplustree,15,20,9,0.6666666666666666,0.1111111111111111,"['bplustree.entry.Record._tree_conf', 'bplustree.entry.Record.key', 'bplustree.entry.Record.overflow_page', 'bplustree.entry.Record.value', 'bplustree.serializer', 'bplustree.serializer.Serializer.serialize']",20
DevEval,Database/bplustree,16,10,4,0.5,0.25,"['bplustree.memory.WAL._add_frame', 'bplustree.memory.WAL._not_committed_pages']",10
DevEval,Database/bplustree,16,15,4,0.5,0.25,"['bplustree.memory.WAL._add_frame', 'bplustree.memory.WAL._not_committed_pages']",15
DevEval,Database/bplustree,16,20,4,0.5,0.25,"['bplustree.memory.WAL._add_frame', 'bplustree.memory.WAL._not_committed_pages']",20
DevEval,Database/bplustree,17,10,4,0.5,0.25,"['bplustree.memory.WAL._add_frame', 'bplustree.memory.WAL._not_committed_pages']",10
DevEval,Database/bplustree,17,15,4,0.5,0.25,"['bplustree.memory.WAL._add_frame', 'bplustree.memory.WAL._not_committed_pages']",15
DevEval,Database/bplustree,17,20,4,0.5,0.25,"['bplustree.memory.WAL._add_frame', 'bplustree.memory.WAL._not_committed_pages']",20
DevEval,Database/bplustree,18,10,3,0.3333333333333333,0.0,['bplustree.node.Node.entries'],10
DevEval,Database/bplustree,18,15,3,0.3333333333333333,0.0,['bplustree.node.Node.entries'],15
DevEval,Database/bplustree,18,20,3,0.3333333333333333,0.0,['bplustree.node.Node.entries'],20
DevEval,Database/bplustree,19,10,5,0.4,0.2,"['bplustree.memory.FileMemory.get_node', 'bplustree.tree.BPlusTree._mem']",10
DevEval,Database/bplustree,19,15,5,0.4,0.2,"['bplustree.memory.FileMemory.get_node', 'bplustree.tree.BPlusTree._mem']",15
DevEval,Database/bplustree,19,20,5,0.4,0.2,"['bplustree.memory.FileMemory.get_node', 'bplustree.tree.BPlusTree._mem']",20
DevEval,Database/csvs-to-sqlite,2,10,3,1.0,1.0,"['csvs_to_sqlite.utils.LookupTable', 'csvs_to_sqlite.utils.LookupTable.__init__', 'csvs_to_sqlite.utils.LookupTable.id_for_value']",10
DevEval,Database/csvs-to-sqlite,2,15,3,1.0,1.0,"['csvs_to_sqlite.utils.LookupTable', 'csvs_to_sqlite.utils.LookupTable.__init__', 'csvs_to_sqlite.utils.LookupTable.id_for_value']",15
DevEval,Database/csvs-to-sqlite,2,20,3,1.0,1.0,"['csvs_to_sqlite.utils.LookupTable', 'csvs_to_sqlite.utils.LookupTable.__init__', 'csvs_to_sqlite.utils.LookupTable.id_for_value']",20
DevEval,Database/datasette,12,10,18,0.3888888888888889,0.2222222222222222,"['datasette.app.Datasette.absolute_url', 'datasette.app.Datasette.setting', 'datasette.facets.Facet.database', 'datasette.facets.Facet.ds', 'datasette.facets.Facet.get_configs', 'datasette.facets.Facet.get_facet_size', 'datasette.facets.Facet.request']",10
DevEval,Database/datasette,12,15,18,0.5555555555555556,0.2777777777777778,"['datasette.app.Datasette.absolute_url', 'datasette.app.Datasette.setting', 'datasette.facets.Facet.database', 'datasette.facets.Facet.ds', 'datasette.facets.Facet.get_configs', 'datasette.facets.Facet.get_facet_size', 'datasette.facets.Facet.get_querystring_pairs', 'datasette.facets.Facet.params', 'datasette.facets.Facet.request', 'datasette.facets.Facet.sql']",15
DevEval,Database/datasette,12,20,18,0.5555555555555556,0.2777777777777778,"['datasette.app.Datasette.absolute_url', 'datasette.app.Datasette.setting', 'datasette.facets.Facet.database', 'datasette.facets.Facet.ds', 'datasette.facets.Facet.get_configs', 'datasette.facets.Facet.get_facet_size', 'datasette.facets.Facet.get_querystring_pairs', 'datasette.facets.Facet.params', 'datasette.facets.Facet.request', 'datasette.facets.Facet.sql']",20
DevEval,Database/datasette,13,10,2,0.5,0.0,['datasette.plugins.DEFAULT_PLUGINS'],10
DevEval,Database/datasette,13,15,2,0.5,0.0,['datasette.plugins.DEFAULT_PLUGINS'],15
DevEval,Database/datasette,13,20,2,0.5,0.0,['datasette.plugins.DEFAULT_PLUGINS'],19
DevEval,Database/datasette,14,10,2,0.5,0.5,['datasette.app.Datasette.ensure_permissions'],10
DevEval,Database/datasette,14,15,2,0.5,0.5,['datasette.app.Datasette.ensure_permissions'],15
DevEval,Database/datasette,14,20,2,0.5,0.5,['datasette.app.Datasette.ensure_permissions'],20
DevEval,Database/datasette,15,10,1,0.0,0.0,[],10
DevEval,Database/datasette,15,15,1,0.0,0.0,[],15
DevEval,Database/datasette,15,20,1,0.0,0.0,[],20
DevEval,Database/datasette,16,10,1,0.0,0.0,[],10
DevEval,Database/datasette,16,15,1,0.0,0.0,[],15
DevEval,Database/datasette,16,20,1,0.0,0.0,[],20
DevEval,Database/datasette,17,10,17,0.47058823529411764,0.29411764705882354,"['datasette.app.Datasette.absolute_url', 'datasette.app.Datasette.setting', 'datasette.facets.Facet.database', 'datasette.facets.Facet.ds', 'datasette.facets.Facet.get_columns', 'datasette.facets.Facet.get_configs', 'datasette.facets.Facet.get_facet_size', 'datasette.facets.Facet.request']",10
DevEval,Database/datasette,17,15,17,0.47058823529411764,0.29411764705882354,"['datasette.app.Datasette.absolute_url', 'datasette.app.Datasette.setting', 'datasette.facets.Facet.database', 'datasette.facets.Facet.ds', 'datasette.facets.Facet.get_columns', 'datasette.facets.Facet.get_configs', 'datasette.facets.Facet.get_facet_size', 'datasette.facets.Facet.request']",15
DevEval,Database/datasette,17,20,17,0.47058823529411764,0.29411764705882354,"['datasette.app.Datasette.absolute_url', 'datasette.app.Datasette.setting', 'datasette.facets.Facet.database', 'datasette.facets.Facet.ds', 'datasette.facets.Facet.get_columns', 'datasette.facets.Facet.get_configs', 'datasette.facets.Facet.get_facet_size', 'datasette.facets.Facet.request']",20
DevEval,Database/datasette,18,10,5,0.0,0.0,[],10
DevEval,Database/datasette,18,15,5,0.0,0.0,[],15
DevEval,Database/datasette,18,20,5,0.0,0.0,[],20
DevEval,Database/datasette,19,10,2,0.0,0.0,[],10
DevEval,Database/datasette,19,15,2,0.0,0.0,[],15
DevEval,Database/datasette,19,20,2,0.0,0.0,[],20
DevEval,Database/datasette,20,10,2,0.5,0.5,['datasette.database.Database.suggest_name'],10
DevEval,Database/datasette,20,15,2,0.5,0.5,['datasette.database.Database.suggest_name'],15
DevEval,Database/datasette,20,20,2,0.5,0.5,['datasette.database.Database.suggest_name'],20
DevEval,Database/datasette,21,10,14,0.35714285714285715,0.2857142857142857,"['datasette.app.Datasette._asset_urls', 'datasette.app.Datasette.app_css_hash', 'datasette.app.Datasette.urls', 'datasette.plugins.pm', 'datasette.utils.asgi.Request.actor']",10
DevEval,Database/datasette,21,15,14,0.35714285714285715,0.2857142857142857,"['datasette.app.Datasette._asset_urls', 'datasette.app.Datasette.app_css_hash', 'datasette.app.Datasette.urls', 'datasette.plugins.pm', 'datasette.utils.asgi.Request.actor']",15
DevEval,Database/datasette,21,20,14,0.42857142857142855,0.35714285714285715,"['datasette.app.Datasette._asset_urls', 'datasette.app.Datasette.app_css_hash', 'datasette.app.Datasette.setting', 'datasette.app.Datasette.urls', 'datasette.plugins.pm', 'datasette.utils.asgi.Request.actor']",20
DevEval,Database/datasette,22,10,3,0.0,0.0,[],10
DevEval,Database/datasette,22,15,3,0.0,0.0,[],15
DevEval,Database/datasette,22,20,3,0.0,0.0,[],20
DevEval,Database/datasette,23,10,15,0.4666666666666667,0.26666666666666666,"['datasette.app.Datasette.absolute_url', 'datasette.app.Datasette.setting', 'datasette.facets.Facet.database', 'datasette.facets.Facet.ds', 'datasette.facets.Facet.get_columns', 'datasette.facets.Facet.get_configs', 'datasette.facets.Facet.request']",10
DevEval,Database/datasette,23,15,15,0.6,0.26666666666666666,"['datasette.app.Datasette.absolute_url', 'datasette.app.Datasette.setting', 'datasette.facets.Facet.database', 'datasette.facets.Facet.ds', 'datasette.facets.Facet.get_columns', 'datasette.facets.Facet.get_configs', 'datasette.facets.Facet.params', 'datasette.facets.Facet.request', 'datasette.facets.Facet.sql']",15
DevEval,Database/datasette,23,20,15,0.6,0.26666666666666666,"['datasette.app.Datasette.absolute_url', 'datasette.app.Datasette.setting', 'datasette.facets.Facet.database', 'datasette.facets.Facet.ds', 'datasette.facets.Facet.get_columns', 'datasette.facets.Facet.get_configs', 'datasette.facets.Facet.params', 'datasette.facets.Facet.request', 'datasette.facets.Facet.sql']",20
DevEval,Database/datasette,24,10,2,0.5,0.5,['datasette.app.Datasette.permission_allowed'],10
DevEval,Database/datasette,24,15,2,0.5,0.5,['datasette.app.Datasette.permission_allowed'],15
DevEval,Database/datasette,24,20,2,0.5,0.5,['datasette.app.Datasette.permission_allowed'],20
DevEval,Database/datasette,25,10,1,0.0,0.0,[],10
DevEval,Database/datasette,25,15,1,0.0,0.0,[],15
DevEval,Database/datasette,25,20,1,0.0,0.0,[],20
DevEval,Database/datasette,26,10,1,1.0,1.0,['datasette.utils._gather_arguments'],10
DevEval,Database/datasette,26,15,1,1.0,1.0,['datasette.utils._gather_arguments'],15
DevEval,Database/datasette,26,20,1,1.0,1.0,['datasette.utils._gather_arguments'],20
DevEval,Database/datasette,27,10,1,0.0,0.0,[],10
DevEval,Database/datasette,27,15,1,0.0,0.0,[],15
DevEval,Database/datasette,27,20,1,0.0,0.0,[],20
DevEval,Database/datasette,28,10,1,0.0,0.0,[],10
DevEval,Database/datasette,28,15,1,0.0,0.0,[],15
DevEval,Database/datasette,28,20,1,0.0,0.0,[],20
DevEval,Database/datasette,29,10,4,0.25,0.0,['datasette.plugins.pm'],10
DevEval,Database/datasette,29,15,4,0.25,0.0,['datasette.plugins.pm'],15
DevEval,Database/datasette,29,20,4,0.25,0.0,['datasette.plugins.pm'],20
DevEval,Database/datasette,30,10,1,0.0,0.0,[],10
DevEval,Database/datasette,30,15,1,0.0,0.0,[],15
DevEval,Database/datasette,30,20,1,0.0,0.0,[],20
DevEval,Database/datasette,31,10,20,0.45,0.25,"['datasette.app.Datasette.absolute_url', 'datasette.app.Datasette.setting', 'datasette.facets.Facet.database', 'datasette.facets.Facet.ds', 'datasette.facets.Facet.get_configs', 'datasette.facets.Facet.get_facet_size', 'datasette.facets.Facet.get_querystring_pairs', 'datasette.facets.Facet.request', 'datasette.facets.Facet.table']",10
DevEval,Database/datasette,31,15,20,0.55,0.25,"['datasette.app.Datasette.absolute_url', 'datasette.app.Datasette.setting', 'datasette.facets.Facet.database', 'datasette.facets.Facet.ds', 'datasette.facets.Facet.get_configs', 'datasette.facets.Facet.get_facet_size', 'datasette.facets.Facet.get_querystring_pairs', 'datasette.facets.Facet.params', 'datasette.facets.Facet.request', 'datasette.facets.Facet.sql', 'datasette.facets.Facet.table']",15
DevEval,Database/datasette,31,20,20,0.55,0.25,"['datasette.app.Datasette.absolute_url', 'datasette.app.Datasette.setting', 'datasette.facets.Facet.database', 'datasette.facets.Facet.ds', 'datasette.facets.Facet.get_configs', 'datasette.facets.Facet.get_facet_size', 'datasette.facets.Facet.get_querystring_pairs', 'datasette.facets.Facet.params', 'datasette.facets.Facet.request', 'datasette.facets.Facet.sql', 'datasette.facets.Facet.table']",20
DevEval,Database/datasette,32,10,2,1.0,1.0,"['datasette.utils.asgi.Request.path', 'datasette.utils.asgi.Request.query_string']",10
DevEval,Database/datasette,32,15,2,1.0,1.0,"['datasette.utils.asgi.Request.path', 'datasette.utils.asgi.Request.query_string']",15
DevEval,Database/datasette,32,20,2,1.0,1.0,"['datasette.utils.asgi.Request.path', 'datasette.utils.asgi.Request.query_string']",20
DevEval,Database/datasette,33,10,1,0.0,0.0,[],10
DevEval,Database/datasette,33,15,1,0.0,0.0,[],15
DevEval,Database/datasette,33,20,1,0.0,0.0,[],20
DevEval,Database/datasette,34,10,3,0.3333333333333333,0.3333333333333333,['datasette.utils.escape_sqlite'],10
DevEval,Database/datasette,34,15,3,0.3333333333333333,0.3333333333333333,['datasette.utils.escape_sqlite'],15
DevEval,Database/datasette,34,20,3,0.3333333333333333,0.3333333333333333,['datasette.utils.escape_sqlite'],20
DevEval,Database/datasette,35,10,2,1.0,0.5,"['datasette.app.DatasetteClient._fix', 'datasette.app.DatasetteClient.app']",10
DevEval,Database/datasette,35,15,2,1.0,0.5,"['datasette.app.DatasetteClient._fix', 'datasette.app.DatasetteClient.app']",15
DevEval,Database/datasette,35,20,2,1.0,0.5,"['datasette.app.DatasetteClient._fix', 'datasette.app.DatasetteClient.app']",20
DevEval,Database/datasette,36,10,1,0.0,0.0,[],10
DevEval,Database/datasette,36,15,1,0.0,0.0,[],15
DevEval,Database/datasette,36,20,1,0.0,0.0,[],20
DevEval,Database/datasette,37,10,1,0.0,0.0,[],10
DevEval,Database/datasette,37,15,1,0.0,0.0,[],15
DevEval,Database/datasette,37,20,1,0.0,0.0,[],20
DevEval,Database/datasette,38,10,1,0.0,0.0,[],10
DevEval,Database/datasette,38,15,1,0.0,0.0,[],15
DevEval,Database/datasette,38,20,1,1.0,0.0,['datasette.app.Datasette.databases'],20
DevEval,Database/datasette,39,10,2,0.0,0.0,[],10
DevEval,Database/datasette,39,15,2,0.0,0.0,[],15
DevEval,Database/datasette,39,20,2,0.0,0.0,[],20
DevEval,Database/datasette,40,10,2,0.0,0.0,[],10
DevEval,Database/datasette,40,15,2,0.0,0.0,[],15
DevEval,Database/datasette,40,20,2,0.0,0.0,[],20
DevEval,Database/datasette,41,10,1,0.0,0.0,[],10
DevEval,Database/datasette,41,15,1,0.0,0.0,[],15
DevEval,Database/datasette,41,20,1,0.0,0.0,[],20
DevEval,Database/datasette,42,10,16,0.5,0.3125,"['datasette.app.Datasette.absolute_url', 'datasette.app.Datasette.setting', 'datasette.facets.Facet.database', 'datasette.facets.Facet.ds', 'datasette.facets.Facet.get_configs', 'datasette.facets.Facet.get_facet_size', 'datasette.facets.Facet.get_querystring_pairs', 'datasette.facets.Facet.request']",10
DevEval,Database/datasette,42,15,16,0.625,0.3125,"['datasette.app.Datasette.absolute_url', 'datasette.app.Datasette.setting', 'datasette.facets.Facet.database', 'datasette.facets.Facet.ds', 'datasette.facets.Facet.get_configs', 'datasette.facets.Facet.get_facet_size', 'datasette.facets.Facet.get_querystring_pairs', 'datasette.facets.Facet.params', 'datasette.facets.Facet.request', 'datasette.facets.Facet.sql']",15
DevEval,Database/datasette,42,20,16,0.625,0.3125,"['datasette.app.Datasette.absolute_url', 'datasette.app.Datasette.setting', 'datasette.facets.Facet.database', 'datasette.facets.Facet.ds', 'datasette.facets.Facet.get_configs', 'datasette.facets.Facet.get_facet_size', 'datasette.facets.Facet.get_querystring_pairs', 'datasette.facets.Facet.params', 'datasette.facets.Facet.request', 'datasette.facets.Facet.sql']",20
DevEval,Database/happybase,3,10,1,0.0,0.0,[],10
DevEval,Database/happybase,3,15,1,0.0,0.0,[],15
DevEval,Database/happybase,3,20,1,0.0,0.0,[],20
DevEval,Database/litecli,2,10,1,1.0,1.0,['litecli.packages.parseutils.queries_start_with'],10
DevEval,Database/litecli,2,15,1,1.0,1.0,['litecli.packages.parseutils.queries_start_with'],15
DevEval,Database/litecli,2,20,1,1.0,1.0,['litecli.packages.parseutils.queries_start_with'],20
DevEval,Database/litecli,3,10,2,1.0,1.0,"['litecli.packages.parseutils.extract_from_part', 'litecli.packages.parseutils.extract_table_identifiers']",10
DevEval,Database/litecli,3,15,2,1.0,1.0,"['litecli.packages.parseutils.extract_from_part', 'litecli.packages.parseutils.extract_table_identifiers']",13
DevEval,Database/litecli,3,20,2,1.0,1.0,"['litecli.packages.parseutils.extract_from_part', 'litecli.packages.parseutils.extract_table_identifiers']",13
DevEval,Database/litecli,4,10,1,1.0,1.0,['litecli.packages.parseutils.query_starts_with'],10
DevEval,Database/litecli,4,15,1,1.0,1.0,['litecli.packages.parseutils.query_starts_with'],15
DevEval,Database/litecli,4,20,1,1.0,1.0,['litecli.packages.parseutils.query_starts_with'],20
DevEval,Database/litecli,5,10,4,0.75,0.75,"['litecli.packages.completion_engine.suggest_based_on_last_token', 'litecli.packages.completion_engine.suggest_special', 'litecli.packages.parseutils.last_word']",10
DevEval,Database/litecli,5,15,4,0.75,0.75,"['litecli.packages.completion_engine.suggest_based_on_last_token', 'litecli.packages.completion_engine.suggest_special', 'litecli.packages.parseutils.last_word']",15
DevEval,Database/litecli,5,20,4,0.75,0.75,"['litecli.packages.completion_engine.suggest_based_on_last_token', 'litecli.packages.completion_engine.suggest_special', 'litecli.packages.parseutils.last_word']",20
DevEval,Database/mongoengine,1,10,1,1.0,1.0,['mongoengine.base.datastructures.BaseDict.__getitem__'],10
DevEval,Database/mongoengine,1,15,1,1.0,1.0,['mongoengine.base.datastructures.BaseDict.__getitem__'],11
DevEval,Database/mongoengine,1,20,1,1.0,1.0,['mongoengine.base.datastructures.BaseDict.__getitem__'],11
DevEval,Database/mssql-cli,5,10,9,0.6666666666666666,0.2222222222222222,"['mssqlcli.packages.sqlcompletion.SqlStatement.__init__', 'mssqlcli.packages.sqlcompletion.SqlStatement.last_token', 'mssqlcli.packages.sqlcompletion.SqlStatement.parsed', 'mssqlcli.packages.sqlcompletion.SqlStatement.text_before_cursor', 'mssqlcli.packages.sqlcompletion.SqlStatement.word_before_cursor', 'mssqlcli.packages.sqlcompletion.suggest_based_on_last_token']",10
DevEval,Database/mssql-cli,5,15,9,0.7777777777777778,0.3333333333333333,"['mssqlcli.packages.sqlcompletion.SqlStatement', 'mssqlcli.packages.sqlcompletion.SqlStatement.__init__', 'mssqlcli.packages.sqlcompletion.SqlStatement.last_token', 'mssqlcli.packages.sqlcompletion.SqlStatement.parsed', 'mssqlcli.packages.sqlcompletion.SqlStatement.text_before_cursor', 'mssqlcli.packages.sqlcompletion.SqlStatement.word_before_cursor', 'mssqlcli.packages.sqlcompletion.suggest_based_on_last_token']",15
DevEval,Database/mssql-cli,5,20,9,0.7777777777777778,0.3333333333333333,"['mssqlcli.packages.sqlcompletion.SqlStatement', 'mssqlcli.packages.sqlcompletion.SqlStatement.__init__', 'mssqlcli.packages.sqlcompletion.SqlStatement.last_token', 'mssqlcli.packages.sqlcompletion.SqlStatement.parsed', 'mssqlcli.packages.sqlcompletion.SqlStatement.text_before_cursor', 'mssqlcli.packages.sqlcompletion.SqlStatement.word_before_cursor', 'mssqlcli.packages.sqlcompletion.suggest_based_on_last_token']",20
DevEval,Database/mssql-cli,6,10,2,1.0,1.0,"['mssqlcli.packages.parseutils.ctes.get_cte_from_token', 'mssqlcli.packages.parseutils.ctes.token_start_pos']",10
DevEval,Database/mssql-cli,6,15,2,1.0,1.0,"['mssqlcli.packages.parseutils.ctes.get_cte_from_token', 'mssqlcli.packages.parseutils.ctes.token_start_pos']",15
DevEval,Database/mssql-cli,6,20,2,1.0,1.0,"['mssqlcli.packages.parseutils.ctes.get_cte_from_token', 'mssqlcli.packages.parseutils.ctes.token_start_pos']",20
DevEval,Database/mssql-cli,7,10,2,1.0,1.0,"['mssqlcli.packages.parseutils.tables.extract_from_part', 'mssqlcli.packages.parseutils.tables.extract_table_identifiers']",10
DevEval,Database/mssql-cli,7,15,2,1.0,1.0,"['mssqlcli.packages.parseutils.tables.extract_from_part', 'mssqlcli.packages.parseutils.tables.extract_table_identifiers']",15
DevEval,Database/mssql-cli,7,20,2,1.0,1.0,"['mssqlcli.packages.parseutils.tables.extract_from_part', 'mssqlcli.packages.parseutils.tables.extract_table_identifiers']",15
DevEval,Database/mssql-cli,8,10,1,1.0,0.0,['mssqlcli.jsonrpc.jsonrpcclient.JsonRpcReader.stream'],10
DevEval,Database/mssql-cli,8,15,1,1.0,0.0,['mssqlcli.jsonrpc.jsonrpcclient.JsonRpcReader.stream'],15
DevEval,Database/mssql-cli,8,20,1,1.0,0.0,['mssqlcli.jsonrpc.jsonrpcclient.JsonRpcReader.stream'],20
DevEval,Database/mssql-cli,9,10,3,0.0,0.0,[],10
DevEval,Database/mssql-cli,9,15,3,0.0,0.0,[],15
DevEval,Database/mssql-cli,9,20,3,0.0,0.0,[],16
DevEval,Database/mssql-cli,10,10,11,0.7272727272727273,0.36363636363636365,"['mssqlcli.jsonrpc.jsonrpcclient.JsonRpcReader.needs_more_data', 'mssqlcli.jsonrpc.jsonrpcclient.JsonRpcReader.read_next_chunk', 'mssqlcli.jsonrpc.jsonrpcclient.JsonRpcReader.read_offset', 'mssqlcli.jsonrpc.jsonrpcclient.JsonRpcReader.read_state', 'mssqlcli.jsonrpc.jsonrpcclient.JsonRpcReader.trim_buffer_and_resize', 'mssqlcli.jsonrpc.jsonrpcclient.JsonRpcReader.try_read_content', 'mssqlcli.jsonrpc.jsonrpcclient.JsonRpcReader.try_read_headers', 'mssqlcli.jsonrpc.jsonrpcclient.logger']",10
DevEval,Database/mssql-cli,10,15,11,0.7272727272727273,0.36363636363636365,"['mssqlcli.jsonrpc.jsonrpcclient.JsonRpcReader.needs_more_data', 'mssqlcli.jsonrpc.jsonrpcclient.JsonRpcReader.read_next_chunk', 'mssqlcli.jsonrpc.jsonrpcclient.JsonRpcReader.read_offset', 'mssqlcli.jsonrpc.jsonrpcclient.JsonRpcReader.read_state', 'mssqlcli.jsonrpc.jsonrpcclient.JsonRpcReader.trim_buffer_and_resize', 'mssqlcli.jsonrpc.jsonrpcclient.JsonRpcReader.try_read_content', 'mssqlcli.jsonrpc.jsonrpcclient.JsonRpcReader.try_read_headers', 'mssqlcli.jsonrpc.jsonrpcclient.logger']",15
DevEval,Database/mssql-cli,10,20,11,0.7272727272727273,0.36363636363636365,"['mssqlcli.jsonrpc.jsonrpcclient.JsonRpcReader.needs_more_data', 'mssqlcli.jsonrpc.jsonrpcclient.JsonRpcReader.read_next_chunk', 'mssqlcli.jsonrpc.jsonrpcclient.JsonRpcReader.read_offset', 'mssqlcli.jsonrpc.jsonrpcclient.JsonRpcReader.read_state', 'mssqlcli.jsonrpc.jsonrpcclient.JsonRpcReader.trim_buffer_and_resize', 'mssqlcli.jsonrpc.jsonrpcclient.JsonRpcReader.try_read_content', 'mssqlcli.jsonrpc.jsonrpcclient.JsonRpcReader.try_read_headers', 'mssqlcli.jsonrpc.jsonrpcclient.logger']",16
DevEval,Database/mssql-cli,11,10,6,0.8333333333333334,0.0,"['mssqlcli.jsonrpc.jsonrpcclient.JsonRpcClient.cancel', 'mssqlcli.jsonrpc.jsonrpcclient.JsonRpcClient.request_queue', 'mssqlcli.jsonrpc.jsonrpcclient.JsonRpcClient.request_thread', 'mssqlcli.jsonrpc.jsonrpcclient.JsonRpcClient.writer', 'mssqlcli.jsonrpc.jsonrpcclient.logger']",10
DevEval,Database/mssql-cli,11,15,6,1.0,0.16666666666666666,"['mssqlcli.jsonrpc.jsonrpcclient.JsonRpcClient.cancel', 'mssqlcli.jsonrpc.jsonrpcclient.JsonRpcClient.request_queue', 'mssqlcli.jsonrpc.jsonrpcclient.JsonRpcClient.request_thread', 'mssqlcli.jsonrpc.jsonrpcclient.JsonRpcClient.writer', 'mssqlcli.jsonrpc.jsonrpcclient.JsonRpcWriter.close', 'mssqlcli.jsonrpc.jsonrpcclient.logger']",15
DevEval,Database/mssql-cli,11,20,6,1.0,0.16666666666666666,"['mssqlcli.jsonrpc.jsonrpcclient.JsonRpcClient.cancel', 'mssqlcli.jsonrpc.jsonrpcclient.JsonRpcClient.request_queue', 'mssqlcli.jsonrpc.jsonrpcclient.JsonRpcClient.request_thread', 'mssqlcli.jsonrpc.jsonrpcclient.JsonRpcClient.writer', 'mssqlcli.jsonrpc.jsonrpcclient.JsonRpcWriter.close', 'mssqlcli.jsonrpc.jsonrpcclient.logger']",20
DevEval,Database/mssql-cli,12,10,2,1.0,0.0,"['mssqlcli.jsonrpc.jsonrpcclient.JsonRpcClient.exception_queue', 'mssqlcli.jsonrpc.jsonrpcclient.JsonRpcClient.response_map']",10
DevEval,Database/mssql-cli,12,15,2,1.0,0.0,"['mssqlcli.jsonrpc.jsonrpcclient.JsonRpcClient.exception_queue', 'mssqlcli.jsonrpc.jsonrpcclient.JsonRpcClient.response_map']",15
DevEval,Database/mssql-cli,12,20,2,1.0,0.0,"['mssqlcli.jsonrpc.jsonrpcclient.JsonRpcClient.exception_queue', 'mssqlcli.jsonrpc.jsonrpcclient.JsonRpcClient.response_map']",20
DevEval,Database/mssql-cli,13,10,12,0.6666666666666666,0.08333333333333333,"['mssqlcli.jsonrpc.jsonrpcclient.JsonRpcReader.buffer', 'mssqlcli.jsonrpc.jsonrpcclient.JsonRpcReader.buffer_end_offset', 'mssqlcli.jsonrpc.jsonrpcclient.JsonRpcReader.expected_content_length', 'mssqlcli.jsonrpc.jsonrpcclient.JsonRpcReader.headers', 'mssqlcli.jsonrpc.jsonrpcclient.JsonRpcReader.read_offset', 'mssqlcli.jsonrpc.jsonrpcclient.JsonRpcReader.read_state', 'mssqlcli.jsonrpc.jsonrpcclient.JsonRpcReader.trim_buffer_and_resize', 'mssqlcli.jsonrpc.jsonrpcclient.logger']",10
DevEval,Database/mssql-cli,13,15,12,0.6666666666666666,0.08333333333333333,"['mssqlcli.jsonrpc.jsonrpcclient.JsonRpcReader.buffer', 'mssqlcli.jsonrpc.jsonrpcclient.JsonRpcReader.buffer_end_offset', 'mssqlcli.jsonrpc.jsonrpcclient.JsonRpcReader.expected_content_length', 'mssqlcli.jsonrpc.jsonrpcclient.JsonRpcReader.headers', 'mssqlcli.jsonrpc.jsonrpcclient.JsonRpcReader.read_offset', 'mssqlcli.jsonrpc.jsonrpcclient.JsonRpcReader.read_state', 'mssqlcli.jsonrpc.jsonrpcclient.JsonRpcReader.trim_buffer_and_resize', 'mssqlcli.jsonrpc.jsonrpcclient.logger']",15
DevEval,Database/mssql-cli,13,20,12,0.6666666666666666,0.08333333333333333,"['mssqlcli.jsonrpc.jsonrpcclient.JsonRpcReader.buffer', 'mssqlcli.jsonrpc.jsonrpcclient.JsonRpcReader.buffer_end_offset', 'mssqlcli.jsonrpc.jsonrpcclient.JsonRpcReader.expected_content_length', 'mssqlcli.jsonrpc.jsonrpcclient.JsonRpcReader.headers', 'mssqlcli.jsonrpc.jsonrpcclient.JsonRpcReader.read_offset', 'mssqlcli.jsonrpc.jsonrpcclient.JsonRpcReader.read_state', 'mssqlcli.jsonrpc.jsonrpcclient.JsonRpcReader.trim_buffer_and_resize', 'mssqlcli.jsonrpc.jsonrpcclient.logger']",17
DevEval,Database/mssql-cli,14,10,5,0.8,0.0,"['mssqlcli.jsonrpc.jsonrpcclient.JsonRpcReader.buffer', 'mssqlcli.jsonrpc.jsonrpcclient.JsonRpcReader.buffer_end_offset', 'mssqlcli.jsonrpc.jsonrpcclient.JsonRpcReader.stream', 'mssqlcli.jsonrpc.jsonrpcclient.logger']",10
DevEval,Database/mssql-cli,14,15,5,0.8,0.0,"['mssqlcli.jsonrpc.jsonrpcclient.JsonRpcReader.buffer', 'mssqlcli.jsonrpc.jsonrpcclient.JsonRpcReader.buffer_end_offset', 'mssqlcli.jsonrpc.jsonrpcclient.JsonRpcReader.stream', 'mssqlcli.jsonrpc.jsonrpcclient.logger']",15
DevEval,Database/mssql-cli,14,20,5,0.8,0.0,"['mssqlcli.jsonrpc.jsonrpcclient.JsonRpcReader.buffer', 'mssqlcli.jsonrpc.jsonrpcclient.JsonRpcReader.buffer_end_offset', 'mssqlcli.jsonrpc.jsonrpcclient.JsonRpcReader.stream', 'mssqlcli.jsonrpc.jsonrpcclient.logger']",20
DevEval,Database/mssql-cli,15,10,2,1.0,1.0,"['mssqlcli.packages.prioritization.PrevalenceCounter.update_keywords', 'mssqlcli.packages.prioritization.PrevalenceCounter.update_names']",10
DevEval,Database/mssql-cli,15,15,2,1.0,1.0,"['mssqlcli.packages.prioritization.PrevalenceCounter.update_keywords', 'mssqlcli.packages.prioritization.PrevalenceCounter.update_names']",15
DevEval,Database/mssql-cli,15,20,2,1.0,1.0,"['mssqlcli.packages.prioritization.PrevalenceCounter.update_keywords', 'mssqlcli.packages.prioritization.PrevalenceCounter.update_names']",15
DevEval,Database/mssql-cli,16,10,1,1.0,1.0,['mssqlcli.packages.parseutils.utils.is_open_quote'],10
DevEval,Database/mssql-cli,16,15,1,1.0,1.0,['mssqlcli.packages.parseutils.utils.is_open_quote'],15
DevEval,Database/mssql-cli,16,20,1,1.0,1.0,['mssqlcli.packages.parseutils.utils.is_open_quote'],20
DevEval,Database/mssql-cli,17,10,7,0.7142857142857143,0.2857142857142857,"['mssqlcli.jsonrpc.jsonrpcclient.JsonRpcClient.REQUEST_THREAD_NAME', 'mssqlcli.jsonrpc.jsonrpcclient.JsonRpcClient.RESPONSE_THREAD_NAME', 'mssqlcli.jsonrpc.jsonrpcclient.JsonRpcClient._listen_for_request', 'mssqlcli.jsonrpc.jsonrpcclient.JsonRpcClient._listen_for_response', 'mssqlcli.jsonrpc.jsonrpcclient.logger']",10
DevEval,Database/mssql-cli,17,15,7,0.7142857142857143,0.2857142857142857,"['mssqlcli.jsonrpc.jsonrpcclient.JsonRpcClient.REQUEST_THREAD_NAME', 'mssqlcli.jsonrpc.jsonrpcclient.JsonRpcClient.RESPONSE_THREAD_NAME', 'mssqlcli.jsonrpc.jsonrpcclient.JsonRpcClient._listen_for_request', 'mssqlcli.jsonrpc.jsonrpcclient.JsonRpcClient._listen_for_response', 'mssqlcli.jsonrpc.jsonrpcclient.logger']",15
DevEval,Database/mssql-cli,17,20,7,0.7142857142857143,0.2857142857142857,"['mssqlcli.jsonrpc.jsonrpcclient.JsonRpcClient.REQUEST_THREAD_NAME', 'mssqlcli.jsonrpc.jsonrpcclient.JsonRpcClient.RESPONSE_THREAD_NAME', 'mssqlcli.jsonrpc.jsonrpcclient.JsonRpcClient._listen_for_request', 'mssqlcli.jsonrpc.jsonrpcclient.JsonRpcClient._listen_for_response', 'mssqlcli.jsonrpc.jsonrpcclient.logger']",20
DevEval,Database/mssql-cli,18,10,1,1.0,0.0,['mssqlcli.jsonrpc.jsonrpcclient.JsonRpcClient.request_queue'],10
DevEval,Database/mssql-cli,18,15,1,1.0,0.0,['mssqlcli.jsonrpc.jsonrpcclient.JsonRpcClient.request_queue'],15
DevEval,Database/mssql-cli,18,20,1,1.0,0.0,['mssqlcli.jsonrpc.jsonrpcclient.JsonRpcClient.request_queue'],20
DevEval,Database/mssql-cli,19,10,4,0.25,0.0,['mssqlcli.jsonrpc.jsonrpcclient.logger'],10
DevEval,Database/mssql-cli,19,15,4,0.25,0.0,['mssqlcli.jsonrpc.jsonrpcclient.logger'],15
DevEval,Database/mssql-cli,19,20,4,0.25,0.0,['mssqlcli.jsonrpc.jsonrpcclient.logger'],20
DevEval,Database/mssql-cli,20,10,5,0.4,0.4,"['mssqlcli.telemetry.output_payload_to_file', 'mssqlcli.telemetry.upload_payload']",10
DevEval,Database/mssql-cli,20,15,5,0.4,0.4,"['mssqlcli.telemetry.output_payload_to_file', 'mssqlcli.telemetry.upload_payload']",15
DevEval,Database/mssql-cli,20,20,5,0.4,0.4,"['mssqlcli.telemetry.output_payload_to_file', 'mssqlcli.telemetry.upload_payload']",20
DevEval,Database/sqlite-utils,6,10,1,1.0,1.0,['sqlite_utils.utils.types_for_column_types'],10
DevEval,Database/sqlite-utils,6,15,1,1.0,1.0,['sqlite_utils.utils.types_for_column_types'],15
DevEval,Database/sqlite-utils,6,20,1,1.0,1.0,['sqlite_utils.utils.types_for_column_types'],19
DevEval,Database/sqlite-utils,7,10,1,0.0,0.0,[],10
DevEval,Database/sqlite-utils,7,15,1,0.0,0.0,[],15
DevEval,Database/sqlite-utils,7,20,1,0.0,0.0,[],20
DevEval,Internet/Authlib,5,10,1,1.0,1.0,['authlib.common.encoding.to_unicode'],10
DevEval,Internet/Authlib,5,15,1,1.0,1.0,['authlib.common.encoding.to_unicode'],15
DevEval,Internet/Authlib,5,20,1,1.0,1.0,['authlib.common.encoding.to_unicode'],20
DevEval,Internet/Authlib,6,10,1,0.0,0.0,[],10
DevEval,Internet/Authlib,6,15,1,0.0,0.0,[],15
DevEval,Internet/Authlib,6,20,1,0.0,0.0,[],20
DevEval,Internet/Authlib,7,10,3,0.0,0.0,[],10
DevEval,Internet/Authlib,7,15,3,0.0,0.0,[],15
DevEval,Internet/Authlib,7,20,3,0.0,0.0,[],20
DevEval,Internet/Authlib,8,10,3,0.6666666666666666,0.6666666666666666,"['authlib.common.encoding.to_bytes', 'authlib.common.encoding.urlsafe_b64encode']",10
DevEval,Internet/Authlib,8,15,3,0.6666666666666666,0.6666666666666666,"['authlib.common.encoding.to_bytes', 'authlib.common.encoding.urlsafe_b64encode']",15
DevEval,Internet/Authlib,8,20,3,0.6666666666666666,0.6666666666666666,"['authlib.common.encoding.to_bytes', 'authlib.common.encoding.urlsafe_b64encode']",20
DevEval,Internet/Authlib,9,10,2,0.0,0.0,[],10
DevEval,Internet/Authlib,9,15,2,0.0,0.0,[],15
DevEval,Internet/Authlib,9,20,2,0.0,0.0,[],20
DevEval,Internet/Authlib,10,10,3,0.3333333333333333,0.3333333333333333,['authlib.common.urls.add_params_to_uri'],10
DevEval,Internet/Authlib,10,15,3,0.3333333333333333,0.3333333333333333,['authlib.common.urls.add_params_to_uri'],15
DevEval,Internet/Authlib,10,20,3,0.3333333333333333,0.3333333333333333,['authlib.common.urls.add_params_to_uri'],20
DevEval,Internet/Authlib,11,10,3,0.3333333333333333,0.3333333333333333,['authlib.common.encoding.json_loads'],10
DevEval,Internet/Authlib,11,15,3,0.3333333333333333,0.3333333333333333,['authlib.common.encoding.json_loads'],15
DevEval,Internet/Authlib,11,20,3,0.3333333333333333,0.3333333333333333,['authlib.common.encoding.json_loads'],20
DevEval,Internet/Jinja2,5,10,6,0.0,0.0,[],10
DevEval,Internet/Jinja2,5,15,6,0.0,0.0,[],15
DevEval,Internet/Jinja2,5,20,6,0.0,0.0,[],20
DevEval,Internet/Jinja2,6,10,1,0.0,0.0,[],10
DevEval,Internet/Jinja2,6,15,1,0.0,0.0,[],15
DevEval,Internet/Jinja2,6,20,1,0.0,0.0,[],20
DevEval,Internet/Jinja2,7,10,3,0.6666666666666666,0.6666666666666666,"['jinja2.environment.Environment._load_template', 'jinja2.environment.Environment.join_path']",10
DevEval,Internet/Jinja2,7,15,3,0.6666666666666666,0.6666666666666666,"['jinja2.environment.Environment._load_template', 'jinja2.environment.Environment.join_path']",15
DevEval,Internet/Jinja2,7,20,3,1.0,1.0,"['jinja2.environment.Environment._load_template', 'jinja2.environment.Environment.join_path', 'jinja2.environment.Template']",18
DevEval,Internet/Jinja2,8,10,4,0.5,0.5,"['jinja2.environment.Environment.make_globals', 'jinja2.environment.Template.from_code']",10
DevEval,Internet/Jinja2,8,15,4,0.5,0.5,"['jinja2.environment.Environment.make_globals', 'jinja2.environment.Template.from_code']",15
DevEval,Internet/Jinja2,8,20,4,0.5,0.5,"['jinja2.environment.Environment.make_globals', 'jinja2.environment.Template.from_code']",20
DevEval,Internet/Jinja2,9,10,1,0.0,0.0,[],7
DevEval,Internet/Jinja2,9,15,1,0.0,0.0,[],7
DevEval,Internet/Jinja2,9,20,1,0.0,0.0,[],7
DevEval,Internet/Jinja2,10,10,7,0.42857142857142855,0.42857142857142855,"['jinja2.environment.Environment.handle_exception', 'jinja2.environment.Template.new_context', 'jinja2.environment.Template.render_async']",10
DevEval,Internet/Jinja2,10,15,7,0.42857142857142855,0.42857142857142855,"['jinja2.environment.Environment.handle_exception', 'jinja2.environment.Template.new_context', 'jinja2.environment.Template.render_async']",15
DevEval,Internet/Jinja2,10,20,7,0.42857142857142855,0.42857142857142855,"['jinja2.environment.Environment.handle_exception', 'jinja2.environment.Template.new_context', 'jinja2.environment.Template.render_async']",20
DevEval,Internet/Jinja2,11,10,6,0.6666666666666666,0.16666666666666666,"['jinja2.bccache.Bucket.bytecode_from_string', 'jinja2.bccache.MemcachedBytecodeCache.client', 'jinja2.bccache.MemcachedBytecodeCache.ignore_memcache_errors', 'jinja2.bccache.MemcachedBytecodeCache.prefix']",10
DevEval,Internet/Jinja2,11,15,6,0.6666666666666666,0.16666666666666666,"['jinja2.bccache.Bucket.bytecode_from_string', 'jinja2.bccache.MemcachedBytecodeCache.client', 'jinja2.bccache.MemcachedBytecodeCache.ignore_memcache_errors', 'jinja2.bccache.MemcachedBytecodeCache.prefix']",15
DevEval,Internet/Jinja2,11,20,6,0.8333333333333334,0.16666666666666666,"['jinja2.bccache.Bucket.bytecode_from_string', 'jinja2.bccache.Bucket.key', 'jinja2.bccache.MemcachedBytecodeCache.client', 'jinja2.bccache.MemcachedBytecodeCache.ignore_memcache_errors', 'jinja2.bccache.MemcachedBytecodeCache.prefix']",20
DevEval,Internet/Jinja2,12,10,3,0.6666666666666666,0.0,"['jinja2.idtracking.Symbols.parent', 'jinja2.idtracking.Symbols.refs']",10
DevEval,Internet/Jinja2,12,15,3,0.6666666666666666,0.0,"['jinja2.idtracking.Symbols.parent', 'jinja2.idtracking.Symbols.refs']",15
DevEval,Internet/Jinja2,12,20,3,0.6666666666666666,0.0,"['jinja2.idtracking.Symbols.parent', 'jinja2.idtracking.Symbols.refs']",20
DevEval,Internet/Jinja2,13,10,3,1.0,0.0,"['jinja2.utils.LRUCache._mapping', 'jinja2.utils.LRUCache._queue', 'jinja2.utils.LRUCache._wlock']",10
DevEval,Internet/Jinja2,13,15,3,1.0,0.0,"['jinja2.utils.LRUCache._mapping', 'jinja2.utils.LRUCache._queue', 'jinja2.utils.LRUCache._wlock']",15
DevEval,Internet/Jinja2,13,20,3,1.0,0.0,"['jinja2.utils.LRUCache._mapping', 'jinja2.utils.LRUCache._queue', 'jinja2.utils.LRUCache._wlock']",17
DevEval,Internet/Jinja2,14,10,3,0.3333333333333333,0.3333333333333333,['jinja2.idtracking.Symbols'],10
DevEval,Internet/Jinja2,14,15,3,0.3333333333333333,0.3333333333333333,['jinja2.idtracking.Symbols'],15
DevEval,Internet/Jinja2,14,20,3,0.3333333333333333,0.3333333333333333,['jinja2.idtracking.Symbols'],20
DevEval,Internet/Jinja2,15,10,7,0.14285714285714285,0.14285714285714285,['jinja2.bccache.Bucket.bytecode_to_string'],10
DevEval,Internet/Jinja2,15,15,7,0.7142857142857143,0.14285714285714285,"['jinja2.bccache.Bucket.bytecode_to_string', 'jinja2.bccache.Bucket.key', 'jinja2.bccache.MemcachedBytecodeCache.client', 'jinja2.bccache.MemcachedBytecodeCache.ignore_memcache_errors', 'jinja2.bccache.MemcachedBytecodeCache.prefix']",15
DevEval,Internet/Jinja2,15,20,7,0.7142857142857143,0.14285714285714285,"['jinja2.bccache.Bucket.bytecode_to_string', 'jinja2.bccache.Bucket.key', 'jinja2.bccache.MemcachedBytecodeCache.client', 'jinja2.bccache.MemcachedBytecodeCache.ignore_memcache_errors', 'jinja2.bccache.MemcachedBytecodeCache.prefix']",20
DevEval,Internet/Jinja2,16,10,2,1.0,0.5,"['jinja2.idtracking.Symbols.find_ref', 'jinja2.idtracking.Symbols.stores']",10
DevEval,Internet/Jinja2,16,15,2,1.0,0.5,"['jinja2.idtracking.Symbols.find_ref', 'jinja2.idtracking.Symbols.stores']",15
DevEval,Internet/Jinja2,16,20,2,1.0,0.5,"['jinja2.idtracking.Symbols.find_ref', 'jinja2.idtracking.Symbols.stores']",20
DevEval,Internet/Jinja2,17,10,1,1.0,0.0,['jinja2.utils.LRUCache._queue'],10
DevEval,Internet/Jinja2,17,15,1,1.0,0.0,['jinja2.utils.LRUCache._queue'],15
DevEval,Internet/Jinja2,17,20,1,1.0,0.0,['jinja2.utils.LRUCache._queue'],17
DevEval,Internet/boto,5,10,2,0.5,0.5,['boto.regioninfo.connect'],10
DevEval,Internet/boto,5,15,2,0.5,0.5,['boto.regioninfo.connect'],15
DevEval,Internet/boto,5,20,2,0.5,0.5,['boto.regioninfo.connect'],20
DevEval,Internet/boto,6,10,1,0.0,0.0,[],10
DevEval,Internet/boto,6,15,1,0.0,0.0,[],15
DevEval,Internet/boto,6,20,1,0.0,0.0,[],20
DevEval,Internet/boto,7,10,7,0.14285714285714285,0.0,['boto.ec2.securitygroup.SecurityGroup.rules'],10
DevEval,Internet/boto,7,15,7,0.14285714285714285,0.0,['boto.ec2.securitygroup.SecurityGroup.rules'],15
DevEval,Internet/boto,7,20,7,0.14285714285714285,0.0,['boto.ec2.securitygroup.SecurityGroup.rules'],20
DevEval,Internet/boto,8,10,6,0.5,0.3333333333333333,"['boto.regioninfo', 'boto.regioninfo.connect', 'boto.s3.S3RegionInfo.connect']",10
DevEval,Internet/boto,8,15,6,0.5,0.3333333333333333,"['boto.regioninfo', 'boto.regioninfo.connect', 'boto.s3.S3RegionInfo.connect']",15
DevEval,Internet/boto,8,20,6,0.5,0.3333333333333333,"['boto.regioninfo', 'boto.regioninfo.connect', 'boto.s3.S3RegionInfo.connect']",20
DevEval,Internet/boto,9,10,1,0.0,0.0,[],10
DevEval,Internet/boto,9,15,1,0.0,0.0,[],15
DevEval,Internet/boto,9,20,1,0.0,0.0,[],20
DevEval,Internet/boto,10,10,2,0.5,0.5,['boto.dynamodb2.table.Table.get_key_fields'],10
DevEval,Internet/boto,10,15,2,0.5,0.5,['boto.dynamodb2.table.Table.get_key_fields'],15
DevEval,Internet/boto,10,20,2,0.5,0.5,['boto.dynamodb2.table.Table.get_key_fields'],20
DevEval,Internet/boto,11,10,5,0.4,0.0,"['boto.dynamodb2.table.Table._dynamizer', 'boto.dynamodb2.types.QUERY_OPERATORS']",10
DevEval,Internet/boto,11,15,5,0.4,0.0,"['boto.dynamodb2.table.Table._dynamizer', 'boto.dynamodb2.types.QUERY_OPERATORS']",15
DevEval,Internet/boto,11,20,5,0.4,0.0,"['boto.dynamodb2.table.Table._dynamizer', 'boto.dynamodb2.types.QUERY_OPERATORS']",20
DevEval,Internet/boto,12,10,1,0.0,0.0,[],10
DevEval,Internet/boto,12,15,1,0.0,0.0,[],15
DevEval,Internet/boto,12,20,1,1.0,0.0,['boto.glacier.utils._MEGABYTE'],20
DevEval,Internet/boto,13,10,1,1.0,1.0,['boto.utils.LazyLoadMetadata._materialize'],10
DevEval,Internet/boto,13,15,1,1.0,1.0,['boto.utils.LazyLoadMetadata._materialize'],15
DevEval,Internet/boto,13,20,1,1.0,1.0,['boto.utils.LazyLoadMetadata._materialize'],20
DevEval,Internet/boto,14,10,7,0.14285714285714285,0.0,['boto.dynamodb.layer2'],10
DevEval,Internet/boto,14,15,7,0.2857142857142857,0.14285714285714285,"['boto.dynamodb.layer2', 'boto.dynamodb.layer2.Layer2.build_key_from_values']",15
DevEval,Internet/boto,14,20,7,0.2857142857142857,0.14285714285714285,"['boto.dynamodb.layer2', 'boto.dynamodb.layer2.Layer2.build_key_from_values']",20
DevEval,Internet/boto,15,10,2,0.5,0.5,['boto.regioninfo.connect'],10
DevEval,Internet/boto,15,15,2,0.5,0.5,['boto.regioninfo.connect'],15
DevEval,Internet/boto,15,20,2,0.5,0.5,['boto.regioninfo.connect'],20
DevEval,Internet/boto,16,10,5,0.2,0.2,['boto.ec2.networkinterface.NetworkInterface._update'],10
DevEval,Internet/boto,16,15,5,0.2,0.2,['boto.ec2.networkinterface.NetworkInterface._update'],15
DevEval,Internet/boto,16,20,5,0.6,0.2,"['boto.ec2.networkinterface.NetworkInterface._update', 'boto.ec2.networkinterface.NetworkInterface.connection', 'boto.ec2.networkinterface.NetworkInterface.id']",20
DevEval,Internet/boto,17,10,3,0.3333333333333333,0.3333333333333333,['boto.regioninfo.connect'],10
DevEval,Internet/boto,17,15,3,0.3333333333333333,0.3333333333333333,['boto.regioninfo.connect'],15
DevEval,Internet/boto,17,20,3,0.3333333333333333,0.3333333333333333,['boto.regioninfo.connect'],20
DevEval,Internet/boto,18,10,3,0.3333333333333333,0.3333333333333333,['boto.dynamodb2.fields.BaseIndexField.schema'],10
DevEval,Internet/boto,18,15,3,0.3333333333333333,0.3333333333333333,['boto.dynamodb2.fields.BaseIndexField.schema'],15
DevEval,Internet/boto,18,20,3,0.6666666666666666,0.6666666666666666,"['boto.dynamodb2.fields.BaseIndexField', 'boto.dynamodb2.fields.BaseIndexField.schema']",20
DevEval,Internet/boto,19,10,3,0.6666666666666666,0.6666666666666666,"['boto.dynamodb.types.Dynamizer.encode', 'boto.dynamodb2.items.Item.get_keys']",10
DevEval,Internet/boto,19,15,3,0.6666666666666666,0.6666666666666666,"['boto.dynamodb.types.Dynamizer.encode', 'boto.dynamodb2.items.Item.get_keys']",15
DevEval,Internet/boto,19,20,3,0.6666666666666666,0.6666666666666666,"['boto.dynamodb.types.Dynamizer.encode', 'boto.dynamodb2.items.Item.get_keys']",19
DevEval,Internet/boto,20,10,3,0.6666666666666666,0.0,"['boto.dynamodb2.table.Table.connection', 'boto.dynamodb2.table.Table.table_name']",10
DevEval,Internet/boto,20,15,3,1.0,0.3333333333333333,"['boto.dynamodb2.layer1.DynamoDBConnection.delete_table', 'boto.dynamodb2.table.Table.connection', 'boto.dynamodb2.table.Table.table_name']",15
DevEval,Internet/boto,20,20,3,1.0,0.3333333333333333,"['boto.dynamodb2.layer1.DynamoDBConnection.delete_table', 'boto.dynamodb2.table.Table.connection', 'boto.dynamodb2.table.Table.table_name']",20
DevEval,Internet/boto,21,10,2,0.5,0.5,['boto.regioninfo.connect'],10
DevEval,Internet/boto,21,15,2,0.5,0.5,['boto.regioninfo.connect'],15
DevEval,Internet/boto,21,20,2,0.5,0.5,['boto.regioninfo.connect'],20
DevEval,Internet/boto,22,10,2,0.5,0.5,['boto.regioninfo.connect'],10
DevEval,Internet/boto,22,15,2,0.5,0.5,['boto.regioninfo.connect'],15
DevEval,Internet/boto,22,20,2,0.5,0.5,['boto.regioninfo.connect'],20
DevEval,Internet/boto,23,10,3,0.6666666666666666,0.6666666666666666,"['boto.s3.website.Redirect', 'boto.s3.website.Redirect.__init__']",10
DevEval,Internet/boto,23,15,3,0.6666666666666666,0.6666666666666666,"['boto.s3.website.Redirect', 'boto.s3.website.Redirect.__init__']",15
DevEval,Internet/boto,23,20,3,0.6666666666666666,0.6666666666666666,"['boto.s3.website.Redirect', 'boto.s3.website.Redirect.__init__']",19
DevEval,Internet/boto,24,10,6,0.3333333333333333,0.3333333333333333,"['boto.route53.connection.Route53Connection._make_qualified', 'boto.route53.connection.Route53Connection.get_all_rrsets']",10
DevEval,Internet/boto,24,15,6,0.6666666666666666,0.3333333333333333,"['boto.route53.connection.Route53Connection._make_qualified', 'boto.route53.connection.Route53Connection.get_all_rrsets', 'boto.route53.zone.Zone.id', 'boto.route53.zone.Zone.route53connection']",15
DevEval,Internet/boto,24,20,6,0.6666666666666666,0.3333333333333333,"['boto.route53.connection.Route53Connection._make_qualified', 'boto.route53.connection.Route53Connection.get_all_rrsets', 'boto.route53.zone.Zone.id', 'boto.route53.zone.Zone.route53connection']",20
DevEval,Internet/boto,25,10,4,0.75,0.25,"['boto.ec2.address.Address.connection', 'boto.ec2.address.Address.public_ip', 'boto.ec2.connection.EC2Connection.release_address']",10
DevEval,Internet/boto,25,15,4,1.0,0.25,"['boto.ec2.address.Address.allocation_id', 'boto.ec2.address.Address.connection', 'boto.ec2.address.Address.public_ip', 'boto.ec2.connection.EC2Connection.release_address']",15
DevEval,Internet/boto,25,20,4,1.0,0.25,"['boto.ec2.address.Address.allocation_id', 'boto.ec2.address.Address.connection', 'boto.ec2.address.Address.public_ip', 'boto.ec2.connection.EC2Connection.release_address']",20
DevEval,Internet/boto,26,10,8,0.375,0.25,"['boto.connection.AWSAuthConnection.server_name', 'boto.s3.connection.S3Connection.calling_format', 'boto.s3.connection._CallingFormat.build_auth_path']",10
DevEval,Internet/boto,26,15,8,0.375,0.25,"['boto.connection.AWSAuthConnection.server_name', 'boto.s3.connection.S3Connection.calling_format', 'boto.s3.connection._CallingFormat.build_auth_path']",15
DevEval,Internet/boto,26,20,8,0.375,0.25,"['boto.connection.AWSAuthConnection.server_name', 'boto.s3.connection.S3Connection.calling_format', 'boto.s3.connection._CallingFormat.build_auth_path']",20
DevEval,Internet/boto,27,10,3,0.3333333333333333,0.0,['boto.glacier.concurrent.log'],10
DevEval,Internet/boto,27,15,3,0.3333333333333333,0.0,['boto.glacier.concurrent.log'],15
DevEval,Internet/boto,27,20,3,0.3333333333333333,0.0,['boto.glacier.concurrent.log'],20
DevEval,Internet/boto,28,10,3,1.0,0.0,"['boto.dynamodb2.fields.BaseIndexField.parts', 'boto.dynamodb2.fields.BaseSchemaField.data_type', 'boto.dynamodb2.fields.BaseSchemaField.name']",10
DevEval,Internet/boto,28,15,3,1.0,0.0,"['boto.dynamodb2.fields.BaseIndexField.parts', 'boto.dynamodb2.fields.BaseSchemaField.data_type', 'boto.dynamodb2.fields.BaseSchemaField.name']",15
DevEval,Internet/boto,28,20,3,1.0,0.0,"['boto.dynamodb2.fields.BaseIndexField.parts', 'boto.dynamodb2.fields.BaseSchemaField.data_type', 'boto.dynamodb2.fields.BaseSchemaField.name']",20
DevEval,Internet/boto,29,10,5,0.6,0.2,"['boto.ec2.connection.EC2Connection.create_tags', 'boto.ec2.ec2object.TaggedEC2Object.id', 'boto.ec2.ec2object.TaggedEC2Object.tags']",10
DevEval,Internet/boto,29,15,5,0.6,0.2,"['boto.ec2.connection.EC2Connection.create_tags', 'boto.ec2.ec2object.TaggedEC2Object.id', 'boto.ec2.ec2object.TaggedEC2Object.tags']",15
DevEval,Internet/boto,29,20,5,0.6,0.2,"['boto.ec2.connection.EC2Connection.create_tags', 'boto.ec2.ec2object.TaggedEC2Object.id', 'boto.ec2.ec2object.TaggedEC2Object.tags']",20
DevEval,Internet/boto,30,10,3,0.3333333333333333,0.3333333333333333,['boto.regioninfo.connect'],10
DevEval,Internet/boto,30,15,3,0.3333333333333333,0.3333333333333333,['boto.regioninfo.connect'],15
DevEval,Internet/boto,30,20,3,0.3333333333333333,0.3333333333333333,['boto.regioninfo.connect'],20
DevEval,Internet/boto,31,10,3,0.3333333333333333,0.3333333333333333,['boto.ec2.connection.EC2Connection.create_snapshot'],10
DevEval,Internet/boto,31,15,3,1.0,0.3333333333333333,"['boto.ec2.connection.EC2Connection.create_snapshot', 'boto.ec2.volume.Volume.connection', 'boto.ec2.volume.Volume.id']",15
DevEval,Internet/boto,31,20,3,1.0,0.3333333333333333,"['boto.ec2.connection.EC2Connection.create_snapshot', 'boto.ec2.volume.Volume.connection', 'boto.ec2.volume.Volume.id']",20
DevEval,Internet/boto,32,10,4,0.25,0.25,['boto.dynamodb2.results.ResultSet.to_call'],10
DevEval,Internet/boto,32,15,4,0.5,0.5,"['boto.dynamodb2.results.ResultSet.to_call', 'boto.dynamodb2.table.Table._batch_get']",15
DevEval,Internet/boto,32,20,4,0.5,0.5,"['boto.dynamodb2.results.ResultSet.to_call', 'boto.dynamodb2.table.Table._batch_get']",20
DevEval,Internet/boto,33,10,2,0.5,0.5,['boto.regioninfo.connect'],10
DevEval,Internet/boto,33,15,2,0.5,0.5,['boto.regioninfo.connect'],15
DevEval,Internet/boto,33,20,2,0.5,0.5,['boto.regioninfo.connect'],20
DevEval,Internet/boto,34,10,2,1.0,1.0,"['boto.glacier.utils.bytes_to_hex', 'boto.glacier.utils.tree_hash']",10
DevEval,Internet/boto,34,15,2,1.0,1.0,"['boto.glacier.utils.bytes_to_hex', 'boto.glacier.utils.tree_hash']",15
DevEval,Internet/boto,34,20,2,1.0,1.0,"['boto.glacier.utils.bytes_to_hex', 'boto.glacier.utils.tree_hash']",20
DevEval,Internet/boto,35,10,2,0.5,0.5,['boto.regioninfo.connect'],10
DevEval,Internet/boto,35,15,2,0.5,0.5,['boto.regioninfo.connect'],15
DevEval,Internet/boto,35,20,2,0.5,0.5,['boto.regioninfo.connect'],20
DevEval,Internet/boto,36,10,3,0.6666666666666666,0.6666666666666666,"['boto.s3.website.Condition', 'boto.s3.website.Condition.__init__']",10
DevEval,Internet/boto,36,15,3,0.6666666666666666,0.6666666666666666,"['boto.s3.website.Condition', 'boto.s3.website.Condition.__init__']",15
DevEval,Internet/boto,36,20,3,0.6666666666666666,0.6666666666666666,"['boto.s3.website.Condition', 'boto.s3.website.Condition.__init__']",17
DevEval,Internet/boto,37,10,3,0.0,0.0,[],10
DevEval,Internet/boto,37,15,3,0.0,0.0,[],15
DevEval,Internet/boto,37,20,3,0.0,0.0,[],20
DevEval,Internet/boto,38,10,2,0.5,0.5,['boto.regioninfo.connect'],10
DevEval,Internet/boto,38,15,2,0.5,0.5,['boto.regioninfo.connect'],15
DevEval,Internet/boto,38,20,2,1.0,1.0,"['boto.cloudsearchdomain.layer1.CloudSearchDomainConnection', 'boto.regioninfo.connect']",20
DevEval,Internet/boto,39,10,10,0.5,0.3,"['boto.dynamodb2.table.Table._introspect_global_indexes', 'boto.dynamodb2.table.Table._introspect_indexes', 'boto.dynamodb2.table.Table._introspect_schema', 'boto.dynamodb2.table.Table.connection', 'boto.dynamodb2.table.Table.table_name']",10
DevEval,Internet/boto,39,15,10,0.6,0.3,"['boto.dynamodb2.table.Table._introspect_global_indexes', 'boto.dynamodb2.table.Table._introspect_indexes', 'boto.dynamodb2.table.Table._introspect_schema', 'boto.dynamodb2.table.Table.connection', 'boto.dynamodb2.table.Table.schema', 'boto.dynamodb2.table.Table.table_name']",15
DevEval,Internet/boto,39,20,10,0.6,0.3,"['boto.dynamodb2.table.Table._introspect_global_indexes', 'boto.dynamodb2.table.Table._introspect_indexes', 'boto.dynamodb2.table.Table._introspect_schema', 'boto.dynamodb2.table.Table.connection', 'boto.dynamodb2.table.Table.schema', 'boto.dynamodb2.table.Table.table_name']",20
DevEval,Internet/boto,40,10,3,0.3333333333333333,0.3333333333333333,['boto.dynamodb2.fields.BaseSchemaField.schema'],10
DevEval,Internet/boto,40,15,3,0.3333333333333333,0.3333333333333333,['boto.dynamodb2.fields.BaseSchemaField.schema'],15
DevEval,Internet/boto,40,20,3,0.3333333333333333,0.3333333333333333,['boto.dynamodb2.fields.BaseSchemaField.schema'],20
DevEval,Internet/boto,41,10,4,0.25,0.25,['boto.s3.bucket.Bucket.get_xml_tags'],10
DevEval,Internet/boto,41,15,4,0.25,0.25,['boto.s3.bucket.Bucket.get_xml_tags'],15
DevEval,Internet/boto,41,20,4,0.5,0.25,"['boto.handler', 'boto.s3.bucket.Bucket.get_xml_tags']",20
DevEval,Internet/boto,42,10,8,0.5,0.125,"['boto.dynamodb2.table.Table._build_filters', 'boto.dynamodb2.table.Table.connection', 'boto.dynamodb2.table.Table.table_name', 'boto.dynamodb2.types.FILTER_OPERATORS']",10
DevEval,Internet/boto,42,15,8,0.5,0.125,"['boto.dynamodb2.table.Table._build_filters', 'boto.dynamodb2.table.Table.connection', 'boto.dynamodb2.table.Table.table_name', 'boto.dynamodb2.types.FILTER_OPERATORS']",15
DevEval,Internet/boto,42,20,8,0.5,0.125,"['boto.dynamodb2.table.Table._build_filters', 'boto.dynamodb2.table.Table.connection', 'boto.dynamodb2.table.Table.table_name', 'boto.dynamodb2.types.FILTER_OPERATORS']",20
DevEval,Internet/boto,43,10,2,0.5,0.5,['boto.regioninfo.connect'],10
DevEval,Internet/boto,43,15,2,0.5,0.5,['boto.regioninfo.connect'],15
DevEval,Internet/boto,43,20,2,0.5,0.5,['boto.regioninfo.connect'],20
DevEval,Internet/boto,44,10,1,1.0,0.0,['boto.s3.bucket.Bucket.key_class'],10
DevEval,Internet/boto,44,15,1,1.0,0.0,['boto.s3.bucket.Bucket.key_class'],15
DevEval,Internet/boto,44,20,1,1.0,0.0,['boto.s3.bucket.Bucket.key_class'],20
DevEval,Internet/boto,45,10,2,0.5,0.5,['boto.regioninfo.connect'],10
DevEval,Internet/boto,45,15,2,0.5,0.5,['boto.regioninfo.connect'],15
DevEval,Internet/boto,45,20,2,0.5,0.5,['boto.regioninfo.connect'],20
DevEval,Internet/boto,46,10,2,0.5,0.5,['boto.regioninfo.connect'],10
DevEval,Internet/boto,46,15,2,0.5,0.5,['boto.regioninfo.connect'],15
DevEval,Internet/boto,46,20,2,0.5,0.5,['boto.regioninfo.connect'],20
DevEval,Internet/boto,47,10,2,0.5,0.5,['boto.regioninfo.connect'],10
DevEval,Internet/boto,47,15,2,0.5,0.5,['boto.regioninfo.connect'],15
DevEval,Internet/boto,47,20,2,0.5,0.5,['boto.regioninfo.connect'],20
DevEval,Internet/boto,48,10,2,1.0,0.0,"['boto.dynamodb2.fields.BaseSchemaField.data_type', 'boto.dynamodb2.fields.BaseSchemaField.name']",10
DevEval,Internet/boto,48,15,2,1.0,0.0,"['boto.dynamodb2.fields.BaseSchemaField.data_type', 'boto.dynamodb2.fields.BaseSchemaField.name']",15
DevEval,Internet/boto,48,20,2,1.0,0.0,"['boto.dynamodb2.fields.BaseSchemaField.data_type', 'boto.dynamodb2.fields.BaseSchemaField.name']",20
DevEval,Internet/boto,49,10,2,0.5,0.5,['boto.regioninfo.connect'],10
DevEval,Internet/boto,49,15,2,0.5,0.5,['boto.regioninfo.connect'],15
DevEval,Internet/boto,49,20,2,0.5,0.5,['boto.regioninfo.connect'],20
DevEval,Internet/boto,50,10,2,0.5,0.5,['boto.regioninfo.connect'],10
DevEval,Internet/boto,50,15,2,0.5,0.5,['boto.regioninfo.connect'],15
DevEval,Internet/boto,50,20,2,0.5,0.5,['boto.regioninfo.connect'],20
DevEval,Internet/boto,51,10,3,0.0,0.0,[],10
DevEval,Internet/boto,51,15,3,0.0,0.0,[],15
DevEval,Internet/boto,51,20,3,0.0,0.0,[],20
DevEval,Internet/boto,52,10,2,0.5,0.5,['boto.regioninfo.connect'],10
DevEval,Internet/boto,52,15,2,0.5,0.5,['boto.regioninfo.connect'],15
DevEval,Internet/boto,52,20,2,0.5,0.5,['boto.regioninfo.connect'],20
DevEval,Internet/boto,53,10,4,0.75,0.75,"['boto.connection.AWSQueryConnection.build_list_params', 'boto.connection.AWSQueryConnection.get_list', 'boto.ec2.connection.EC2Connection.build_filter_params']",10
DevEval,Internet/boto,53,15,4,0.75,0.75,"['boto.connection.AWSQueryConnection.build_list_params', 'boto.connection.AWSQueryConnection.get_list', 'boto.ec2.connection.EC2Connection.build_filter_params']",15
DevEval,Internet/boto,53,20,4,0.75,0.75,"['boto.connection.AWSQueryConnection.build_list_params', 'boto.connection.AWSQueryConnection.get_list', 'boto.ec2.connection.EC2Connection.build_filter_params']",20
DevEval,Internet/boto,54,10,2,0.5,0.5,['boto.regioninfo.connect'],10
DevEval,Internet/boto,54,15,2,0.5,0.5,['boto.regioninfo.connect'],15
DevEval,Internet/boto,54,20,2,0.5,0.5,['boto.regioninfo.connect'],20
DevEval,Internet/boto,55,10,4,0.75,0.25,"['boto.ec2.connection.EC2Connection.delete_tags', 'boto.ec2.ec2object.TaggedEC2Object.id', 'boto.ec2.ec2object.TaggedEC2Object.tags']",10
DevEval,Internet/boto,55,15,4,0.75,0.25,"['boto.ec2.connection.EC2Connection.delete_tags', 'boto.ec2.ec2object.TaggedEC2Object.id', 'boto.ec2.ec2object.TaggedEC2Object.tags']",15
DevEval,Internet/boto,55,20,4,0.75,0.25,"['boto.ec2.connection.EC2Connection.delete_tags', 'boto.ec2.ec2object.TaggedEC2Object.id', 'boto.ec2.ec2object.TaggedEC2Object.tags']",20
DevEval,Internet/boto,56,10,2,0.5,0.5,['boto.regioninfo.connect'],10
DevEval,Internet/boto,56,15,2,0.5,0.5,['boto.regioninfo.connect'],15
DevEval,Internet/boto,56,20,2,0.5,0.5,['boto.regioninfo.connect'],20
DevEval,Internet/boto,57,10,2,0.5,0.5,['boto.regioninfo.connect'],10
DevEval,Internet/boto,57,15,2,0.5,0.5,['boto.regioninfo.connect'],15
DevEval,Internet/boto,57,20,2,0.5,0.5,['boto.regioninfo.connect'],20
DevEval,Internet/boto,58,10,7,0.5714285714285714,0.14285714285714285,"['boto', 'boto.dynamodb2.table.BatchTable._unprocessed', 'boto.dynamodb2.table.BatchTable.handle_unprocessed', 'boto.dynamodb2.table.BatchTable.table']",10
DevEval,Internet/boto,58,15,7,0.5714285714285714,0.14285714285714285,"['boto', 'boto.dynamodb2.table.BatchTable._unprocessed', 'boto.dynamodb2.table.BatchTable.handle_unprocessed', 'boto.dynamodb2.table.BatchTable.table']",15
DevEval,Internet/boto,58,20,7,0.5714285714285714,0.14285714285714285,"['boto', 'boto.dynamodb2.table.BatchTable._unprocessed', 'boto.dynamodb2.table.BatchTable.handle_unprocessed', 'boto.dynamodb2.table.BatchTable.table']",20
DevEval,Internet/boto,59,10,2,0.5,0.5,['boto.regioninfo.connect'],10
DevEval,Internet/boto,59,15,2,0.5,0.5,['boto.regioninfo.connect'],15
DevEval,Internet/boto,59,20,2,0.5,0.5,['boto.regioninfo.connect'],20
DevEval,Internet/boto,60,10,5,0.6,0.0,"['boto', 'boto.dynamodb2.table.Table.connection', 'boto.dynamodb2.table.Table.table_name']",10
DevEval,Internet/boto,60,15,5,0.8,0.2,"['boto', 'boto.dynamodb2.layer1.DynamoDBConnection.update_table', 'boto.dynamodb2.table.Table.connection', 'boto.dynamodb2.table.Table.table_name']",15
DevEval,Internet/boto,60,20,5,0.8,0.2,"['boto', 'boto.dynamodb2.layer1.DynamoDBConnection.update_table', 'boto.dynamodb2.table.Table.connection', 'boto.dynamodb2.table.Table.table_name']",20
DevEval,Internet/boto,61,10,2,1.0,1.0,"['boto.utils._build_instance_metadata_url', 'boto.utils.retry_url']",10
DevEval,Internet/boto,61,15,2,1.0,1.0,"['boto.utils._build_instance_metadata_url', 'boto.utils.retry_url']",15
DevEval,Internet/boto,61,20,2,1.0,1.0,"['boto.utils._build_instance_metadata_url', 'boto.utils.retry_url']",20
DevEval,Internet/boto,62,10,6,0.6666666666666666,0.5,"['boto.dynamodb2.items.Item.build_expects', 'boto.dynamodb2.items.Item.mark_clean', 'boto.dynamodb2.items.Item.prepare_partial', 'boto.dynamodb2.items.Item.table']",10
DevEval,Internet/boto,62,15,6,0.6666666666666666,0.5,"['boto.dynamodb2.items.Item.build_expects', 'boto.dynamodb2.items.Item.mark_clean', 'boto.dynamodb2.items.Item.prepare_partial', 'boto.dynamodb2.items.Item.table']",15
DevEval,Internet/boto,62,20,6,0.8333333333333334,0.6666666666666666,"['boto.dynamodb2.items.Item.build_expects', 'boto.dynamodb2.items.Item.mark_clean', 'boto.dynamodb2.items.Item.prepare_partial', 'boto.dynamodb2.items.Item.table', 'boto.dynamodb2.table.Table._update_item']",20
DevEval,Internet/boto,63,10,2,0.0,0.0,[],10
DevEval,Internet/boto,63,15,2,0.0,0.0,[],15
DevEval,Internet/boto,63,20,2,0.0,0.0,[],20
DevEval,Internet/boto,64,10,3,1.0,0.6666666666666666,"['boto.dynamodb2.table.BatchTable._to_delete', 'boto.dynamodb2.table.BatchTable.flush', 'boto.dynamodb2.table.BatchTable.should_flush']",10
DevEval,Internet/boto,64,15,3,1.0,0.6666666666666666,"['boto.dynamodb2.table.BatchTable._to_delete', 'boto.dynamodb2.table.BatchTable.flush', 'boto.dynamodb2.table.BatchTable.should_flush']",15
DevEval,Internet/boto,64,20,3,1.0,0.6666666666666666,"['boto.dynamodb2.table.BatchTable._to_delete', 'boto.dynamodb2.table.BatchTable.flush', 'boto.dynamodb2.table.BatchTable.should_flush']",20
DevEval,Internet/boto,65,10,2,0.5,0.5,['boto.regioninfo.connect'],10
DevEval,Internet/boto,65,15,2,0.5,0.5,['boto.regioninfo.connect'],15
DevEval,Internet/boto,65,20,2,0.5,0.5,['boto.regioninfo.connect'],20
DevEval,Internet/boto,66,10,6,0.3333333333333333,0.3333333333333333,"['boto.s3.website.RoutingRules.to_xml', 'boto.s3.website.tag']",10
DevEval,Internet/boto,66,15,6,0.3333333333333333,0.3333333333333333,"['boto.s3.website.RoutingRules.to_xml', 'boto.s3.website.tag']",15
DevEval,Internet/boto,66,20,6,0.3333333333333333,0.3333333333333333,"['boto.s3.website.RoutingRules.to_xml', 'boto.s3.website.tag']",20
DevEval,Internet/boto,67,10,2,0.5,0.5,['boto.dynamodb2.table.Table._introspect_all_indexes'],10
DevEval,Internet/boto,67,15,2,0.5,0.5,['boto.dynamodb2.table.Table._introspect_all_indexes'],15
DevEval,Internet/boto,67,20,2,0.5,0.5,['boto.dynamodb2.table.Table._introspect_all_indexes'],20
DevEval,Internet/boto,68,10,3,0.6666666666666666,0.6666666666666666,"['boto.glacier.job.Job._calc_num_chunks', 'boto.glacier.job.Job._download_to_fileob']",10
DevEval,Internet/boto,68,15,3,0.6666666666666666,0.6666666666666666,"['boto.glacier.job.Job._calc_num_chunks', 'boto.glacier.job.Job._download_to_fileob']",15
DevEval,Internet/boto,68,20,3,0.6666666666666666,0.6666666666666666,"['boto.glacier.job.Job._calc_num_chunks', 'boto.glacier.job.Job._download_to_fileob']",20
DevEval,Internet/boto,69,10,2,0.5,0.5,['boto.regioninfo.connect'],10
DevEval,Internet/boto,69,15,2,0.5,0.5,['boto.regioninfo.connect'],15
DevEval,Internet/boto,69,20,2,0.5,0.5,['boto.regioninfo.connect'],20
DevEval,Internet/boto,70,10,5,0.0,0.0,[],10
DevEval,Internet/boto,70,15,5,0.0,0.0,[],15
DevEval,Internet/boto,70,20,5,0.0,0.0,[],20
DevEval,Internet/boto,71,10,4,0.5,0.5,"['boto.connection.AWSQueryConnection.build_list_params', 'boto.ec2.connection.EC2Connection.build_filter_params']",10
DevEval,Internet/boto,71,15,4,0.5,0.5,"['boto.connection.AWSQueryConnection.build_list_params', 'boto.ec2.connection.EC2Connection.build_filter_params']",15
DevEval,Internet/boto,71,20,4,0.5,0.5,"['boto.connection.AWSQueryConnection.build_list_params', 'boto.ec2.connection.EC2Connection.build_filter_params']",20
DevEval,Internet/boto,72,10,4,0.25,0.25,['boto.ec2.connection.EC2Connection.associate_address'],10
DevEval,Internet/boto,72,15,4,1.0,0.25,"['boto.ec2.address.Address.allocation_id', 'boto.ec2.address.Address.connection', 'boto.ec2.address.Address.public_ip', 'boto.ec2.connection.EC2Connection.associate_address']",15
DevEval,Internet/boto,72,20,4,1.0,0.25,"['boto.ec2.address.Address.allocation_id', 'boto.ec2.address.Address.connection', 'boto.ec2.address.Address.public_ip', 'boto.ec2.connection.EC2Connection.associate_address']",20
DevEval,Internet/boto,73,10,7,0.42857142857142855,0.0,"['boto', 'boto.dynamodb2.table.Table.connection', 'boto.dynamodb2.table.Table.table_name']",10
DevEval,Internet/boto,73,15,7,0.5714285714285714,0.14285714285714285,"['boto', 'boto.dynamodb2.layer1.DynamoDBConnection.update_table', 'boto.dynamodb2.table.Table.connection', 'boto.dynamodb2.table.Table.table_name']",15
DevEval,Internet/boto,73,20,7,0.5714285714285714,0.14285714285714285,"['boto', 'boto.dynamodb2.layer1.DynamoDBConnection.update_table', 'boto.dynamodb2.table.Table.connection', 'boto.dynamodb2.table.Table.table_name']",20
DevEval,Internet/boto,74,10,2,0.0,0.0,[],10
DevEval,Internet/boto,74,15,2,0.0,0.0,[],15
DevEval,Internet/boto,74,20,2,0.0,0.0,[],20
DevEval,Internet/boto,75,10,4,0.75,0.25,"['boto.dynamodb2.items.Item._data', 'boto.dynamodb2.items.Item._determine_alterations', 'boto.dynamodb2.items.Item._dynamizer']",10
DevEval,Internet/boto,75,15,4,0.75,0.25,"['boto.dynamodb2.items.Item._data', 'boto.dynamodb2.items.Item._determine_alterations', 'boto.dynamodb2.items.Item._dynamizer']",15
DevEval,Internet/boto,75,20,4,0.75,0.25,"['boto.dynamodb2.items.Item._data', 'boto.dynamodb2.items.Item._determine_alterations', 'boto.dynamodb2.items.Item._dynamizer']",20
DevEval,Internet/boto,76,10,2,0.5,0.5,['boto.regioninfo.connect'],10
DevEval,Internet/boto,76,15,2,0.5,0.5,['boto.regioninfo.connect'],15
DevEval,Internet/boto,76,20,2,0.5,0.5,['boto.regioninfo.connect'],20
DevEval,Internet/boto,77,10,2,0.5,0.5,['boto.regioninfo.connect'],10
DevEval,Internet/boto,77,15,2,0.5,0.5,['boto.regioninfo.connect'],15
DevEval,Internet/boto,77,20,2,0.5,0.5,['boto.regioninfo.connect'],20
DevEval,Internet/boto,78,10,2,0.5,0.5,['boto.regioninfo.get_regions'],10
DevEval,Internet/boto,78,15,2,0.5,0.5,['boto.regioninfo.get_regions'],15
DevEval,Internet/boto,78,20,2,0.5,0.5,['boto.regioninfo.get_regions'],20
DevEval,Internet/boto,79,10,4,0.5,0.25,"['boto.regioninfo.connect', 'boto.swf']",10
DevEval,Internet/boto,79,15,4,0.5,0.25,"['boto.regioninfo.connect', 'boto.swf']",15
DevEval,Internet/boto,79,20,4,0.5,0.25,"['boto.regioninfo.connect', 'boto.swf']",20
DevEval,Internet/boto,80,10,2,0.5,0.5,['boto.regioninfo.connect'],10
DevEval,Internet/boto,80,15,2,0.5,0.5,['boto.regioninfo.connect'],15
DevEval,Internet/boto,80,20,2,0.5,0.5,['boto.regioninfo.connect'],20
DevEval,Internet/boto,81,10,2,0.0,0.0,[],10
DevEval,Internet/boto,81,15,2,0.0,0.0,[],15
DevEval,Internet/boto,81,20,2,0.0,0.0,[],16
DevEval,Internet/boto,82,10,9,0.4444444444444444,0.1111111111111111,"['boto.dynamodb2.table.BatchTable._to_delete', 'boto.dynamodb2.table.BatchTable._to_put', 'boto.dynamodb2.table.BatchTable.handle_unprocessed', 'boto.dynamodb2.table.BatchTable.table']",10
DevEval,Internet/boto,82,15,9,0.4444444444444444,0.1111111111111111,"['boto.dynamodb2.table.BatchTable._to_delete', 'boto.dynamodb2.table.BatchTable._to_put', 'boto.dynamodb2.table.BatchTable.handle_unprocessed', 'boto.dynamodb2.table.BatchTable.table']",15
DevEval,Internet/boto,82,20,9,0.5555555555555556,0.2222222222222222,"['boto.dynamodb2.layer1.DynamoDBConnection.batch_write_item', 'boto.dynamodb2.table.BatchTable._to_delete', 'boto.dynamodb2.table.BatchTable._to_put', 'boto.dynamodb2.table.BatchTable.handle_unprocessed', 'boto.dynamodb2.table.BatchTable.table']",20
DevEval,Internet/boto,83,10,4,0.5,0.5,"['boto.dynamodb2.fields.GlobalBaseIndexField.schema', 'boto.dynamodb2.fields.IncludeIndex.schema']",10
DevEval,Internet/boto,83,15,4,1.0,1.0,"['boto.dynamodb2.fields.GlobalBaseIndexField', 'boto.dynamodb2.fields.GlobalBaseIndexField.schema', 'boto.dynamodb2.fields.IncludeIndex', 'boto.dynamodb2.fields.IncludeIndex.schema']",15
DevEval,Internet/boto,83,20,4,1.0,1.0,"['boto.dynamodb2.fields.GlobalBaseIndexField', 'boto.dynamodb2.fields.GlobalBaseIndexField.schema', 'boto.dynamodb2.fields.IncludeIndex', 'boto.dynamodb2.fields.IncludeIndex.schema']",20
DevEval,Internet/boto,84,10,4,0.25,0.25,['boto.dynamodb2.table.Table.get_item'],10
DevEval,Internet/boto,84,15,4,0.25,0.25,['boto.dynamodb2.table.Table.get_item'],15
DevEval,Internet/boto,84,20,4,0.25,0.25,['boto.dynamodb2.table.Table.get_item'],19
DevEval,Internet/boto,85,10,5,0.6,0.0,"['boto', 'boto.dynamodb2.table.Table.connection', 'boto.dynamodb2.table.Table.table_name']",10
DevEval,Internet/boto,85,15,5,0.6,0.0,"['boto', 'boto.dynamodb2.table.Table.connection', 'boto.dynamodb2.table.Table.table_name']",15
DevEval,Internet/boto,85,20,5,0.6,0.0,"['boto', 'boto.dynamodb2.table.Table.connection', 'boto.dynamodb2.table.Table.table_name']",20
DevEval,Internet/boto,86,10,3,0.0,0.0,[],10
DevEval,Internet/boto,86,15,3,0.0,0.0,[],15
DevEval,Internet/boto,86,20,3,0.0,0.0,[],20
DevEval,Internet/boto,87,10,2,0.5,0.5,['boto.regioninfo.connect'],10
DevEval,Internet/boto,87,15,2,0.5,0.5,['boto.regioninfo.connect'],15
DevEval,Internet/boto,87,20,2,0.5,0.5,['boto.regioninfo.connect'],20
DevEval,Internet/boto,88,10,2,0.5,0.5,['boto.regioninfo.connect'],10
DevEval,Internet/boto,88,15,2,0.5,0.5,['boto.regioninfo.connect'],15
DevEval,Internet/boto,88,20,2,0.5,0.5,['boto.regioninfo.connect'],20
DevEval,Internet/boto,89,10,6,0.8333333333333334,0.6666666666666666,"['boto.dynamodb2.items.Item.build_expects', 'boto.dynamodb2.items.Item.mark_clean', 'boto.dynamodb2.items.Item.needs_save', 'boto.dynamodb2.items.Item.table', 'boto.dynamodb2.table.Table._put_item']",10
DevEval,Internet/boto,89,15,6,0.8333333333333334,0.6666666666666666,"['boto.dynamodb2.items.Item.build_expects', 'boto.dynamodb2.items.Item.mark_clean', 'boto.dynamodb2.items.Item.needs_save', 'boto.dynamodb2.items.Item.table', 'boto.dynamodb2.table.Table._put_item']",15
DevEval,Internet/boto,89,20,6,0.8333333333333334,0.6666666666666666,"['boto.dynamodb2.items.Item.build_expects', 'boto.dynamodb2.items.Item.mark_clean', 'boto.dynamodb2.items.Item.needs_save', 'boto.dynamodb2.items.Item.table', 'boto.dynamodb2.table.Table._put_item']",20
DevEval,Internet/boto,90,10,3,0.6666666666666666,0.6666666666666666,"['boto.s3.key.Key.get_contents_to_file', 'boto.s3.key.Key.open']",10
DevEval,Internet/boto,90,15,3,0.6666666666666666,0.6666666666666666,"['boto.s3.key.Key.get_contents_to_file', 'boto.s3.key.Key.open']",15
DevEval,Internet/boto,90,20,3,0.6666666666666666,0.6666666666666666,"['boto.s3.key.Key.get_contents_to_file', 'boto.s3.key.Key.open']",20
DevEval,Internet/boto,91,10,4,0.75,0.25,"['boto.ec2.address.Address.connection', 'boto.ec2.address.Address.public_ip', 'boto.ec2.connection.EC2Connection.disassociate_address']",10
DevEval,Internet/boto,91,15,4,0.75,0.25,"['boto.ec2.address.Address.connection', 'boto.ec2.address.Address.public_ip', 'boto.ec2.connection.EC2Connection.disassociate_address']",15
DevEval,Internet/boto,91,20,4,0.75,0.25,"['boto.ec2.address.Address.connection', 'boto.ec2.address.Address.public_ip', 'boto.ec2.connection.EC2Connection.disassociate_address']",20
DevEval,Internet/boto,92,10,1,0.0,0.0,[],10
DevEval,Internet/boto,92,15,1,0.0,0.0,[],15
DevEval,Internet/boto,92,20,1,0.0,0.0,[],20
DevEval,Internet/boto,93,10,2,0.5,0.5,['boto.regioninfo.connect'],10
DevEval,Internet/boto,93,15,2,0.5,0.5,['boto.regioninfo.connect'],15
DevEval,Internet/boto,93,20,2,0.5,0.5,['boto.regioninfo.connect'],20
DevEval,Internet/boto,94,10,3,1.0,0.6666666666666666,"['boto.dynamodb2.table.BatchTable._to_put', 'boto.dynamodb2.table.BatchTable.flush', 'boto.dynamodb2.table.BatchTable.should_flush']",10
DevEval,Internet/boto,94,15,3,1.0,0.6666666666666666,"['boto.dynamodb2.table.BatchTable._to_put', 'boto.dynamodb2.table.BatchTable.flush', 'boto.dynamodb2.table.BatchTable.should_flush']",15
DevEval,Internet/boto,94,20,3,1.0,0.6666666666666666,"['boto.dynamodb2.table.BatchTable._to_put', 'boto.dynamodb2.table.BatchTable.flush', 'boto.dynamodb2.table.BatchTable.should_flush']",20
DevEval,Internet/boto,95,10,3,0.6666666666666666,0.3333333333333333,"['boto.ec2.connection.EC2Connection.detach_network_interface', 'boto.ec2.networkinterface.NetworkInterface.connection']",10
DevEval,Internet/boto,95,15,3,0.6666666666666666,0.3333333333333333,"['boto.ec2.connection.EC2Connection.detach_network_interface', 'boto.ec2.networkinterface.NetworkInterface.connection']",11
DevEval,Internet/boto,95,20,3,0.6666666666666666,0.3333333333333333,"['boto.ec2.connection.EC2Connection.detach_network_interface', 'boto.ec2.networkinterface.NetworkInterface.connection']",11
DevEval,Internet/boto,96,10,2,0.5,0.5,['boto.regioninfo.connect'],10
DevEval,Internet/boto,96,15,2,0.5,0.5,['boto.regioninfo.connect'],15
DevEval,Internet/boto,96,20,2,0.5,0.5,['boto.regioninfo.connect'],20
DevEval,Internet/boto,97,10,2,1.0,0.5,"['boto.dynamodb2.table.Table.describe', 'boto.dynamodb2.table.Table.schema']",10
DevEval,Internet/boto,97,15,2,1.0,0.5,"['boto.dynamodb2.table.Table.describe', 'boto.dynamodb2.table.Table.schema']",15
DevEval,Internet/boto,97,20,2,1.0,0.5,"['boto.dynamodb2.table.Table.describe', 'boto.dynamodb2.table.Table.schema']",20
DevEval,Internet/boto,98,10,5,0.6,0.0,"['boto.dynamodb2.items.Item._data', 'boto.dynamodb2.items.Item._dynamizer', 'boto.dynamodb2.items.Item._orig_data']",10
DevEval,Internet/boto,98,15,5,0.6,0.0,"['boto.dynamodb2.items.Item._data', 'boto.dynamodb2.items.Item._dynamizer', 'boto.dynamodb2.items.Item._orig_data']",15
DevEval,Internet/boto,98,20,5,0.6,0.0,"['boto.dynamodb2.items.Item._data', 'boto.dynamodb2.items.Item._dynamizer', 'boto.dynamodb2.items.Item._orig_data']",20
DevEval,Internet/boto,99,10,2,0.5,0.5,['boto.regioninfo.connect'],10
DevEval,Internet/boto,99,15,2,0.5,0.5,['boto.regioninfo.connect'],15
DevEval,Internet/boto,99,20,2,0.5,0.5,['boto.regioninfo.connect'],20
DevEval,Internet/boto,100,10,6,0.5,0.16666666666666666,"['boto.ec2.connection.EC2Connection.detach_volume', 'boto.ec2.volume.Volume.connection', 'boto.ec2.volume.Volume.id']",10
DevEval,Internet/boto,100,15,6,0.5,0.16666666666666666,"['boto.ec2.connection.EC2Connection.detach_volume', 'boto.ec2.volume.Volume.connection', 'boto.ec2.volume.Volume.id']",15
DevEval,Internet/boto,100,20,6,0.5,0.16666666666666666,"['boto.ec2.connection.EC2Connection.detach_volume', 'boto.ec2.volume.Volume.connection', 'boto.ec2.volume.Volume.id']",20
DevEval,Internet/boto,101,10,1,1.0,1.0,['boto.dynamodb.types.is_str'],10
DevEval,Internet/boto,101,15,1,1.0,1.0,['boto.dynamodb.types.is_str'],15
DevEval,Internet/boto,101,20,1,1.0,1.0,['boto.dynamodb.types.is_str'],20
DevEval,Internet/boto,102,10,5,0.2,0.2,['boto.ec2.volume.Volume._update'],10
DevEval,Internet/boto,102,15,5,0.2,0.2,['boto.ec2.volume.Volume._update'],15
DevEval,Internet/boto,102,20,5,0.2,0.2,['boto.ec2.volume.Volume._update'],20
DevEval,Internet/boto,103,10,3,0.6666666666666666,0.6666666666666666,"['boto.connection.AWSQueryConnection.get_list', 'boto.ec2.elb.ELBConnection.build_list_params']",10
DevEval,Internet/boto,103,15,3,0.6666666666666666,0.6666666666666666,"['boto.connection.AWSQueryConnection.get_list', 'boto.ec2.elb.ELBConnection.build_list_params']",15
DevEval,Internet/boto,103,20,3,0.6666666666666666,0.6666666666666666,"['boto.connection.AWSQueryConnection.get_list', 'boto.ec2.elb.ELBConnection.build_list_params']",20
DevEval,Internet/boto,104,10,6,0.6666666666666666,0.16666666666666666,"['boto', 'boto.dynamodb2.layer1.DynamoDBConnection.update_table', 'boto.dynamodb2.table.Table.connection', 'boto.dynamodb2.table.Table.table_name']",10
DevEval,Internet/boto,104,15,6,0.6666666666666666,0.16666666666666666,"['boto', 'boto.dynamodb2.layer1.DynamoDBConnection.update_table', 'boto.dynamodb2.table.Table.connection', 'boto.dynamodb2.table.Table.table_name']",15
DevEval,Internet/boto,104,20,6,0.6666666666666666,0.16666666666666666,"['boto', 'boto.dynamodb2.layer1.DynamoDBConnection.update_table', 'boto.dynamodb2.table.Table.connection', 'boto.dynamodb2.table.Table.table_name']",20
DevEval,Internet/boto,105,10,3,0.0,0.0,[],10
DevEval,Internet/boto,105,15,3,0.0,0.0,[],15
DevEval,Internet/boto,105,20,3,0.0,0.0,[],20
DevEval,Internet/boto,106,10,3,0.3333333333333333,0.3333333333333333,['boto.regioninfo.connect'],10
DevEval,Internet/boto,106,15,3,0.3333333333333333,0.3333333333333333,['boto.regioninfo.connect'],15
DevEval,Internet/boto,106,20,3,0.3333333333333333,0.3333333333333333,['boto.regioninfo.connect'],20
DevEval,Internet/boto,107,10,1,1.0,1.0,['boto.s3.bucket.Bucket._delete_key_internal'],10
DevEval,Internet/boto,107,15,1,1.0,1.0,['boto.s3.bucket.Bucket._delete_key_internal'],15
DevEval,Internet/boto,107,20,1,1.0,1.0,['boto.s3.bucket.Bucket._delete_key_internal'],20
DevEval,Internet/boto,108,10,2,0.5,0.5,['boto.regioninfo.connect'],10
DevEval,Internet/boto,108,15,2,0.5,0.5,['boto.regioninfo.connect'],15
DevEval,Internet/boto,108,20,2,0.5,0.5,['boto.regioninfo.connect'],20
DevEval,Internet/boto,109,10,2,0.5,0.5,['boto.regioninfo.connect'],10
DevEval,Internet/boto,109,15,2,0.5,0.5,['boto.regioninfo.connect'],15
DevEval,Internet/boto,109,20,2,0.5,0.5,['boto.regioninfo.connect'],20
DevEval,Internet/boto,110,10,2,0.5,0.5,['boto.regioninfo.connect'],10
DevEval,Internet/boto,110,15,2,0.5,0.5,['boto.regioninfo.connect'],15
DevEval,Internet/boto,110,20,2,0.5,0.5,['boto.regioninfo.connect'],20
DevEval,Internet/boto,111,10,4,0.75,0.5,"['boto.dynamodb.types.Dynamizer.encode', 'boto.dynamodb2.items.Item._dynamizer', 'boto.dynamodb2.items.Item._is_storable']",10
DevEval,Internet/boto,111,15,4,1.0,0.5,"['boto.dynamodb.types.Dynamizer.encode', 'boto.dynamodb2.items.Item._data', 'boto.dynamodb2.items.Item._dynamizer', 'boto.dynamodb2.items.Item._is_storable']",15
DevEval,Internet/boto,111,20,4,1.0,0.5,"['boto.dynamodb.types.Dynamizer.encode', 'boto.dynamodb2.items.Item._data', 'boto.dynamodb2.items.Item._dynamizer', 'boto.dynamodb2.items.Item._is_storable']",16
DevEval,Internet/boto,112,10,2,0.5,0.0,['boto.ec2.volume.Volume.attach_data'],10
DevEval,Internet/boto,112,15,2,0.5,0.0,['boto.ec2.volume.Volume.attach_data'],15
DevEval,Internet/boto,112,20,2,0.5,0.0,['boto.ec2.volume.Volume.attach_data'],20
DevEval,Internet/boto,113,10,2,0.5,0.5,['boto.regioninfo.connect'],10
DevEval,Internet/boto,113,15,2,0.5,0.5,['boto.regioninfo.connect'],15
DevEval,Internet/boto,113,20,2,0.5,0.5,['boto.regioninfo.connect'],20
DevEval,Internet/boto,114,10,8,0.375,0.125,"['boto.dynamodb2.table.Table._encode_keys', 'boto.dynamodb2.table.Table.connection', 'boto.dynamodb2.table.Table.table_name']",10
DevEval,Internet/boto,114,15,8,0.375,0.125,"['boto.dynamodb2.table.Table._encode_keys', 'boto.dynamodb2.table.Table.connection', 'boto.dynamodb2.table.Table.table_name']",15
DevEval,Internet/boto,114,20,8,0.5,0.25,"['boto.dynamodb2.items.Item', 'boto.dynamodb2.table.Table._encode_keys', 'boto.dynamodb2.table.Table.connection', 'boto.dynamodb2.table.Table.table_name']",20
DevEval,Internet/boto,115,10,3,0.6666666666666666,0.6666666666666666,"['boto.connection.AWSQueryConnection.get_object', 'boto.ec2.elb.ELBConnection.build_list_params']",10
DevEval,Internet/boto,115,15,3,0.6666666666666666,0.6666666666666666,"['boto.connection.AWSQueryConnection.get_object', 'boto.ec2.elb.ELBConnection.build_list_params']",15
DevEval,Internet/boto,115,20,3,0.6666666666666666,0.6666666666666666,"['boto.connection.AWSQueryConnection.get_object', 'boto.ec2.elb.ELBConnection.build_list_params']",20
DevEval,Internet/boto,116,10,5,0.0,0.0,[],10
DevEval,Internet/boto,116,15,5,0.0,0.0,[],15
DevEval,Internet/boto,116,20,5,0.0,0.0,[],20
DevEval,Internet/boto,117,10,3,0.6666666666666666,0.3333333333333333,"['boto.ec2.connection.EC2Connection.attach_network_interface', 'boto.ec2.networkinterface.NetworkInterface.connection']",10
DevEval,Internet/boto,117,15,3,0.6666666666666666,0.3333333333333333,"['boto.ec2.connection.EC2Connection.attach_network_interface', 'boto.ec2.networkinterface.NetworkInterface.connection']",11
DevEval,Internet/boto,117,20,3,0.6666666666666666,0.3333333333333333,"['boto.ec2.connection.EC2Connection.attach_network_interface', 'boto.ec2.networkinterface.NetworkInterface.connection']",11
DevEval,Internet/boto,118,10,2,0.5,0.5,['boto.regioninfo.connect'],10
DevEval,Internet/boto,118,15,2,0.5,0.5,['boto.regioninfo.connect'],15
DevEval,Internet/boto,118,20,2,0.5,0.5,['boto.regioninfo.connect'],20
DevEval,Internet/boto,119,10,2,0.5,0.5,['boto.s3.website.tag'],10
DevEval,Internet/boto,119,15,2,0.5,0.5,['boto.s3.website.tag'],15
DevEval,Internet/boto,119,20,2,0.5,0.5,['boto.s3.website.tag'],20
DevEval,Internet/boto,120,10,3,0.0,0.0,[],10
DevEval,Internet/boto,120,15,3,0.0,0.0,[],15
DevEval,Internet/boto,120,20,3,0.0,0.0,[],20
DevEval,Internet/boto,121,10,3,1.0,0.3333333333333333,"['boto.ec2.connection.EC2Connection.attach_volume', 'boto.ec2.volume.Volume.connection', 'boto.ec2.volume.Volume.id']",10
DevEval,Internet/boto,121,15,3,1.0,0.3333333333333333,"['boto.ec2.connection.EC2Connection.attach_volume', 'boto.ec2.volume.Volume.connection', 'boto.ec2.volume.Volume.id']",15
DevEval,Internet/boto,121,20,3,1.0,0.3333333333333333,"['boto.ec2.connection.EC2Connection.attach_volume', 'boto.ec2.volume.Volume.connection', 'boto.ec2.volume.Volume.id']",20
DevEval,Internet/databases,1,10,2,0.0,0.0,[],10
DevEval,Internet/databases,1,15,2,0.0,0.0,[],15
DevEval,Internet/databases,1,20,2,0.0,0.0,[],16
DevEval,Internet/djangorestframework,4,10,4,0.5,0.5,"['rest_framework.fields.Field.run_validators', 'rest_framework.fields.Field.validate_empty_values']",10
DevEval,Internet/djangorestframework,4,15,4,0.5,0.5,"['rest_framework.fields.Field.run_validators', 'rest_framework.fields.Field.validate_empty_values']",15
DevEval,Internet/djangorestframework,4,20,4,0.5,0.5,"['rest_framework.fields.Field.run_validators', 'rest_framework.fields.Field.validate_empty_values']",20
DevEval,Internet/djangorestframework,5,10,3,0.6666666666666666,0.3333333333333333,"['rest_framework.fields.DateTimeField.enforce_timezone', 'rest_framework.settings.api_settings']",10
DevEval,Internet/djangorestframework,5,15,3,0.6666666666666666,0.3333333333333333,"['rest_framework.fields.DateTimeField.enforce_timezone', 'rest_framework.settings.api_settings']",15
DevEval,Internet/djangorestframework,5,20,3,0.6666666666666666,0.3333333333333333,"['rest_framework.fields.DateTimeField.enforce_timezone', 'rest_framework.settings.api_settings']",20
DevEval,Internet/djangorestframework,6,10,1,0.0,0.0,[],10
DevEval,Internet/djangorestframework,6,15,1,0.0,0.0,[],15
DevEval,Internet/djangorestframework,6,20,1,0.0,0.0,[],20
DevEval,Internet/djangorestframework,7,10,3,0.0,0.0,[],10
DevEval,Internet/djangorestframework,7,15,3,0.3333333333333333,0.3333333333333333,['rest_framework.exceptions.ErrorDetail'],15
DevEval,Internet/djangorestframework,7,20,3,0.3333333333333333,0.3333333333333333,['rest_framework.exceptions.ErrorDetail'],20
DevEval,Internet/djangorestframework,8,10,3,0.6666666666666666,0.6666666666666666,"['rest_framework.fields.Field.fail', 'rest_framework.relations.RelatedField.get_queryset']",10
DevEval,Internet/djangorestframework,8,15,3,0.6666666666666666,0.6666666666666666,"['rest_framework.fields.Field.fail', 'rest_framework.relations.RelatedField.get_queryset']",15
DevEval,Internet/djangorestframework,8,20,3,0.6666666666666666,0.6666666666666666,"['rest_framework.fields.Field.fail', 'rest_framework.relations.RelatedField.get_queryset']",20
DevEval,Internet/djangorestframework,9,10,2,0.5,0.5,['rest_framework.fields.Field.fail'],10
DevEval,Internet/djangorestframework,9,15,2,0.5,0.5,['rest_framework.fields.Field.fail'],15
DevEval,Internet/djangorestframework,9,20,2,0.5,0.5,['rest_framework.fields.Field.fail'],20
DevEval,Internet/djangorestframework,10,10,3,0.3333333333333333,0.3333333333333333,['rest_framework.authtoken.models.TokenProxy.pk'],10
DevEval,Internet/djangorestframework,10,15,3,0.3333333333333333,0.3333333333333333,['rest_framework.authtoken.models.TokenProxy.pk'],15
DevEval,Internet/djangorestframework,10,20,3,0.3333333333333333,0.3333333333333333,['rest_framework.authtoken.models.TokenProxy.pk'],20
DevEval,Internet/djangorestframework,11,10,2,0.0,0.0,[],10
DevEval,Internet/djangorestframework,11,15,2,0.0,0.0,[],15
DevEval,Internet/djangorestframework,11,20,2,0.0,0.0,[],20
DevEval,Internet/djangorestframework,12,10,1,0.0,0.0,[],10
DevEval,Internet/djangorestframework,12,15,1,0.0,0.0,[],15
DevEval,Internet/djangorestframework,12,20,1,0.0,0.0,[],20
DevEval,Internet/djangorestframework,13,10,1,1.0,1.0,['rest_framework.utils.urls.replace_query_param'],10
DevEval,Internet/djangorestframework,13,15,1,1.0,1.0,['rest_framework.utils.urls.replace_query_param'],15
DevEval,Internet/djangorestframework,13,20,1,1.0,1.0,['rest_framework.utils.urls.replace_query_param'],20
DevEval,Internet/djangorestframework,14,10,3,1.0,0.0,"['rest_framework.utils.mediatypes._MediaType.main_type', 'rest_framework.utils.mediatypes._MediaType.params', 'rest_framework.utils.mediatypes._MediaType.sub_type']",10
DevEval,Internet/djangorestframework,14,15,3,1.0,0.0,"['rest_framework.utils.mediatypes._MediaType.main_type', 'rest_framework.utils.mediatypes._MediaType.params', 'rest_framework.utils.mediatypes._MediaType.sub_type']",15
DevEval,Internet/djangorestframework,14,20,3,1.0,0.0,"['rest_framework.utils.mediatypes._MediaType.main_type', 'rest_framework.utils.mediatypes._MediaType.params', 'rest_framework.utils.mediatypes._MediaType.sub_type']",20
DevEval,Internet/djangorestframework,15,10,3,1.0,0.0,"['rest_framework.utils.mediatypes._MediaType.main_type', 'rest_framework.utils.mediatypes._MediaType.params', 'rest_framework.utils.mediatypes._MediaType.sub_type']",10
DevEval,Internet/djangorestframework,15,15,3,1.0,0.0,"['rest_framework.utils.mediatypes._MediaType.main_type', 'rest_framework.utils.mediatypes._MediaType.params', 'rest_framework.utils.mediatypes._MediaType.sub_type']",15
DevEval,Internet/djangorestframework,15,20,3,1.0,0.0,"['rest_framework.utils.mediatypes._MediaType.main_type', 'rest_framework.utils.mediatypes._MediaType.params', 'rest_framework.utils.mediatypes._MediaType.sub_type']",20
DevEval,Internet/djangorestframework,16,10,3,0.6666666666666666,0.6666666666666666,"['rest_framework.reverse._reverse', 'rest_framework.versioning.BaseVersioning.reverse']",10
DevEval,Internet/djangorestframework,16,15,3,0.6666666666666666,0.6666666666666666,"['rest_framework.reverse._reverse', 'rest_framework.versioning.BaseVersioning.reverse']",15
DevEval,Internet/djangorestframework,16,20,3,0.6666666666666666,0.6666666666666666,"['rest_framework.reverse._reverse', 'rest_framework.versioning.BaseVersioning.reverse']",20
DevEval,Internet/djangorestframework,17,10,2,0.0,0.0,[],10
DevEval,Internet/djangorestframework,17,15,2,0.5,0.0,['rest_framework.status'],15
DevEval,Internet/djangorestframework,17,20,2,0.5,0.0,['rest_framework.status'],20
DevEval,Internet/djangorestframework,18,10,4,0.25,0.0,['rest_framework.fields.ChoiceField.grouped_choices'],10
DevEval,Internet/djangorestframework,18,15,4,0.25,0.0,['rest_framework.fields.ChoiceField.grouped_choices'],15
DevEval,Internet/djangorestframework,18,20,4,0.25,0.0,['rest_framework.fields.ChoiceField.grouped_choices'],20
DevEval,Internet/djangorestframework,19,10,3,0.0,0.0,[],10
DevEval,Internet/djangorestframework,19,15,3,0.0,0.0,[],15
DevEval,Internet/djangorestframework,19,20,3,0.0,0.0,[],20
DevEval,Internet/djangorestframework,20,10,6,0.0,0.0,[],10
DevEval,Internet/djangorestframework,20,15,6,0.0,0.0,[],15
DevEval,Internet/djangorestframework,20,20,6,0.0,0.0,[],20
DevEval,Internet/djangorestframework,21,10,5,0.2,0.2,['rest_framework.fields.Field.root'],10
DevEval,Internet/djangorestframework,21,15,5,0.2,0.2,['rest_framework.fields.Field.root'],15
DevEval,Internet/djangorestframework,21,20,5,0.2,0.2,['rest_framework.fields.Field.root'],20
DevEval,Internet/djangorestframework,22,10,4,0.75,0.75,"['rest_framework.fields.Field.fail', 'rest_framework.fields.Field.to_internal_value', 'rest_framework.relations.RelatedField.get_queryset']",10
DevEval,Internet/djangorestframework,22,15,4,0.75,0.75,"['rest_framework.fields.Field.fail', 'rest_framework.fields.Field.to_internal_value', 'rest_framework.relations.RelatedField.get_queryset']",15
DevEval,Internet/djangorestframework,22,20,4,0.75,0.75,"['rest_framework.fields.Field.fail', 'rest_framework.fields.Field.to_internal_value', 'rest_framework.relations.RelatedField.get_queryset']",20
DevEval,Internet/djangorestframework,23,10,6,0.5,0.5,"['rest_framework.fields.Field', 'rest_framework.fields.Field.fail', 'rest_framework.fields.Field.run_validation']",10
DevEval,Internet/djangorestframework,23,15,6,0.5,0.5,"['rest_framework.fields.Field', 'rest_framework.fields.Field.fail', 'rest_framework.fields.Field.run_validation']",15
DevEval,Internet/djangorestframework,23,20,6,0.5,0.5,"['rest_framework.fields.Field', 'rest_framework.fields.Field.fail', 'rest_framework.fields.Field.run_validation']",20
DevEval,Internet/djangorestframework,24,10,5,0.6,0.6,"['rest_framework.fields.DecimalField.quantize', 'rest_framework.fields.DecimalField.validate_precision', 'rest_framework.fields.Field.fail']",10
DevEval,Internet/djangorestframework,24,15,5,0.6,0.6,"['rest_framework.fields.DecimalField.quantize', 'rest_framework.fields.DecimalField.validate_precision', 'rest_framework.fields.Field.fail']",15
DevEval,Internet/djangorestframework,24,20,5,0.8,0.6,"['rest_framework.fields.DecimalField.localize', 'rest_framework.fields.DecimalField.quantize', 'rest_framework.fields.DecimalField.validate_precision', 'rest_framework.fields.Field.fail']",20
DevEval,Internet/djangorestframework,25,10,2,0.0,0.0,[],10
DevEval,Internet/djangorestframework,25,15,2,0.0,0.0,[],15
DevEval,Internet/djangorestframework,25,20,2,0.0,0.0,[],20
DevEval,Internet/djangorestframework,26,10,5,0.0,0.0,[],10
DevEval,Internet/djangorestframework,26,15,5,0.8,0.0,"['rest_framework.fields.Field.field_name', 'rest_framework.fields.Field.label', 'rest_framework.fields.Field.parent', 'rest_framework.fields.Field.source']",15
DevEval,Internet/djangorestframework,26,20,5,0.8,0.0,"['rest_framework.fields.Field.field_name', 'rest_framework.fields.Field.label', 'rest_framework.fields.Field.parent', 'rest_framework.fields.Field.source']",20
DevEval,Internet/djangorestframework,27,10,1,0.0,0.0,[],10
DevEval,Internet/djangorestframework,27,15,1,0.0,0.0,[],15
DevEval,Internet/djangorestframework,27,20,1,0.0,0.0,[],20
DevEval,Internet/falcon,10,10,3,0.6666666666666666,0.3333333333333333,"['falcon.request.Request.accept', 'falcon.vendor.mimeparse']",10
DevEval,Internet/falcon,10,15,3,0.6666666666666666,0.3333333333333333,"['falcon.request.Request.accept', 'falcon.vendor.mimeparse']",15
DevEval,Internet/falcon,10,20,3,0.6666666666666666,0.3333333333333333,"['falcon.request.Request.accept', 'falcon.vendor.mimeparse']",20
DevEval,Internet/falcon,11,10,3,0.6666666666666666,0.0,"['falcon.errors', 'falcon.request.Request.env']",10
DevEval,Internet/falcon,11,15,3,0.6666666666666666,0.0,"['falcon.errors', 'falcon.request.Request.env']",15
DevEval,Internet/falcon,11,20,3,0.6666666666666666,0.0,"['falcon.errors', 'falcon.request.Request.env']",19
DevEval,Internet/falcon,12,10,1,0.0,0.0,[],10
DevEval,Internet/falcon,12,15,1,0.0,0.0,[],15
DevEval,Internet/falcon,12,20,1,0.0,0.0,[],15
DevEval,Internet/falcon,13,10,4,0.25,0.25,['falcon.http_error.HTTPError.to_dict'],10
DevEval,Internet/falcon,13,15,4,0.25,0.25,['falcon.http_error.HTTPError.to_dict'],15
DevEval,Internet/falcon,13,20,4,0.25,0.25,['falcon.http_error.HTTPError.to_dict'],20
DevEval,Internet/falcon,14,10,2,0.0,0.0,[],10
DevEval,Internet/falcon,14,15,2,0.0,0.0,[],15
DevEval,Internet/falcon,14,20,2,0.0,0.0,[],20
DevEval,Internet/falcon,15,10,6,0.3333333333333333,0.3333333333333333,"['falcon.inspect._get_source_info_and_name', 'falcon.inspect._is_internal']",10
DevEval,Internet/falcon,15,15,6,0.3333333333333333,0.3333333333333333,"['falcon.inspect._get_source_info_and_name', 'falcon.inspect._is_internal']",15
DevEval,Internet/falcon,15,20,6,0.3333333333333333,0.3333333333333333,"['falcon.inspect._get_source_info_and_name', 'falcon.inspect._is_internal']",20
DevEval,Internet/falcon,16,10,2,0.5,0.0,['falcon.response.Response._headers'],10
DevEval,Internet/falcon,16,15,2,0.5,0.0,['falcon.response.Response._headers'],15
DevEval,Internet/falcon,16,20,2,0.5,0.0,['falcon.response.Response._headers'],20
DevEval,Internet/falcon,17,10,18,0.1111111111111111,0.1111111111111111,"['falcon.inspect._get_source_info', 'falcon.inspect._get_source_info_and_name']",10
DevEval,Internet/falcon,17,15,18,0.1111111111111111,0.1111111111111111,"['falcon.inspect._get_source_info', 'falcon.inspect._get_source_info_and_name']",15
DevEval,Internet/falcon,17,20,18,0.1111111111111111,0.1111111111111111,"['falcon.inspect._get_source_info', 'falcon.inspect._get_source_info_and_name']",20
DevEval,Internet/falcon,18,10,2,0.0,0.0,[],10
DevEval,Internet/falcon,18,15,2,0.0,0.0,[],15
DevEval,Internet/falcon,18,20,2,0.0,0.0,[],15
DevEval,Internet/falcon,19,10,4,0.75,0.75,"['falcon.request.Request.forwarded_host', 'falcon.request.Request.forwarded_scheme', 'falcon.request.Request.relative_uri']",10
DevEval,Internet/falcon,19,15,4,0.75,0.75,"['falcon.request.Request.forwarded_host', 'falcon.request.Request.forwarded_scheme', 'falcon.request.Request.relative_uri']",15
DevEval,Internet/falcon,19,20,4,0.75,0.75,"['falcon.request.Request.forwarded_host', 'falcon.request.Request.forwarded_scheme', 'falcon.request.Request.relative_uri']",20
DevEval,Internet/falcon,20,10,2,0.0,0.0,[],10
DevEval,Internet/falcon,20,15,2,0.0,0.0,[],15
DevEval,Internet/falcon,20,20,2,0.5,0.0,['falcon.routing.converters.strptime'],20
DevEval,Internet/falcon,21,10,1,1.0,1.0,['falcon.cmd.inspect_app.main'],10
DevEval,Internet/falcon,21,15,1,1.0,1.0,['falcon.cmd.inspect_app.main'],15
DevEval,Internet/falcon,21,20,1,1.0,1.0,['falcon.cmd.inspect_app.main'],20
DevEval,Internet/falcon,22,10,1,0.0,0.0,[],10
DevEval,Internet/falcon,22,15,1,0.0,0.0,[],13
DevEval,Internet/falcon,22,20,1,0.0,0.0,[],13
DevEval,Internet/falcon,23,10,3,0.6666666666666666,0.6666666666666666,"['falcon.asgi.reader.BufferedReader._consume_delimiter', 'falcon.asgi.reader.BufferedReader._iter_delimited']",10
DevEval,Internet/falcon,23,15,3,0.6666666666666666,0.6666666666666666,"['falcon.asgi.reader.BufferedReader._consume_delimiter', 'falcon.asgi.reader.BufferedReader._iter_delimited']",15
DevEval,Internet/falcon,23,20,3,0.6666666666666666,0.6666666666666666,"['falcon.asgi.reader.BufferedReader._consume_delimiter', 'falcon.asgi.reader.BufferedReader._iter_delimited']",20
DevEval,Internet/falcon,24,10,4,0.0,0.0,[],10
DevEval,Internet/falcon,24,15,4,0.0,0.0,[],15
DevEval,Internet/falcon,24,20,4,0.0,0.0,[],20
DevEval,Internet/falcon,25,10,1,1.0,0.0,['falcon.request.Request.env'],10
DevEval,Internet/falcon,25,15,1,1.0,0.0,['falcon.request.Request.env'],15
DevEval,Internet/falcon,25,20,1,1.0,0.0,['falcon.request.Request.env'],20
DevEval,Internet/falcon,26,10,3,0.0,0.0,[],10
DevEval,Internet/falcon,26,15,3,0.0,0.0,[],15
DevEval,Internet/falcon,26,20,3,0.0,0.0,[],20
DevEval,Internet/falcon,27,10,9,0.5555555555555556,0.5555555555555556,"['falcon.inspect.inspect_error_handlers', 'falcon.inspect.inspect_middleware', 'falcon.inspect.inspect_routes', 'falcon.inspect.inspect_sinks', 'falcon.inspect.inspect_static_routes']",10
DevEval,Internet/falcon,27,15,9,0.5555555555555556,0.5555555555555556,"['falcon.inspect.inspect_error_handlers', 'falcon.inspect.inspect_middleware', 'falcon.inspect.inspect_routes', 'falcon.inspect.inspect_sinks', 'falcon.inspect.inspect_static_routes']",15
DevEval,Internet/falcon,27,20,9,0.5555555555555556,0.5555555555555556,"['falcon.inspect.inspect_error_handlers', 'falcon.inspect.inspect_middleware', 'falcon.inspect.inspect_routes', 'falcon.inspect.inspect_sinks', 'falcon.inspect.inspect_static_routes']",20
DevEval,Internet/falcon,28,10,4,0.5,0.0,"['falcon.request.Request.env', 'falcon.request.WSGI_CONTENT_HEADERS']",10
DevEval,Internet/falcon,28,15,4,0.75,0.0,"['falcon.errors', 'falcon.request.Request.env', 'falcon.request.WSGI_CONTENT_HEADERS']",15
DevEval,Internet/falcon,28,20,4,0.75,0.0,"['falcon.errors', 'falcon.request.Request.env', 'falcon.request.WSGI_CONTENT_HEADERS']",20
DevEval,Internet/falcon,29,10,2,1.0,0.5,"['falcon.request.Request.env', 'falcon.util.uri.parse_host']",10
DevEval,Internet/falcon,29,15,2,1.0,0.5,"['falcon.request.Request.env', 'falcon.util.uri.parse_host']",15
DevEval,Internet/falcon,29,20,2,1.0,0.5,"['falcon.request.Request.env', 'falcon.util.uri.parse_host']",20
DevEval,Internet/falcon,30,10,4,0.0,0.0,[],10
DevEval,Internet/falcon,30,15,4,0.0,0.0,[],15
DevEval,Internet/falcon,30,20,4,0.0,0.0,[],20
DevEval,Internet/falcon,31,10,4,0.5,0.5,"['falcon.request.Request.forwarded_host', 'falcon.request.Request.forwarded_scheme']",10
DevEval,Internet/falcon,31,15,4,0.5,0.5,"['falcon.request.Request.forwarded_host', 'falcon.request.Request.forwarded_scheme']",15
DevEval,Internet/falcon,31,20,4,0.5,0.5,"['falcon.request.Request.forwarded_host', 'falcon.request.Request.forwarded_scheme']",20
DevEval,Internet/falcon,32,10,1,0.0,0.0,[],10
DevEval,Internet/falcon,32,15,1,0.0,0.0,[],15
DevEval,Internet/falcon,32,20,1,0.0,0.0,[],15
DevEval,Internet/falcon,33,10,4,0.75,0.75,"['falcon.request.Request.netloc', 'falcon.request.Request.relative_uri', 'falcon.request.Request.scheme']",10
DevEval,Internet/falcon,33,15,4,0.75,0.75,"['falcon.request.Request.netloc', 'falcon.request.Request.relative_uri', 'falcon.request.Request.scheme']",15
DevEval,Internet/falcon,33,20,4,0.75,0.75,"['falcon.request.Request.netloc', 'falcon.request.Request.relative_uri', 'falcon.request.Request.scheme']",20
DevEval,Internet/falcon,34,10,2,0.5,0.0,['falcon.response.Response._headers'],10
DevEval,Internet/falcon,34,15,2,0.5,0.0,['falcon.response.Response._headers'],15
DevEval,Internet/falcon,34,20,2,0.5,0.0,['falcon.response.Response._headers'],20
DevEval,Internet/falcon,35,10,2,0.0,0.0,[],10
DevEval,Internet/falcon,35,15,2,0.0,0.0,[],15
DevEval,Internet/falcon,35,20,2,0.0,0.0,[],20
DevEval,Internet/falcon,36,10,1,0.0,0.0,[],10
DevEval,Internet/falcon,36,15,1,0.0,0.0,[],15
DevEval,Internet/falcon,36,20,1,0.0,0.0,[],20
DevEval,Internet/falcon,37,10,6,1.0,0.16666666666666666,"['falcon.asgi.reader.BufferedReader._buffer', 'falcon.asgi.reader.BufferedReader._buffer_len', 'falcon.asgi.reader.BufferedReader._buffer_pos', 'falcon.asgi.reader.BufferedReader._chunk_size', 'falcon.asgi.reader.BufferedReader._source', 'falcon.asgi.reader.BufferedReader._trim_buffer']",10
DevEval,Internet/falcon,37,15,6,1.0,0.16666666666666666,"['falcon.asgi.reader.BufferedReader._buffer', 'falcon.asgi.reader.BufferedReader._buffer_len', 'falcon.asgi.reader.BufferedReader._buffer_pos', 'falcon.asgi.reader.BufferedReader._chunk_size', 'falcon.asgi.reader.BufferedReader._source', 'falcon.asgi.reader.BufferedReader._trim_buffer']",15
DevEval,Internet/falcon,37,20,6,1.0,0.16666666666666666,"['falcon.asgi.reader.BufferedReader._buffer', 'falcon.asgi.reader.BufferedReader._buffer_len', 'falcon.asgi.reader.BufferedReader._buffer_pos', 'falcon.asgi.reader.BufferedReader._chunk_size', 'falcon.asgi.reader.BufferedReader._source', 'falcon.asgi.reader.BufferedReader._trim_buffer']",20
DevEval,Internet/falcon,38,10,2,0.0,0.0,[],10
DevEval,Internet/falcon,38,15,2,0.0,0.0,[],15
DevEval,Internet/falcon,38,20,2,0.0,0.0,[],20
DevEval,Internet/falcon,39,10,3,0.6666666666666666,0.0,"['falcon.request.Request.env', 'falcon.request.WSGI_CONTENT_HEADERS']",10
DevEval,Internet/falcon,39,15,3,0.6666666666666666,0.0,"['falcon.request.Request.env', 'falcon.request.WSGI_CONTENT_HEADERS']",15
DevEval,Internet/falcon,39,20,3,0.6666666666666666,0.0,"['falcon.request.Request.env', 'falcon.request.WSGI_CONTENT_HEADERS']",20
DevEval,Internet/falcon,40,10,4,0.5,0.25,"['falcon.request.Request._cookies', 'falcon.request.Request.get_header']",10
DevEval,Internet/falcon,40,15,4,0.5,0.25,"['falcon.request.Request._cookies', 'falcon.request.Request.get_header']",15
DevEval,Internet/falcon,40,20,4,0.5,0.25,"['falcon.request.Request._cookies', 'falcon.request.Request.get_header']",20
DevEval,Internet/falcon,41,10,3,0.6666666666666666,0.3333333333333333,"['falcon.request.Request.accept', 'falcon.vendor.mimeparse']",10
DevEval,Internet/falcon,41,15,3,0.6666666666666666,0.3333333333333333,"['falcon.request.Request.accept', 'falcon.vendor.mimeparse']",15
DevEval,Internet/falcon,41,20,3,0.6666666666666666,0.3333333333333333,"['falcon.request.Request.accept', 'falcon.vendor.mimeparse']",20
DevEval,Internet/falcon,42,10,1,1.0,1.0,['falcon.request.Request.client_accepts'],10
DevEval,Internet/falcon,42,15,1,1.0,1.0,['falcon.request.Request.client_accepts'],15
DevEval,Internet/falcon,42,20,1,1.0,1.0,['falcon.request.Request.client_accepts'],20
DevEval,Internet/falcon,43,10,2,0.5,0.5,['falcon.request.Request._get_wrapped_wsgi_input'],10
DevEval,Internet/falcon,43,15,2,0.5,0.5,['falcon.request.Request._get_wrapped_wsgi_input'],15
DevEval,Internet/falcon,43,20,2,0.5,0.5,['falcon.request.Request._get_wrapped_wsgi_input'],20
DevEval,Internet/falcon,44,10,4,0.25,0.0,['falcon.constants.COMBINED_METHODS'],10
DevEval,Internet/falcon,44,15,4,0.25,0.0,['falcon.constants.COMBINED_METHODS'],15
DevEval,Internet/falcon,44,20,4,0.25,0.0,['falcon.constants.COMBINED_METHODS'],20
DevEval,Internet/falcon,45,10,5,0.0,0.0,[],10
DevEval,Internet/falcon,45,15,5,0.0,0.0,[],15
DevEval,Internet/falcon,45,20,5,0.0,0.0,[],20
DevEval,Internet/falcon,46,10,4,0.5,0.5,"['falcon.request.Request.netloc', 'falcon.request.Request.scheme']",10
DevEval,Internet/falcon,46,15,4,0.5,0.5,"['falcon.request.Request.netloc', 'falcon.request.Request.scheme']",15
DevEval,Internet/falcon,46,20,4,0.5,0.5,"['falcon.request.Request.netloc', 'falcon.request.Request.scheme']",20
DevEval,Internet/falcon,47,10,3,0.0,0.0,[],10
DevEval,Internet/falcon,47,15,3,0.0,0.0,[],15
DevEval,Internet/falcon,47,20,3,0.0,0.0,[],20
DevEval,Internet/falcon,48,10,3,0.3333333333333333,0.3333333333333333,['falcon.forwarded._parse_forwarded_header'],10
DevEval,Internet/falcon,48,15,3,0.6666666666666666,0.3333333333333333,"['falcon.forwarded._parse_forwarded_header', 'falcon.request.Request._cached_forwarded']",15
DevEval,Internet/falcon,48,20,3,0.6666666666666666,0.3333333333333333,"['falcon.forwarded._parse_forwarded_header', 'falcon.request.Request._cached_forwarded']",20
DevEval,Internet/falcon,49,10,2,0.5,0.0,['falcon.response.Response._headers'],10
DevEval,Internet/falcon,49,15,2,0.5,0.0,['falcon.response.Response._headers'],15
DevEval,Internet/falcon,49,20,2,0.5,0.0,['falcon.response.Response._headers'],20
DevEval,Internet/google-api-python-client,2,10,1,1.0,1.0,['googleapiclient._helpers.parse_unique_urlencoded'],10
DevEval,Internet/google-api-python-client,2,15,1,1.0,1.0,['googleapiclient._helpers.parse_unique_urlencoded'],15
DevEval,Internet/google-api-python-client,2,20,1,1.0,1.0,['googleapiclient._helpers.parse_unique_urlencoded'],20
DevEval,Internet/google-api-python-client,3,10,8,0.0,0.0,[],10
DevEval,Internet/google-api-python-client,3,15,8,0.0,0.0,[],15
DevEval,Internet/google-api-python-client,3,20,8,0.0,0.0,[],20
DevEval,Internet/google-api-python-client,4,10,1,0.0,0.0,[],10
DevEval,Internet/google-api-python-client,4,15,1,0.0,0.0,[],15
DevEval,Internet/google-api-python-client,4,20,1,0.0,0.0,[],20
DevEval,Internet/google-api-python-client,5,10,5,0.6,0.4,"['googleapiclient.errors.HttpError', 'googleapiclient.model.BaseModel._log_response', 'googleapiclient.model.LOGGER']",10
DevEval,Internet/google-api-python-client,5,15,5,0.6,0.4,"['googleapiclient.errors.HttpError', 'googleapiclient.model.BaseModel._log_response', 'googleapiclient.model.LOGGER']",15
DevEval,Internet/google-api-python-client,5,20,5,0.6,0.4,"['googleapiclient.errors.HttpError', 'googleapiclient.model.BaseModel._log_response', 'googleapiclient.model.LOGGER']",20
DevEval,Internet/google-api-python-client,6,10,11,0.18181818181818182,0.09090909090909091,"['googleapiclient.channel.Channel.id', 'googleapiclient.channel._upper_header_keys']",10
DevEval,Internet/google-api-python-client,6,15,11,0.2727272727272727,0.09090909090909091,"['googleapiclient.channel.Channel.id', 'googleapiclient.channel._upper_header_keys', 'googleapiclient.errors']",15
DevEval,Internet/google-api-python-client,6,20,11,0.2727272727272727,0.09090909090909091,"['googleapiclient.channel.Channel.id', 'googleapiclient.channel._upper_header_keys', 'googleapiclient.errors']",20
DevEval,Internet/google-api-python-client,7,10,3,0.3333333333333333,0.3333333333333333,['googleapiclient.channel.Channel'],10
DevEval,Internet/google-api-python-client,7,15,3,0.3333333333333333,0.3333333333333333,['googleapiclient.channel.Channel'],15
DevEval,Internet/google-api-python-client,7,20,3,0.3333333333333333,0.3333333333333333,['googleapiclient.channel.Channel'],20
DevEval,Internet/google-api-python-client,8,10,1,1.0,1.0,['googleapiclient._helpers.update_query_params'],10
DevEval,Internet/google-api-python-client,8,15,1,1.0,1.0,['googleapiclient._helpers.update_query_params'],15
DevEval,Internet/google-api-python-client,8,20,1,1.0,1.0,['googleapiclient._helpers.update_query_params'],20
DevEval,Internet/google-api-python-client,9,10,1,0.0,0.0,[],10
DevEval,Internet/google-api-python-client,9,15,1,0.0,0.0,[],15
DevEval,Internet/google-api-python-client,9,20,1,0.0,0.0,[],20
DevEval,Internet/google-api-python-client,10,10,1,0.0,0.0,[],10
DevEval,Internet/google-api-python-client,10,15,1,0.0,0.0,[],15
DevEval,Internet/google-api-python-client,10,20,1,0.0,0.0,[],20
DevEval,Internet/python-twitter,1,10,5,0.6,0.4,"['twitter.api.Api.GetHelpConfiguration', 'twitter.api.Api._config', 'twitter.twitter_utils.is_url']",10
DevEval,Internet/python-twitter,1,15,5,0.6,0.4,"['twitter.api.Api.GetHelpConfiguration', 'twitter.api.Api._config', 'twitter.twitter_utils.is_url']",15
DevEval,Internet/python-twitter,1,20,5,0.6,0.4,"['twitter.api.Api.GetHelpConfiguration', 'twitter.api.Api._config', 'twitter.twitter_utils.is_url']",15
DevEval,Internet/python-twitter,2,10,2,0.0,0.0,[],10
DevEval,Internet/python-twitter,2,15,2,0.0,0.0,[],15
DevEval,Internet/python-twitter,2,20,2,0.0,0.0,[],20
DevEval,Internet/python-twitter,3,10,2,0.0,0.0,[],10
DevEval,Internet/python-twitter,3,15,2,0.0,0.0,[],15
DevEval,Internet/python-twitter,3,20,2,0.0,0.0,[],20
DevEval,Internet/sumy,7,10,1,1.0,1.0,['sumy._compat.to_unicode'],10
DevEval,Internet/sumy,7,15,1,1.0,1.0,['sumy._compat.to_unicode'],15
DevEval,Internet/sumy,7,20,1,1.0,1.0,['sumy._compat.to_unicode'],20
DevEval,Internet/sumy,8,10,3,0.6666666666666666,0.6666666666666666,"['sumy.summarizers._summarizer.AbstractSummarizer.normalize_word', 'sumy.summarizers._summarizer.AbstractSummarizer.stem_word']",10
DevEval,Internet/sumy,8,15,3,0.6666666666666666,0.6666666666666666,"['sumy.summarizers._summarizer.AbstractSummarizer.normalize_word', 'sumy.summarizers._summarizer.AbstractSummarizer.stem_word']",15
DevEval,Internet/sumy,8,20,3,0.6666666666666666,0.6666666666666666,"['sumy.summarizers._summarizer.AbstractSummarizer.normalize_word', 'sumy.summarizers._summarizer.AbstractSummarizer.stem_word']",20
DevEval,Internet/sumy,9,10,2,0.5,0.5,['sumy.summarizers.edmundson.EdmundsonSummarizer._build_location_method_instance'],10
DevEval,Internet/sumy,9,15,2,0.5,0.5,['sumy.summarizers.edmundson.EdmundsonSummarizer._build_location_method_instance'],15
DevEval,Internet/sumy,9,20,2,0.5,0.5,['sumy.summarizers.edmundson.EdmundsonSummarizer._build_location_method_instance'],20
DevEval,Internet/sumy,10,10,2,1.0,1.0,"['sumy.evaluation.rouge._recon_lcs', 'sumy.evaluation.rouge._split_into_words']",10
DevEval,Internet/sumy,10,15,2,1.0,1.0,"['sumy.evaluation.rouge._recon_lcs', 'sumy.evaluation.rouge._split_into_words']",14
DevEval,Internet/sumy,10,20,2,1.0,1.0,"['sumy.evaluation.rouge._recon_lcs', 'sumy.evaluation.rouge._split_into_words']",14
DevEval,Internet/sumy,11,10,2,0.5,0.5,['sumy.evaluation.rouge._get_ngrams'],10
DevEval,Internet/sumy,11,15,2,0.5,0.5,['sumy.evaluation.rouge._get_ngrams'],15
DevEval,Internet/sumy,11,20,2,0.5,0.5,['sumy.evaluation.rouge._get_ngrams'],18
DevEval,Internet/sumy,12,10,3,1.0,0.3333333333333333,"['sumy._compat.bytes', 'sumy._compat.instance_to_unicode', 'sumy._compat.unicode']",10
DevEval,Internet/sumy,12,15,3,1.0,0.3333333333333333,"['sumy._compat.bytes', 'sumy._compat.instance_to_unicode', 'sumy._compat.unicode']",15
DevEval,Internet/sumy,12,20,3,1.0,0.3333333333333333,"['sumy._compat.bytes', 'sumy._compat.instance_to_unicode', 'sumy._compat.unicode']",20
DevEval,Internet/sumy,13,10,2,1.0,1.0,"['sumy.evaluation.rouge._get_index_of_lcs', 'sumy.evaluation.rouge._lcs']",10
DevEval,Internet/sumy,13,15,2,1.0,1.0,"['sumy.evaluation.rouge._get_index_of_lcs', 'sumy.evaluation.rouge._lcs']",15
DevEval,Internet/sumy,13,20,2,1.0,1.0,"['sumy.evaluation.rouge._get_index_of_lcs', 'sumy.evaluation.rouge._lcs']",20
DevEval,Internet/sumy,14,10,3,1.0,0.3333333333333333,"['sumy._compat.bytes', 'sumy._compat.instance_to_bytes', 'sumy._compat.unicode']",10
DevEval,Internet/sumy,14,15,3,1.0,0.3333333333333333,"['sumy._compat.bytes', 'sumy._compat.instance_to_bytes', 'sumy._compat.unicode']",15
DevEval,Internet/sumy,14,20,3,1.0,0.3333333333333333,"['sumy._compat.bytes', 'sumy._compat.instance_to_bytes', 'sumy._compat.unicode']",20
DevEval,Internet/sumy,15,10,4,0.5,0.5,"['sumy.summarizers._summarizer.AbstractSummarizer.normalize_word', 'sumy.summarizers._summarizer.AbstractSummarizer.stem_word']",10
DevEval,Internet/sumy,15,15,4,0.5,0.5,"['sumy.summarizers._summarizer.AbstractSummarizer.normalize_word', 'sumy.summarizers._summarizer.AbstractSummarizer.stem_word']",15
DevEval,Internet/sumy,15,20,4,0.5,0.5,"['sumy.summarizers._summarizer.AbstractSummarizer.normalize_word', 'sumy.summarizers._summarizer.AbstractSummarizer.stem_word']",20
DevEval,Internet/sumy,16,10,2,0.5,0.5,['sumy.summarizers.reduction.ReductionSummarizer._rate_sentences_edge'],10
DevEval,Internet/sumy,16,15,2,0.5,0.5,['sumy.summarizers.reduction.ReductionSummarizer._rate_sentences_edge'],15
DevEval,Internet/sumy,16,20,2,0.5,0.5,['sumy.summarizers.reduction.ReductionSummarizer._rate_sentences_edge'],20
DevEval,Internet/sumy,17,10,4,0.75,0.75,"['sumy.summarizers.sum_basic.SumBasicSummarizer._compute_tf', 'sumy.summarizers.sum_basic.SumBasicSummarizer._find_index_of_best_sentence', 'sumy.summarizers.sum_basic.SumBasicSummarizer._update_tf']",10
DevEval,Internet/sumy,17,15,4,0.75,0.75,"['sumy.summarizers.sum_basic.SumBasicSummarizer._compute_tf', 'sumy.summarizers.sum_basic.SumBasicSummarizer._find_index_of_best_sentence', 'sumy.summarizers.sum_basic.SumBasicSummarizer._update_tf']",15
DevEval,Internet/sumy,17,20,4,0.75,0.75,"['sumy.summarizers.sum_basic.SumBasicSummarizer._compute_tf', 'sumy.summarizers.sum_basic.SumBasicSummarizer._find_index_of_best_sentence', 'sumy.summarizers.sum_basic.SumBasicSummarizer._update_tf']",20
DevEval,Internet/sumy,18,10,2,0.5,0.5,['sumy.summarizers.edmundson.EdmundsonSummarizer._build_cue_method_instance'],10
DevEval,Internet/sumy,18,15,2,0.5,0.5,['sumy.summarizers.edmundson.EdmundsonSummarizer._build_cue_method_instance'],15
DevEval,Internet/sumy,18,20,2,0.5,0.5,['sumy.summarizers.edmundson.EdmundsonSummarizer._build_cue_method_instance'],20
DevEval,Internet/sumy,19,10,4,0.75,0.75,"['sumy.summarizers.sum_basic.SumBasicSummarizer._filter_out_stop_words', 'sumy.summarizers.sum_basic.SumBasicSummarizer._normalize_words', 'sumy.summarizers.sum_basic.SumBasicSummarizer._stem_words']",10
DevEval,Internet/sumy,19,15,4,0.75,0.75,"['sumy.summarizers.sum_basic.SumBasicSummarizer._filter_out_stop_words', 'sumy.summarizers.sum_basic.SumBasicSummarizer._normalize_words', 'sumy.summarizers.sum_basic.SumBasicSummarizer._stem_words']",15
DevEval,Internet/sumy,19,20,4,0.75,0.75,"['sumy.summarizers.sum_basic.SumBasicSummarizer._filter_out_stop_words', 'sumy.summarizers.sum_basic.SumBasicSummarizer._normalize_words', 'sumy.summarizers.sum_basic.SumBasicSummarizer._stem_words']",20
DevEval,Internet/sumy,20,10,6,0.3333333333333333,0.16666666666666666,"['sumy.parsers.parser.DocumentParser._tokenizer', 'sumy.parsers.plaintext.PlaintextParser._to_sentences']",10
DevEval,Internet/sumy,20,15,6,0.3333333333333333,0.16666666666666666,"['sumy.parsers.parser.DocumentParser._tokenizer', 'sumy.parsers.plaintext.PlaintextParser._to_sentences']",15
DevEval,Internet/sumy,20,20,6,0.8333333333333334,0.6666666666666666,"['sumy.models.dom._document.ObjectDocumentModel', 'sumy.models.dom._paragraph.Paragraph', 'sumy.models.dom._sentence.Sentence', 'sumy.parsers.parser.DocumentParser._tokenizer', 'sumy.parsers.plaintext.PlaintextParser._to_sentences']",20
DevEval,Internet/sumy,21,10,2,0.5,0.5,['sumy.summarizers.kl.KLSummarizer._compute_word_freq'],10
DevEval,Internet/sumy,21,15,2,0.5,0.5,['sumy.summarizers.kl.KLSummarizer._compute_word_freq'],15
DevEval,Internet/sumy,21,20,2,0.5,0.5,['sumy.summarizers.kl.KLSummarizer._compute_word_freq'],20
DevEval,Internet/sumy,22,10,3,0.6666666666666666,0.6666666666666666,"['sumy.summarizers._summarizer.AbstractSummarizer.normalize_word', 'sumy.summarizers._summarizer.AbstractSummarizer.stem_word']",10
DevEval,Internet/sumy,22,15,3,0.6666666666666666,0.6666666666666666,"['sumy.summarizers._summarizer.AbstractSummarizer.normalize_word', 'sumy.summarizers._summarizer.AbstractSummarizer.stem_word']",15
DevEval,Internet/sumy,22,20,3,0.6666666666666666,0.6666666666666666,"['sumy.summarizers._summarizer.AbstractSummarizer.normalize_word', 'sumy.summarizers._summarizer.AbstractSummarizer.stem_word']",20
DevEval,Internet/sumy,23,10,2,0.5,0.5,['sumy.utils.parse_stop_words'],10
DevEval,Internet/sumy,23,15,2,0.5,0.5,['sumy.utils.parse_stop_words'],15
DevEval,Internet/sumy,23,20,2,0.5,0.5,['sumy.utils.parse_stop_words'],20
DevEval,Internet/sumy,24,10,6,0.5,0.3333333333333333,"['sumy._compat.to_unicode', 'sumy._compat.unicode', 'sumy.nlp.tokenizers.ArabicSentencesTokenizer.tokenize']",10
DevEval,Internet/sumy,24,15,6,0.5,0.3333333333333333,"['sumy._compat.to_unicode', 'sumy._compat.unicode', 'sumy.nlp.tokenizers.ArabicSentencesTokenizer.tokenize']",15
DevEval,Internet/sumy,24,20,6,0.5,0.3333333333333333,"['sumy._compat.to_unicode', 'sumy._compat.unicode', 'sumy.nlp.tokenizers.ArabicSentencesTokenizer.tokenize']",20
DevEval,Internet/sumy,25,10,2,1.0,1.0,"['sumy.summarizers.sum_basic.SumBasicSummarizer._compute_word_freq', 'sumy.summarizers.sum_basic.SumBasicSummarizer._get_all_content_words_in_doc']",10
DevEval,Internet/sumy,25,15,2,1.0,1.0,"['sumy.summarizers.sum_basic.SumBasicSummarizer._compute_word_freq', 'sumy.summarizers.sum_basic.SumBasicSummarizer._get_all_content_words_in_doc']",15
DevEval,Internet/sumy,25,20,2,1.0,1.0,"['sumy.summarizers.sum_basic.SumBasicSummarizer._compute_word_freq', 'sumy.summarizers.sum_basic.SumBasicSummarizer._get_all_content_words_in_doc']",20
DevEval,Internet/sumy,26,10,2,1.0,1.0,"['sumy.evaluation.rouge._get_index_of_lcs', 'sumy.evaluation.rouge._lcs']",10
DevEval,Internet/sumy,26,15,2,1.0,1.0,"['sumy.evaluation.rouge._get_index_of_lcs', 'sumy.evaluation.rouge._lcs']",14
DevEval,Internet/sumy,26,20,2,1.0,1.0,"['sumy.evaluation.rouge._get_index_of_lcs', 'sumy.evaluation.rouge._lcs']",14
DevEval,Internet/sumy,27,10,2,0.5,0.5,['sumy.summarizers.edmundson.EdmundsonSummarizer._build_title_method_instance'],10
DevEval,Internet/sumy,27,15,2,0.5,0.5,['sumy.summarizers.edmundson.EdmundsonSummarizer._build_title_method_instance'],15
DevEval,Internet/sumy,27,20,2,0.5,0.5,['sumy.summarizers.edmundson.EdmundsonSummarizer._build_title_method_instance'],16
DevEval,Internet/sumy,28,10,3,1.0,1.0,"['sumy.summarizers.sum_basic.SumBasicSummarizer._filter_out_stop_words', 'sumy.summarizers.sum_basic.SumBasicSummarizer._get_all_words_in_doc', 'sumy.summarizers.sum_basic.SumBasicSummarizer._normalize_words']",10
DevEval,Internet/sumy,28,15,3,1.0,1.0,"['sumy.summarizers.sum_basic.SumBasicSummarizer._filter_out_stop_words', 'sumy.summarizers.sum_basic.SumBasicSummarizer._get_all_words_in_doc', 'sumy.summarizers.sum_basic.SumBasicSummarizer._normalize_words']",15
DevEval,Internet/sumy,28,20,3,1.0,1.0,"['sumy.summarizers.sum_basic.SumBasicSummarizer._filter_out_stop_words', 'sumy.summarizers.sum_basic.SumBasicSummarizer._get_all_words_in_doc', 'sumy.summarizers.sum_basic.SumBasicSummarizer._normalize_words']",20
DevEval,Internet/sumy,29,10,2,0.5,0.5,['sumy.summarizers.edmundson.EdmundsonSummarizer._build_key_method_instance'],10
DevEval,Internet/sumy,29,15,2,0.5,0.5,['sumy.summarizers.edmundson.EdmundsonSummarizer._build_key_method_instance'],15
DevEval,Internet/sumy,29,20,2,0.5,0.5,['sumy.summarizers.edmundson.EdmundsonSummarizer._build_key_method_instance'],20
DevEval,Internet/sumy,30,10,1,0.0,0.0,[],10
DevEval,Internet/sumy,30,15,1,0.0,0.0,[],15
DevEval,Internet/sumy,30,20,1,0.0,0.0,[],16
DevEval,Multimedia/Mopidy,11,10,9,0.1111111111111111,0.1111111111111111,['mopidy.ext.Extension.get_config_schema'],10
DevEval,Multimedia/Mopidy,11,15,9,0.2222222222222222,0.1111111111111111,"['mopidy.config', 'mopidy.ext.Extension.get_config_schema']",15
DevEval,Multimedia/Mopidy,11,20,9,0.2222222222222222,0.1111111111111111,"['mopidy.config', 'mopidy.ext.Extension.get_config_schema']",20
DevEval,Multimedia/Mopidy,12,10,13,0.23076923076923078,0.07692307692307693,"['mopidy.config', 'mopidy.ext.Extension.validate_environment', 'mopidy.ext.logger']",10
DevEval,Multimedia/Mopidy,12,15,13,0.23076923076923078,0.07692307692307693,"['mopidy.config', 'mopidy.ext.Extension.validate_environment', 'mopidy.ext.logger']",15
DevEval,Multimedia/Mopidy,12,20,13,0.23076923076923078,0.07692307692307693,"['mopidy.config', 'mopidy.ext.Extension.validate_environment', 'mopidy.ext.logger']",20
DevEval,Multimedia/Mopidy,13,10,6,0.5,0.5,"['mopidy.config._load', 'mopidy.config._validate', 'mopidy.config.read']",10
DevEval,Multimedia/Mopidy,13,15,6,0.5,0.5,"['mopidy.config._load', 'mopidy.config._validate', 'mopidy.config.read']",15
DevEval,Multimedia/Mopidy,13,20,6,0.5,0.5,"['mopidy.config._load', 'mopidy.config._validate', 'mopidy.config.read']",20
DevEval,Multimedia/Mopidy,14,10,2,0.5,0.5,['mopidy.config.types.encode'],10
DevEval,Multimedia/Mopidy,14,15,2,0.5,0.5,['mopidy.config.types.encode'],15
DevEval,Multimedia/Mopidy,14,20,2,0.5,0.5,['mopidy.config.types.encode'],20
DevEval,Multimedia/Mopidy,15,10,9,0.4444444444444444,0.3333333333333333,"['mopidy.ext.Extension', 'mopidy.ext.Extension.get_command', 'mopidy.ext.Extension.get_config_schema', 'mopidy.ext.logger']",10
DevEval,Multimedia/Mopidy,15,15,9,0.4444444444444444,0.3333333333333333,"['mopidy.ext.Extension', 'mopidy.ext.Extension.get_command', 'mopidy.ext.Extension.get_config_schema', 'mopidy.ext.logger']",15
DevEval,Multimedia/Mopidy,15,20,9,0.5555555555555556,0.4444444444444444,"['mopidy.ext.Extension', 'mopidy.ext.Extension.get_command', 'mopidy.ext.Extension.get_config_schema', 'mopidy.ext.Extension.get_default_config', 'mopidy.ext.logger']",20
DevEval,Multimedia/Mopidy,16,10,2,0.5,0.0,['mopidy'],10
DevEval,Multimedia/Mopidy,16,15,2,0.5,0.0,['mopidy'],15
DevEval,Multimedia/Mopidy,16,20,2,0.5,0.0,['mopidy'],20
DevEval,Multimedia/Mopidy,17,10,2,0.0,0.0,[],10
DevEval,Multimedia/Mopidy,17,15,2,0.0,0.0,[],15
DevEval,Multimedia/Mopidy,17,20,2,0.0,0.0,[],20
DevEval,Multimedia/Mopidy,18,10,5,0.2,0.2,['mopidy.config.types.decode'],10
DevEval,Multimedia/Mopidy,18,15,5,0.4,0.2,"['mopidy.config.types.decode', 'mopidy.internal.log']",15
DevEval,Multimedia/Mopidy,18,20,5,0.4,0.2,"['mopidy.config.types.decode', 'mopidy.internal.log']",20
DevEval,Multimedia/Mopidy,19,10,9,0.2222222222222222,0.2222222222222222,"['mopidy.config.types.String.deserialize', 'mopidy.config.types.decode']",10
DevEval,Multimedia/Mopidy,19,15,9,0.2222222222222222,0.2222222222222222,"['mopidy.config.types.String.deserialize', 'mopidy.config.types.decode']",15
DevEval,Multimedia/Mopidy,19,20,9,0.4444444444444444,0.3333333333333333,"['mopidy.config.types.String.deserialize', 'mopidy.config.types.decode', 'mopidy.config.validators', 'mopidy.config.validators.validate_required']",20
DevEval,Multimedia/Mopidy,20,10,5,0.2,0.0,['mopidy.ext.Config'],10
DevEval,Multimedia/Mopidy,20,15,5,0.2,0.0,['mopidy.ext.Config'],15
DevEval,Multimedia/Mopidy,20,20,5,0.2,0.0,['mopidy.ext.Config'],20
DevEval,Multimedia/Mopidy,21,10,3,0.3333333333333333,0.3333333333333333,['mopidy.internal.validation._check_iterable'],10
DevEval,Multimedia/Mopidy,21,15,3,0.3333333333333333,0.3333333333333333,['mopidy.internal.validation._check_iterable'],15
DevEval,Multimedia/Mopidy,21,20,3,0.3333333333333333,0.3333333333333333,['mopidy.internal.validation._check_iterable'],20
DevEval,Multimedia/Mopidy,22,10,5,0.2,0.0,['mopidy.ext.Config'],10
DevEval,Multimedia/Mopidy,22,15,5,0.2,0.0,['mopidy.ext.Config'],15
DevEval,Multimedia/Mopidy,22,20,5,0.2,0.0,['mopidy.ext.Config'],20
DevEval,Multimedia/Mopidy,23,10,2,0.5,0.5,['mopidy.config.types.String.serialize'],10
DevEval,Multimedia/Mopidy,23,15,2,0.5,0.5,['mopidy.config.types.String.serialize'],15
DevEval,Multimedia/Mopidy,23,20,2,1.0,1.0,"['mopidy.config.types.String', 'mopidy.config.types.String.serialize']",20
DevEval,Multimedia/Mopidy,24,10,2,0.5,0.5,['mopidy.config.types.encode'],10
DevEval,Multimedia/Mopidy,24,15,2,0.5,0.5,['mopidy.config.types.encode'],15
DevEval,Multimedia/Mopidy,24,20,2,0.5,0.5,['mopidy.config.types.encode'],20
DevEval,Multimedia/Mopidy,25,10,3,0.6666666666666666,0.3333333333333333,"['mopidy.config.types.encode', 'mopidy.internal.log']",10
DevEval,Multimedia/Mopidy,25,15,3,0.6666666666666666,0.3333333333333333,"['mopidy.config.types.encode', 'mopidy.internal.log']",15
DevEval,Multimedia/Mopidy,25,20,3,0.6666666666666666,0.3333333333333333,"['mopidy.config.types.encode', 'mopidy.internal.log']",20
DevEval,Multimedia/Mopidy,26,10,2,0.0,0.0,[],10
DevEval,Multimedia/Mopidy,26,15,2,0.0,0.0,[],15
DevEval,Multimedia/Mopidy,26,20,2,0.0,0.0,[],20
DevEval,Multimedia/Mopidy,27,10,3,0.3333333333333333,0.3333333333333333,['mopidy.config.types.String.serialize'],10
DevEval,Multimedia/Mopidy,27,15,3,0.6666666666666666,0.6666666666666666,"['mopidy.config.types.String', 'mopidy.config.types.String.serialize']",15
DevEval,Multimedia/Mopidy,27,20,3,0.6666666666666666,0.6666666666666666,"['mopidy.config.types.String', 'mopidy.config.types.String.serialize']",20
DevEval,Multimedia/Mopidy,28,10,5,0.2,0.0,['mopidy.ext.Config'],10
DevEval,Multimedia/Mopidy,28,15,5,0.2,0.0,['mopidy.ext.Config'],15
DevEval,Multimedia/Mopidy,28,20,5,0.2,0.0,['mopidy.ext.Config'],20
DevEval,Multimedia/Mopidy,29,10,9,0.2222222222222222,0.2222222222222222,"['mopidy.config.types.Path.deserialize', 'mopidy.config.types.decode']",10
DevEval,Multimedia/Mopidy,29,15,9,0.3333333333333333,0.3333333333333333,"['mopidy.config.types.Path', 'mopidy.config.types.Path.deserialize', 'mopidy.config.types.decode']",15
DevEval,Multimedia/Mopidy,29,20,9,0.3333333333333333,0.3333333333333333,"['mopidy.config.types.Path', 'mopidy.config.types.Path.deserialize', 'mopidy.config.types.decode']",20
DevEval,Multimedia/Mopidy,30,10,6,0.16666666666666666,0.16666666666666666,['mopidy.config.types.decode'],10
DevEval,Multimedia/Mopidy,30,15,6,0.16666666666666666,0.16666666666666666,['mopidy.config.types.decode'],15
DevEval,Multimedia/Mopidy,30,20,6,0.16666666666666666,0.16666666666666666,['mopidy.config.types.decode'],20
DevEval,Multimedia/Mopidy,31,10,4,0.5,0.25,"['mopidy.config.schemas._did_you_mean', 'mopidy.config.types']",10
DevEval,Multimedia/Mopidy,31,15,4,0.5,0.25,"['mopidy.config.schemas._did_you_mean', 'mopidy.config.types']",15
DevEval,Multimedia/Mopidy,31,20,4,0.5,0.25,"['mopidy.config.schemas._did_you_mean', 'mopidy.config.types']",20
DevEval,Multimedia/Mopidy,32,10,11,0.36363636363636365,0.36363636363636365,"['mopidy.config._format', 'mopidy.config._load', 'mopidy.config._validate', 'mopidy.config.read']",10
DevEval,Multimedia/Mopidy,32,15,11,0.36363636363636365,0.36363636363636365,"['mopidy.config._format', 'mopidy.config._load', 'mopidy.config._validate', 'mopidy.config.read']",15
DevEval,Multimedia/Mopidy,32,20,11,0.36363636363636365,0.36363636363636365,"['mopidy.config._format', 'mopidy.config._load', 'mopidy.config._validate', 'mopidy.config.read']",20
DevEval,Multimedia/Mopidy,33,10,9,0.3333333333333333,0.3333333333333333,"['mopidy.internal.playlists.parse_asx', 'mopidy.internal.playlists.parse_pls', 'mopidy.internal.playlists.parse_urilist']",10
DevEval,Multimedia/Mopidy,33,15,9,0.5555555555555556,0.5555555555555556,"['mopidy.internal.playlists.parse_asx', 'mopidy.internal.playlists.parse_extm3u', 'mopidy.internal.playlists.parse_pls', 'mopidy.internal.playlists.parse_urilist', 'mopidy.internal.playlists.parse_xspf']",15
DevEval,Multimedia/Mopidy,33,20,9,0.5555555555555556,0.5555555555555556,"['mopidy.internal.playlists.parse_asx', 'mopidy.internal.playlists.parse_extm3u', 'mopidy.internal.playlists.parse_pls', 'mopidy.internal.playlists.parse_urilist', 'mopidy.internal.playlists.parse_xspf']",20
DevEval,Multimedia/Mopidy,34,10,10,0.1,0.1,['mopidy.config.types.decode'],10
DevEval,Multimedia/Mopidy,34,15,10,0.1,0.1,['mopidy.config.types.decode'],15
DevEval,Multimedia/Mopidy,34,20,10,0.1,0.1,['mopidy.config.types.decode'],20
DevEval,Multimedia/Mopidy,35,10,4,1.0,0.25,"['mopidy.config.types.Pair._optional_pair', 'mopidy.config.types.Pair._separator', 'mopidy.config.types.Pair._subtypes', 'mopidy.config.types.String.serialize']",10
DevEval,Multimedia/Mopidy,35,15,4,1.0,0.25,"['mopidy.config.types.Pair._optional_pair', 'mopidy.config.types.Pair._separator', 'mopidy.config.types.Pair._subtypes', 'mopidy.config.types.String.serialize']",15
DevEval,Multimedia/Mopidy,35,20,4,1.0,0.25,"['mopidy.config.types.Pair._optional_pair', 'mopidy.config.types.Pair._separator', 'mopidy.config.types.Pair._subtypes', 'mopidy.config.types.String.serialize']",20
DevEval,Multimedia/Mopidy,36,10,4,0.25,0.25,['mopidy.config._load_file'],10
DevEval,Multimedia/Mopidy,36,15,4,0.25,0.25,['mopidy.config._load_file'],15
DevEval,Multimedia/Mopidy,36,20,4,0.25,0.25,['mopidy.config._load_file'],20
DevEval,Multimedia/Mopidy,37,10,8,0.125,0.125,['mopidy.config.types.decode'],10
DevEval,Multimedia/Mopidy,37,15,8,0.125,0.125,['mopidy.config.types.decode'],15
DevEval,Multimedia/Mopidy,37,20,8,0.125,0.125,['mopidy.config.types.decode'],20
DevEval,Multimedia/Mopidy,38,10,1,1.0,0.0,['mopidy.internal.network.logger'],10
DevEval,Multimedia/Mopidy,38,15,1,1.0,0.0,['mopidy.internal.network.logger'],15
DevEval,Multimedia/Mopidy,38,20,1,1.0,0.0,['mopidy.internal.network.logger'],20
DevEval,Multimedia/Mopidy,39,10,1,0.0,0.0,[],10
DevEval,Multimedia/Mopidy,39,15,1,0.0,0.0,[],15
DevEval,Multimedia/Mopidy,39,20,1,0.0,0.0,[],20
DevEval,Multimedia/Mopidy,40,10,2,0.5,0.0,['mopidy.internal.log.LOG_LEVELS'],10
DevEval,Multimedia/Mopidy,40,15,2,0.5,0.0,['mopidy.internal.log.LOG_LEVELS'],15
DevEval,Multimedia/Mopidy,40,20,2,0.5,0.0,['mopidy.internal.log.LOG_LEVELS'],20
DevEval,Multimedia/Mopidy,41,10,1,1.0,1.0,['mopidy.internal.xdg._get_user_dirs'],10
DevEval,Multimedia/Mopidy,41,15,1,1.0,1.0,['mopidy.internal.xdg._get_user_dirs'],15
DevEval,Multimedia/Mopidy,41,20,1,1.0,1.0,['mopidy.internal.xdg._get_user_dirs'],20
DevEval,Multimedia/Mopidy,42,10,4,0.25,0.25,['mopidy.config.types.decode'],10
DevEval,Multimedia/Mopidy,42,15,4,0.25,0.25,['mopidy.config.types.decode'],15
DevEval,Multimedia/Mopidy,42,20,4,0.25,0.25,['mopidy.config.types.decode'],20
DevEval,Multimedia/Mopidy,43,10,1,0.0,0.0,[],10
DevEval,Multimedia/Mopidy,43,15,1,0.0,0.0,[],15
DevEval,Multimedia/Mopidy,43,20,1,0.0,0.0,[],17
DevEval,Multimedia/Mopidy,44,10,1,1.0,1.0,['mopidy.internal.validation._check_iterable'],10
DevEval,Multimedia/Mopidy,44,15,1,1.0,1.0,['mopidy.internal.validation._check_iterable'],15
DevEval,Multimedia/Mopidy,44,20,1,1.0,1.0,['mopidy.internal.validation._check_iterable'],20
DevEval,Multimedia/Mopidy,45,10,2,1.0,0.5,"['mopidy.config', 'mopidy.config.read']",10
DevEval,Multimedia/Mopidy,45,15,2,1.0,0.5,"['mopidy.config', 'mopidy.config.read']",15
DevEval,Multimedia/Mopidy,45,20,2,1.0,0.5,"['mopidy.config', 'mopidy.config.read']",20
DevEval,Multimedia/Mopidy,46,10,8,0.125,0.125,['mopidy.config.types.decode'],10
DevEval,Multimedia/Mopidy,46,15,8,0.125,0.125,['mopidy.config.types.decode'],15
DevEval,Multimedia/Mopidy,46,20,8,0.375,0.25,"['mopidy.config.types.decode', 'mopidy.config.validators', 'mopidy.config.validators.validate_minimum']",20
DevEval,Multimedia/Mopidy,47,10,2,1.0,1.0,"['mopidy.models.immutable.ImmutableObject', 'mopidy.models.immutable.ImmutableObject.replace']",10
DevEval,Multimedia/Mopidy,47,15,2,1.0,1.0,"['mopidy.models.immutable.ImmutableObject', 'mopidy.models.immutable.ImmutableObject.replace']",15
DevEval,Multimedia/Mopidy,47,20,2,1.0,1.0,"['mopidy.models.immutable.ImmutableObject', 'mopidy.models.immutable.ImmutableObject.replace']",15
DevEval,Multimedia/gif-for-cli,5,10,2,0.0,0.0,[],10
DevEval,Multimedia/gif-for-cli,5,15,2,0.0,0.0,[],15
DevEval,Multimedia/gif-for-cli,5,20,2,0.0,0.0,[],20
DevEval,Multimedia/hypertools,10,10,10,0.0,0.0,[],10
DevEval,Multimedia/hypertools,10,15,10,1.0,0.1,"['hypertools.datageometry.DataGeometry.align', 'hypertools.datageometry.DataGeometry.corpus', 'hypertools.datageometry.DataGeometry.data', 'hypertools.datageometry.DataGeometry.kwargs', 'hypertools.datageometry.DataGeometry.normalize', 'hypertools.datageometry.DataGeometry.reduce', 'hypertools.datageometry.DataGeometry.semantic', 'hypertools.datageometry.DataGeometry.vectorizer', 'hypertools.datageometry.DataGeometry.xform_data', 'hypertools.plot.plot.plot']",15
DevEval,Multimedia/hypertools,10,20,10,1.0,0.1,"['hypertools.datageometry.DataGeometry.align', 'hypertools.datageometry.DataGeometry.corpus', 'hypertools.datageometry.DataGeometry.data', 'hypertools.datageometry.DataGeometry.kwargs', 'hypertools.datageometry.DataGeometry.normalize', 'hypertools.datageometry.DataGeometry.reduce', 'hypertools.datageometry.DataGeometry.semantic', 'hypertools.datageometry.DataGeometry.vectorizer', 'hypertools.datageometry.DataGeometry.xform_data', 'hypertools.plot.plot.plot']",20
DevEval,Multimedia/hypertools,11,10,11,0.18181818181818182,0.18181818181818182,"['hypertools.tools.align.align', 'hypertools.tools.format_data.format_data']",10
DevEval,Multimedia/hypertools,11,15,11,0.8181818181818182,0.18181818181818182,"['hypertools.datageometry.DataGeometry.align', 'hypertools.datageometry.DataGeometry.corpus', 'hypertools.datageometry.DataGeometry.normalize', 'hypertools.datageometry.DataGeometry.reduce', 'hypertools.datageometry.DataGeometry.semantic', 'hypertools.datageometry.DataGeometry.vectorizer', 'hypertools.datageometry.DataGeometry.xform_data', 'hypertools.tools.align.align', 'hypertools.tools.format_data.format_data']",15
DevEval,Multimedia/hypertools,11,20,11,0.9090909090909091,0.2727272727272727,"['hypertools.datageometry.DataGeometry.align', 'hypertools.datageometry.DataGeometry.corpus', 'hypertools.datageometry.DataGeometry.normalize', 'hypertools.datageometry.DataGeometry.reduce', 'hypertools.datageometry.DataGeometry.semantic', 'hypertools.datageometry.DataGeometry.vectorizer', 'hypertools.datageometry.DataGeometry.xform_data', 'hypertools.tools.align.align', 'hypertools.tools.format_data.format_data', 'hypertools.tools.reduce.reduce']",20
DevEval,Multimedia/mingus,8,10,2,0.0,0.0,[],10
DevEval,Multimedia/mingus,8,15,2,0.0,0.0,[],15
DevEval,Multimedia/mingus,8,20,2,0.0,0.0,[],19
DevEval,Multimedia/mingus,9,10,4,1.0,1.0,"['mingus.core.progressions.interval_diff', 'mingus.core.progressions.parse_string', 'mingus.core.progressions.skip', 'mingus.core.progressions.tuple_to_string']",10
DevEval,Multimedia/mingus,9,15,4,1.0,1.0,"['mingus.core.progressions.interval_diff', 'mingus.core.progressions.parse_string', 'mingus.core.progressions.skip', 'mingus.core.progressions.tuple_to_string']",15
DevEval,Multimedia/mingus,9,20,4,1.0,1.0,"['mingus.core.progressions.interval_diff', 'mingus.core.progressions.parse_string', 'mingus.core.progressions.skip', 'mingus.core.progressions.tuple_to_string']",20
DevEval,Multimedia/mingus,10,10,2,1.0,1.0,"['mingus.core.intervals.is_imperfect_consonant', 'mingus.core.intervals.is_perfect_consonant']",10
DevEval,Multimedia/mingus,10,15,2,1.0,1.0,"['mingus.core.intervals.is_imperfect_consonant', 'mingus.core.intervals.is_perfect_consonant']",15
DevEval,Multimedia/mingus,10,20,2,1.0,1.0,"['mingus.core.intervals.is_imperfect_consonant', 'mingus.core.intervals.is_perfect_consonant']",20
DevEval,Multimedia/mingus,11,10,1,1.0,1.0,['mingus.containers.note.Note.__int__'],10
DevEval,Multimedia/mingus,11,15,1,1.0,1.0,['mingus.containers.note.Note.__int__'],12
DevEval,Multimedia/mingus,11,20,1,1.0,1.0,['mingus.containers.note.Note.__int__'],12
DevEval,Multimedia/mingus,12,10,3,0.6666666666666666,0.6666666666666666,"['mingus.core.notes.int_to_note', 'mingus.core.notes.note_to_int']",10
DevEval,Multimedia/mingus,12,15,3,0.6666666666666666,0.6666666666666666,"['mingus.core.notes.int_to_note', 'mingus.core.notes.note_to_int']",15
DevEval,Multimedia/mingus,12,20,3,0.6666666666666666,0.6666666666666666,"['mingus.core.notes.int_to_note', 'mingus.core.notes.note_to_int']",20
DevEval,Multimedia/mingus,13,10,8,0.125,0.125,['mingus.core.chords.determine_polychords'],10
DevEval,Multimedia/mingus,13,15,8,0.5,0.5,"['mingus.core.chords.determine_extended_chord5', 'mingus.core.chords.determine_extended_chord6', 'mingus.core.chords.determine_polychords', 'mingus.core.chords.determine_triad']",15
DevEval,Multimedia/mingus,13,20,8,0.75,0.75,"['mingus.core.chords.determine_extended_chord5', 'mingus.core.chords.determine_extended_chord6', 'mingus.core.chords.determine_extended_chord7', 'mingus.core.chords.determine_polychords', 'mingus.core.chords.determine_seventh', 'mingus.core.chords.determine_triad']",20
DevEval,Multimedia/mingus,14,10,5,0.8,0.8,"['mingus.core.progressions.interval_diff', 'mingus.core.progressions.parse_string', 'mingus.core.progressions.skip', 'mingus.core.progressions.tuple_to_string']",10
DevEval,Multimedia/mingus,14,15,5,0.8,0.8,"['mingus.core.progressions.interval_diff', 'mingus.core.progressions.parse_string', 'mingus.core.progressions.skip', 'mingus.core.progressions.tuple_to_string']",15
DevEval,Multimedia/mingus,14,20,5,0.8,0.8,"['mingus.core.progressions.interval_diff', 'mingus.core.progressions.parse_string', 'mingus.core.progressions.skip', 'mingus.core.progressions.tuple_to_string']",20
DevEval,Multimedia/mingus,15,10,2,1.0,1.0,"['mingus.core.intervals.augment_or_diminish_until_the_interval_is_right', 'mingus.core.intervals.seventh']",10
DevEval,Multimedia/mingus,15,15,2,1.0,1.0,"['mingus.core.intervals.augment_or_diminish_until_the_interval_is_right', 'mingus.core.intervals.seventh']",15
DevEval,Multimedia/mingus,15,20,2,1.0,1.0,"['mingus.core.intervals.augment_or_diminish_until_the_interval_is_right', 'mingus.core.intervals.seventh']",20
DevEval,Multimedia/mingus,16,10,2,1.0,1.0,"['mingus.core.notes.augment', 'mingus.core.notes.diminish']",10
DevEval,Multimedia/mingus,16,15,2,1.0,1.0,"['mingus.core.notes.augment', 'mingus.core.notes.diminish']",15
DevEval,Multimedia/mingus,16,20,2,1.0,1.0,"['mingus.core.notes.augment', 'mingus.core.notes.diminish']",20
DevEval,Multimedia/mingus,17,10,2,1.0,1.0,"['mingus.core.intervals.augment_or_diminish_until_the_interval_is_right', 'mingus.core.intervals.second']",10
DevEval,Multimedia/mingus,17,15,2,1.0,1.0,"['mingus.core.intervals.augment_or_diminish_until_the_interval_is_right', 'mingus.core.intervals.second']",15
DevEval,Multimedia/mingus,17,20,2,1.0,1.0,"['mingus.core.intervals.augment_or_diminish_until_the_interval_is_right', 'mingus.core.intervals.second']",20
DevEval,Multimedia/mingus,18,10,4,0.25,0.0,['mingus.core.notes'],10
DevEval,Multimedia/mingus,18,15,4,0.25,0.0,['mingus.core.notes'],15
DevEval,Multimedia/mingus,18,20,4,0.25,0.0,['mingus.core.notes'],20
DevEval,Multimedia/mingus,19,10,1,0.0,0.0,[],10
DevEval,Multimedia/mingus,19,15,1,0.0,0.0,[],15
DevEval,Multimedia/mingus,19,20,1,0.0,0.0,[],20
DevEval,Multimedia/mingus,20,10,4,0.5,0.5,"['mingus.containers.note_container.NoteContainer.add_notes', 'mingus.containers.note_container.NoteContainer.empty']",10
DevEval,Multimedia/mingus,20,15,4,0.5,0.5,"['mingus.containers.note_container.NoteContainer.add_notes', 'mingus.containers.note_container.NoteContainer.empty']",15
DevEval,Multimedia/mingus,20,20,4,0.5,0.5,"['mingus.containers.note_container.NoteContainer.add_notes', 'mingus.containers.note_container.NoteContainer.empty']",20
DevEval,Multimedia/mingus,21,10,3,0.6666666666666666,0.3333333333333333,"['mingus.core.keys.is_valid_key', 'mingus.core.keys.keys']",10
DevEval,Multimedia/mingus,21,15,3,0.6666666666666666,0.3333333333333333,"['mingus.core.keys.is_valid_key', 'mingus.core.keys.keys']",15
DevEval,Multimedia/mingus,21,20,3,0.6666666666666666,0.3333333333333333,"['mingus.core.keys.is_valid_key', 'mingus.core.keys.keys']",20
DevEval,Multimedia/mingus,22,10,2,0.5,0.0,['mingus.core.keys.keys'],10
DevEval,Multimedia/mingus,22,15,2,0.5,0.0,['mingus.core.keys.keys'],15
DevEval,Multimedia/mingus,22,20,2,0.5,0.0,['mingus.core.keys.keys'],20
DevEval,Multimedia/mingus,23,10,4,1.0,0.75,"['mingus.containers.note_container.NoteContainer.add_notes', 'mingus.containers.note_container.NoteContainer.empty', 'mingus.core.chords', 'mingus.core.chords.from_shorthand']",10
DevEval,Multimedia/mingus,23,15,4,1.0,0.75,"['mingus.containers.note_container.NoteContainer.add_notes', 'mingus.containers.note_container.NoteContainer.empty', 'mingus.core.chords', 'mingus.core.chords.from_shorthand']",15
DevEval,Multimedia/mingus,23,20,4,1.0,0.75,"['mingus.containers.note_container.NoteContainer.add_notes', 'mingus.containers.note_container.NoteContainer.empty', 'mingus.core.chords', 'mingus.core.chords.from_shorthand']",20
DevEval,Multimedia/mingus,24,10,1,1.0,1.0,['mingus.core.intervals.measure'],10
DevEval,Multimedia/mingus,24,15,1,1.0,1.0,['mingus.core.intervals.measure'],15
DevEval,Multimedia/mingus,24,20,1,1.0,1.0,['mingus.core.intervals.measure'],20
DevEval,Multimedia/mingus,25,10,4,0.0,0.0,[],10
DevEval,Multimedia/mingus,25,15,4,0.0,0.0,[],13
DevEval,Multimedia/mingus,25,20,4,0.0,0.0,[],13
DevEval,Multimedia/mingus,26,10,2,1.0,1.0,"['mingus.core.intervals.augment_or_diminish_until_the_interval_is_right', 'mingus.core.intervals.third']",10
DevEval,Multimedia/mingus,26,15,2,1.0,1.0,"['mingus.core.intervals.augment_or_diminish_until_the_interval_is_right', 'mingus.core.intervals.third']",15
DevEval,Multimedia/mingus,26,20,2,1.0,1.0,"['mingus.core.intervals.augment_or_diminish_until_the_interval_is_right', 'mingus.core.intervals.third']",20
DevEval,Multimedia/mingus,27,10,7,0.0,0.0,[],8
DevEval,Multimedia/mingus,27,15,7,0.0,0.0,[],8
DevEval,Multimedia/mingus,27,20,7,0.0,0.0,[],8
DevEval,Multimedia/mingus,28,10,4,1.0,1.0,"['mingus.core.progressions.interval_diff', 'mingus.core.progressions.parse_string', 'mingus.core.progressions.skip', 'mingus.core.progressions.tuple_to_string']",10
DevEval,Multimedia/mingus,28,15,4,1.0,1.0,"['mingus.core.progressions.interval_diff', 'mingus.core.progressions.parse_string', 'mingus.core.progressions.skip', 'mingus.core.progressions.tuple_to_string']",15
DevEval,Multimedia/mingus,28,20,4,1.0,1.0,"['mingus.core.progressions.interval_diff', 'mingus.core.progressions.parse_string', 'mingus.core.progressions.skip', 'mingus.core.progressions.tuple_to_string']",20
DevEval,Multimedia/mingus,29,10,1,1.0,0.0,['mingus.core.notes._note_dict'],10
DevEval,Multimedia/mingus,29,15,1,1.0,0.0,['mingus.core.notes._note_dict'],15
DevEval,Multimedia/mingus,29,20,1,1.0,0.0,['mingus.core.notes._note_dict'],20
DevEval,Multimedia/mingus,30,10,2,0.5,0.5,['mingus.containers.note_container.NoteContainer.transpose'],10
DevEval,Multimedia/mingus,30,15,2,0.5,0.5,['mingus.containers.note_container.NoteContainer.transpose'],15
DevEval,Multimedia/mingus,30,20,2,0.5,0.5,['mingus.containers.note_container.NoteContainer.transpose'],20
DevEval,Multimedia/mingus,31,10,1,1.0,0.0,['mingus.extra.tunings._known'],10
DevEval,Multimedia/mingus,31,15,1,1.0,0.0,['mingus.extra.tunings._known'],15
DevEval,Multimedia/mingus,31,20,1,1.0,0.0,['mingus.extra.tunings._known'],20
DevEval,Multimedia/mingus,32,10,2,1.0,1.0,"['mingus.core.intervals.augment_or_diminish_until_the_interval_is_right', 'mingus.core.intervals.seventh']",10
DevEval,Multimedia/mingus,32,15,2,1.0,1.0,"['mingus.core.intervals.augment_or_diminish_until_the_interval_is_right', 'mingus.core.intervals.seventh']",15
DevEval,Multimedia/mingus,32,20,2,1.0,1.0,"['mingus.core.intervals.augment_or_diminish_until_the_interval_is_right', 'mingus.core.intervals.seventh']",20
DevEval,Multimedia/mingus,33,10,5,0.0,0.0,[],10
DevEval,Multimedia/mingus,33,15,5,0.0,0.0,[],15
DevEval,Multimedia/mingus,33,20,5,0.0,0.0,[],20
DevEval,Multimedia/mingus,34,10,2,0.5,0.5,['mingus.containers.note_container.NoteContainer.determine'],10
DevEval,Multimedia/mingus,34,15,2,0.5,0.5,['mingus.containers.note_container.NoteContainer.determine'],15
DevEval,Multimedia/mingus,34,20,2,0.5,0.5,['mingus.containers.note_container.NoteContainer.determine'],20
DevEval,Multimedia/mingus,35,10,1,0.0,0.0,[],10
DevEval,Multimedia/mingus,35,15,1,0.0,0.0,[],15
DevEval,Multimedia/mingus,35,20,1,0.0,0.0,[],17
DevEval,Multimedia/mingus,36,10,2,0.0,0.0,[],10
DevEval,Multimedia/mingus,36,15,2,0.0,0.0,[],15
DevEval,Multimedia/mingus,36,20,2,0.0,0.0,[],20
DevEval,Multimedia/mingus,37,10,1,0.0,0.0,[],10
DevEval,Multimedia/mingus,37,15,1,0.0,0.0,[],15
DevEval,Multimedia/mingus,37,20,1,0.0,0.0,[],20
DevEval,Multimedia/mingus,38,10,2,1.0,1.0,"['mingus.containers.instrument.Instrument', 'mingus.containers.instrument.Instrument.can_play_notes']",10
DevEval,Multimedia/mingus,38,15,2,1.0,1.0,"['mingus.containers.instrument.Instrument', 'mingus.containers.instrument.Instrument.can_play_notes']",15
DevEval,Multimedia/mingus,38,20,2,1.0,1.0,"['mingus.containers.instrument.Instrument', 'mingus.containers.instrument.Instrument.can_play_notes']",20
DevEval,Multimedia/mingus,39,10,1,0.0,0.0,[],10
DevEval,Multimedia/mingus,39,15,1,1.0,0.0,['mingus.core.progressions.numerals'],15
DevEval,Multimedia/mingus,39,20,1,1.0,0.0,['mingus.core.progressions.numerals'],20
DevEval,Multimedia/mingus,40,10,1,1.0,1.0,['mingus.core.value.tuplet'],10
DevEval,Multimedia/mingus,40,15,1,1.0,1.0,['mingus.core.value.tuplet'],15
DevEval,Multimedia/mingus,40,20,1,1.0,1.0,['mingus.core.value.tuplet'],15
DevEval,Multimedia/mingus,41,10,3,0.0,0.0,[],10
DevEval,Multimedia/mingus,41,15,3,0.0,0.0,[],15
DevEval,Multimedia/mingus,41,20,3,0.0,0.0,[],20
DevEval,Multimedia/mingus,42,10,4,1.0,1.0,"['mingus.core.progressions.interval_diff', 'mingus.core.progressions.parse_string', 'mingus.core.progressions.skip', 'mingus.core.progressions.tuple_to_string']",10
DevEval,Multimedia/mingus,42,15,4,1.0,1.0,"['mingus.core.progressions.interval_diff', 'mingus.core.progressions.parse_string', 'mingus.core.progressions.skip', 'mingus.core.progressions.tuple_to_string']",15
DevEval,Multimedia/mingus,42,20,4,1.0,1.0,"['mingus.core.progressions.interval_diff', 'mingus.core.progressions.parse_string', 'mingus.core.progressions.skip', 'mingus.core.progressions.tuple_to_string']",20
DevEval,Multimedia/mingus,43,10,2,0.0,0.0,[],9
DevEval,Multimedia/mingus,43,15,2,0.0,0.0,[],9
DevEval,Multimedia/mingus,43,20,2,0.0,0.0,[],9
DevEval,Multimedia/mingus,44,10,6,0.5,0.5,"['mingus.core.keys.get_key_signature', 'mingus.core.keys.get_key_signature_accidentals', 'mingus.core.keys.is_valid_key']",10
DevEval,Multimedia/mingus,44,15,6,0.5,0.5,"['mingus.core.keys.get_key_signature', 'mingus.core.keys.get_key_signature_accidentals', 'mingus.core.keys.is_valid_key']",15
DevEval,Multimedia/mingus,44,20,6,0.5,0.5,"['mingus.core.keys.get_key_signature', 'mingus.core.keys.get_key_signature_accidentals', 'mingus.core.keys.is_valid_key']",20
DevEval,Multimedia/mingus,45,10,2,1.0,1.0,"['mingus.core.intervals.augment_or_diminish_until_the_interval_is_right', 'mingus.core.intervals.second']",10
DevEval,Multimedia/mingus,45,15,2,1.0,1.0,"['mingus.core.intervals.augment_or_diminish_until_the_interval_is_right', 'mingus.core.intervals.second']",15
DevEval,Multimedia/mingus,45,20,2,1.0,1.0,"['mingus.core.intervals.augment_or_diminish_until_the_interval_is_right', 'mingus.core.intervals.second']",20
DevEval,Multimedia/mingus,46,10,3,0.3333333333333333,0.3333333333333333,['mingus.core.intervals.measure'],10
DevEval,Multimedia/mingus,46,15,3,0.3333333333333333,0.3333333333333333,['mingus.core.intervals.measure'],15
DevEval,Multimedia/mingus,46,20,3,0.6666666666666666,0.3333333333333333,"['mingus.core.intervals.measure', 'mingus.core.notes.fifths']",20
DevEval,Multimedia/mingus,47,10,15,0.13333333333333333,0.13333333333333333,"['mingus.core.intervals.major_fifth', 'mingus.core.intervals.major_fourth']",10
DevEval,Multimedia/mingus,47,15,15,0.13333333333333333,0.13333333333333333,"['mingus.core.intervals.major_fifth', 'mingus.core.intervals.major_fourth']",15
DevEval,Multimedia/mingus,47,20,15,0.3333333333333333,0.3333333333333333,"['mingus.core.intervals.major_fifth', 'mingus.core.intervals.major_fourth', 'mingus.core.intervals.major_seventh', 'mingus.core.intervals.minor_second', 'mingus.core.intervals.minor_seventh']",20
DevEval,Multimedia/mingus,48,10,5,0.2,0.2,['mingus.containers.note.Note.__init__'],10
DevEval,Multimedia/mingus,48,15,5,0.2,0.2,['mingus.containers.note.Note.__init__'],15
DevEval,Multimedia/mingus,48,20,5,0.2,0.2,['mingus.containers.note.Note.__init__'],20
DevEval,Multimedia/mingus,49,10,2,1.0,1.0,"['mingus.core.intervals.augment_or_diminish_until_the_interval_is_right', 'mingus.core.intervals.fourth']",10
DevEval,Multimedia/mingus,49,15,2,1.0,1.0,"['mingus.core.intervals.augment_or_diminish_until_the_interval_is_right', 'mingus.core.intervals.fourth']",15
DevEval,Multimedia/mingus,49,20,2,1.0,1.0,"['mingus.core.intervals.augment_or_diminish_until_the_interval_is_right', 'mingus.core.intervals.fourth']",20
DevEval,Multimedia/mingus,50,10,2,0.5,0.5,['mingus.containers.note.Note.transpose'],10
DevEval,Multimedia/mingus,50,15,2,0.5,0.5,['mingus.containers.note.Note.transpose'],15
DevEval,Multimedia/mingus,50,20,2,0.5,0.5,['mingus.containers.note.Note.transpose'],20
DevEval,Multimedia/mingus,51,10,2,0.5,0.0,['mingus.core.keys.keys'],10
DevEval,Multimedia/mingus,51,15,2,0.5,0.0,['mingus.core.keys.keys'],15
DevEval,Multimedia/mingus,51,20,2,0.5,0.0,['mingus.core.keys.keys'],20
DevEval,Multimedia/mingus,52,10,3,0.3333333333333333,0.3333333333333333,['mingus.core.keys.get_key_signature'],10
DevEval,Multimedia/mingus,52,15,3,0.3333333333333333,0.3333333333333333,['mingus.core.keys.get_key_signature'],15
DevEval,Multimedia/mingus,52,20,3,0.3333333333333333,0.3333333333333333,['mingus.core.keys.get_key_signature'],20
DevEval,Scientific-Engineering/bentoml,10,10,2,0.0,0.0,[],10
DevEval,Scientific-Engineering/bentoml,10,15,2,0.0,0.0,[],15
DevEval,Scientific-Engineering/bentoml,10,20,2,0.0,0.0,[],16
DevEval,Scientific-Engineering/bentoml,11,10,5,0.2,0.2,['bentoml._internal.runner.container.NdarrayContainer.batch_to_batches'],10
DevEval,Scientific-Engineering/bentoml,11,15,5,0.2,0.2,['bentoml._internal.runner.container.NdarrayContainer.batch_to_batches'],15
DevEval,Scientific-Engineering/bentoml,11,20,5,0.2,0.2,['bentoml._internal.runner.container.NdarrayContainer.batch_to_batches'],20
DevEval,Scientific-Engineering/bentoml,12,10,4,0.5,0.5,"['bentoml._internal.resource.get_resource', 'bentoml._internal.resource.system_resources']",10
DevEval,Scientific-Engineering/bentoml,12,15,4,0.5,0.5,"['bentoml._internal.resource.get_resource', 'bentoml._internal.resource.system_resources']",12
DevEval,Scientific-Engineering/bentoml,12,20,4,0.5,0.5,"['bentoml._internal.resource.get_resource', 'bentoml._internal.resource.system_resources']",12
DevEval,Scientific-Engineering/bentoml,13,10,5,0.6,0.4,"['bentoml._internal.resource.get_resource', 'bentoml._internal.resource.system_resources', 'bentoml._internal.runner.strategy.logger']",10
DevEval,Scientific-Engineering/bentoml,13,15,5,0.6,0.4,"['bentoml._internal.resource.get_resource', 'bentoml._internal.resource.system_resources', 'bentoml._internal.runner.strategy.logger']",15
DevEval,Scientific-Engineering/bentoml,13,20,5,0.6,0.4,"['bentoml._internal.resource.get_resource', 'bentoml._internal.resource.system_resources', 'bentoml._internal.runner.strategy.logger']",19
DevEval,Scientific-Engineering/bentoml,14,10,4,0.75,0.0,"['bentoml._internal.types.LazyType.module', 'bentoml._internal.types.LazyType.qualname', 'bentoml._internal.types.T']",10
DevEval,Scientific-Engineering/bentoml,14,15,4,0.75,0.0,"['bentoml._internal.types.LazyType.module', 'bentoml._internal.types.LazyType.qualname', 'bentoml._internal.types.T']",15
DevEval,Scientific-Engineering/bentoml,14,20,4,0.75,0.0,"['bentoml._internal.types.LazyType.module', 'bentoml._internal.types.LazyType.qualname', 'bentoml._internal.types.T']",20
DevEval,Scientific-Engineering/bentoml,15,10,3,0.6666666666666666,0.6666666666666666,"['bentoml._internal.runner.container.NdarrayContainer.batches_to_batch', 'bentoml._internal.runner.container.NdarrayContainer.from_payload']",10
DevEval,Scientific-Engineering/bentoml,15,15,3,0.6666666666666666,0.6666666666666666,"['bentoml._internal.runner.container.NdarrayContainer.batches_to_batch', 'bentoml._internal.runner.container.NdarrayContainer.from_payload']",15
DevEval,Scientific-Engineering/bentoml,15,20,3,0.6666666666666666,0.6666666666666666,"['bentoml._internal.runner.container.NdarrayContainer.batches_to_batch', 'bentoml._internal.runner.container.NdarrayContainer.from_payload']",20
DevEval,Scientific-Engineering/bentoml,16,10,9,0.0,0.0,[],10
DevEval,Scientific-Engineering/bentoml,16,15,9,0.0,0.0,[],15
DevEval,Scientific-Engineering/bentoml,16,20,9,0.0,0.0,[],20
DevEval,Scientific-Engineering/bentoml,17,10,2,0.5,0.5,['bentoml._internal.configuration.helpers.expand_env_var'],10
DevEval,Scientific-Engineering/bentoml,17,15,2,0.5,0.5,['bentoml._internal.configuration.helpers.expand_env_var'],15
DevEval,Scientific-Engineering/bentoml,17,20,2,0.5,0.5,['bentoml._internal.configuration.helpers.expand_env_var'],19
DevEval,Scientific-Engineering/bentoml,18,10,2,0.5,0.0,['bentoml._internal.utils.metrics.INF'],10
DevEval,Scientific-Engineering/bentoml,18,15,2,0.5,0.0,['bentoml._internal.utils.metrics.INF'],15
DevEval,Scientific-Engineering/bentoml,18,20,2,0.5,0.0,['bentoml._internal.utils.metrics.INF'],20
DevEval,Scientific-Engineering/bentoml,19,10,7,0.42857142857142855,0.42857142857142855,"['bentoml._internal.models.model.Model.validate', 'bentoml._internal.models.model.ModelInfo', 'bentoml._internal.models.model.ModelInfo.from_yaml_file']",10
DevEval,Scientific-Engineering/bentoml,19,15,7,0.42857142857142855,0.42857142857142855,"['bentoml._internal.models.model.Model.validate', 'bentoml._internal.models.model.ModelInfo', 'bentoml._internal.models.model.ModelInfo.from_yaml_file']",15
DevEval,Scientific-Engineering/bentoml,19,20,7,0.42857142857142855,0.42857142857142855,"['bentoml._internal.models.model.Model.validate', 'bentoml._internal.models.model.ModelInfo', 'bentoml._internal.models.model.ModelInfo.from_yaml_file']",19
DevEval,Scientific-Engineering/bentoml,20,10,5,0.0,0.0,[],10
DevEval,Scientific-Engineering/bentoml,20,15,5,0.0,0.0,[],15
DevEval,Scientific-Engineering/bentoml,20,20,5,0.0,0.0,[],20
DevEval,Scientific-Engineering/bentoml,21,10,3,0.6666666666666666,0.3333333333333333,"['bentoml._internal.resource.Resource', 'bentoml._internal.resource._RESOURCE_REGISTRY']",10
DevEval,Scientific-Engineering/bentoml,21,15,3,0.6666666666666666,0.3333333333333333,"['bentoml._internal.resource.Resource', 'bentoml._internal.resource._RESOURCE_REGISTRY']",15
DevEval,Scientific-Engineering/bentoml,21,20,3,0.6666666666666666,0.3333333333333333,"['bentoml._internal.resource.Resource', 'bentoml._internal.resource._RESOURCE_REGISTRY']",15
DevEval,Scientific-Engineering/bentoml,22,10,2,1.0,1.0,"['bentoml._internal.resource.query_cgroup_cpu_count', 'bentoml._internal.resource.query_os_cpu_count']",10
DevEval,Scientific-Engineering/bentoml,22,15,2,1.0,1.0,"['bentoml._internal.resource.query_cgroup_cpu_count', 'bentoml._internal.resource.query_os_cpu_count']",15
DevEval,Scientific-Engineering/bentoml,22,20,2,1.0,1.0,"['bentoml._internal.resource.query_cgroup_cpu_count', 'bentoml._internal.resource.query_os_cpu_count']",20
DevEval,Scientific-Engineering/bentoml,23,10,1,1.0,1.0,['bentoml._internal.utils._validate_metadata_entry'],10
DevEval,Scientific-Engineering/bentoml,23,15,1,1.0,1.0,['bentoml._internal.utils._validate_metadata_entry'],15
DevEval,Scientific-Engineering/bentoml,23,20,1,1.0,1.0,['bentoml._internal.utils._validate_metadata_entry'],20
DevEval,Scientific-Engineering/bentoml,24,10,10,0.3,0.1,"['bentoml._internal.bento.bento', 'bentoml._internal.configuration.containers.BentoMLContainer', 'bentoml._internal.utils.analytics.usage_stats.track']",10
DevEval,Scientific-Engineering/bentoml,24,15,10,0.4,0.2,"['bentoml._internal.bento.bento', 'bentoml._internal.configuration.containers.BentoMLContainer', 'bentoml._internal.configuration.containers._BentoMLContainerClass.serve_info', 'bentoml._internal.utils.analytics.usage_stats.track']",15
DevEval,Scientific-Engineering/bentoml,24,20,10,0.4,0.2,"['bentoml._internal.bento.bento', 'bentoml._internal.configuration.containers.BentoMLContainer', 'bentoml._internal.configuration.containers._BentoMLContainerClass.serve_info', 'bentoml._internal.utils.analytics.usage_stats.track']",20
DevEval,Scientific-Engineering/bentoml,25,10,6,0.3333333333333333,0.16666666666666666,"['bentoml._internal.runner.container.DataContainer.create_payload', 'bentoml._internal.runner.container.np']",10
DevEval,Scientific-Engineering/bentoml,25,15,6,0.3333333333333333,0.16666666666666666,"['bentoml._internal.runner.container.DataContainer.create_payload', 'bentoml._internal.runner.container.np']",15
DevEval,Scientific-Engineering/bentoml,25,20,6,0.3333333333333333,0.16666666666666666,"['bentoml._internal.runner.container.DataContainer.create_payload', 'bentoml._internal.runner.container.np']",20
DevEval,Scientific-Engineering/bentoml,26,10,1,0.0,0.0,[],10
DevEval,Scientific-Engineering/bentoml,26,15,1,0.0,0.0,[],15
DevEval,Scientific-Engineering/bentoml,26,20,1,0.0,0.0,[],15
DevEval,Scientific-Engineering/bentoml,27,10,1,0.0,0.0,[],8
DevEval,Scientific-Engineering/bentoml,27,15,1,0.0,0.0,[],8
DevEval,Scientific-Engineering/bentoml,27,20,1,0.0,0.0,[],8
DevEval,Scientific-Engineering/bentoml,28,10,1,0.0,0.0,[],10
DevEval,Scientific-Engineering/bentoml,28,15,1,0.0,0.0,[],15
DevEval,Scientific-Engineering/bentoml,28,20,1,0.0,0.0,[],16
DevEval,Scientific-Engineering/bentoml,29,10,2,0.5,0.5,['bentoml._internal.resource.CpuResource.from_system'],10
DevEval,Scientific-Engineering/bentoml,29,15,2,0.5,0.5,['bentoml._internal.resource.CpuResource.from_system'],15
DevEval,Scientific-Engineering/bentoml,29,20,2,0.5,0.5,['bentoml._internal.resource.CpuResource.from_system'],20
DevEval,Scientific-Engineering/bentoml,30,10,2,0.0,0.0,[],10
DevEval,Scientific-Engineering/bentoml,30,15,2,0.0,0.0,[],15
DevEval,Scientific-Engineering/bentoml,30,20,2,0.0,0.0,[],20
DevEval,Scientific-Engineering/bentoml,31,10,1,0.0,0.0,[],10
DevEval,Scientific-Engineering/bentoml,31,15,1,0.0,0.0,[],15
DevEval,Scientific-Engineering/bentoml,31,20,1,0.0,0.0,[],20
DevEval,Scientific-Engineering/bentoml,32,10,3,0.3333333333333333,0.0,['bentoml._internal.runner.container.np'],10
DevEval,Scientific-Engineering/bentoml,32,15,3,0.3333333333333333,0.0,['bentoml._internal.runner.container.np'],15
DevEval,Scientific-Engineering/bentoml,32,20,3,0.3333333333333333,0.0,['bentoml._internal.runner.container.np'],20
DevEval,Scientific-Engineering/bentoml,33,10,1,0.0,0.0,[],10
DevEval,Scientific-Engineering/bentoml,33,15,1,0.0,0.0,[],15
DevEval,Scientific-Engineering/bentoml,33,20,1,0.0,0.0,[],19
DevEval,Scientific-Engineering/bentoml,34,10,4,0.5,0.5,"['bentoml._internal.runner.container.PandasDataFrameContainer.batch_to_batches', 'bentoml._internal.runner.container.PandasDataFrameContainer.to_payload']",10
DevEval,Scientific-Engineering/bentoml,34,15,4,0.5,0.5,"['bentoml._internal.runner.container.PandasDataFrameContainer.batch_to_batches', 'bentoml._internal.runner.container.PandasDataFrameContainer.to_payload']",15
DevEval,Scientific-Engineering/bentoml,34,20,4,0.5,0.5,"['bentoml._internal.runner.container.PandasDataFrameContainer.batch_to_batches', 'bentoml._internal.runner.container.PandasDataFrameContainer.to_payload']",20
DevEval,Scientific-Engineering/bentoml,35,10,6,0.16666666666666666,0.16666666666666666,['bentoml._internal.utils.pickle.pep574_loads'],10
DevEval,Scientific-Engineering/bentoml,35,15,6,0.16666666666666666,0.16666666666666666,['bentoml._internal.utils.pickle.pep574_loads'],15
DevEval,Scientific-Engineering/bentoml,35,20,6,0.16666666666666666,0.16666666666666666,['bentoml._internal.utils.pickle.pep574_loads'],20
DevEval,Scientific-Engineering/bentoml,36,10,4,0.25,0.25,['bentoml._internal.runner.container.PandasDataFrameContainer.from_payload'],10
DevEval,Scientific-Engineering/bentoml,36,15,4,0.25,0.25,['bentoml._internal.runner.container.PandasDataFrameContainer.from_payload'],15
DevEval,Scientific-Engineering/bentoml,36,20,4,0.25,0.25,['bentoml._internal.runner.container.PandasDataFrameContainer.from_payload'],20
DevEval,Scientific-Engineering/bentoml,37,10,2,0.0,0.0,[],10
DevEval,Scientific-Engineering/bentoml,37,15,2,0.5,0.0,['bentoml._internal.service.service.logger'],15
DevEval,Scientific-Engineering/bentoml,37,20,2,0.5,0.0,['bentoml._internal.service.service.logger'],20
DevEval,Scientific-Engineering/bentoml,38,10,2,0.5,0.5,['bentoml._internal.runner.container.DataContainer.create_payload'],10
DevEval,Scientific-Engineering/bentoml,38,15,2,0.5,0.5,['bentoml._internal.runner.container.DataContainer.create_payload'],15
DevEval,Scientific-Engineering/bentoml,38,20,2,0.5,0.5,['bentoml._internal.runner.container.DataContainer.create_payload'],20
DevEval,Scientific-Engineering/bentoml,39,10,5,0.2,0.2,['bentoml._internal.utils.pickle.pep574_loads'],10
DevEval,Scientific-Engineering/bentoml,39,15,5,0.2,0.2,['bentoml._internal.utils.pickle.pep574_loads'],15
DevEval,Scientific-Engineering/bentoml,39,20,5,0.2,0.2,['bentoml._internal.utils.pickle.pep574_loads'],20
DevEval,Scientific-Engineering/csvkit,3,10,6,0.6666666666666666,0.3333333333333333,"['csvkit.cli.CSVKitUtility._open_input_file', 'csvkit.cli.CSVKitUtility.args', 'csvkit.cli.CSVKitUtility.input_file', 'csvkit.cli.LazyFile.close']",10
DevEval,Scientific-Engineering/csvkit,3,15,6,0.6666666666666666,0.3333333333333333,"['csvkit.cli.CSVKitUtility._open_input_file', 'csvkit.cli.CSVKitUtility.args', 'csvkit.cli.CSVKitUtility.input_file', 'csvkit.cli.LazyFile.close']",15
DevEval,Scientific-Engineering/csvkit,3,20,6,0.6666666666666666,0.3333333333333333,"['csvkit.cli.CSVKitUtility._open_input_file', 'csvkit.cli.CSVKitUtility.args', 'csvkit.cli.CSVKitUtility.input_file', 'csvkit.cli.LazyFile.close']",20
DevEval,Scientific-Engineering/csvkit,4,10,2,0.5,0.5,['csvkit.convert.fixed.FixedWidthReader.__init__'],10
DevEval,Scientific-Engineering/csvkit,4,15,2,0.5,0.5,['csvkit.convert.fixed.FixedWidthReader.__init__'],15
DevEval,Scientific-Engineering/csvkit,4,20,2,0.5,0.5,['csvkit.convert.fixed.FixedWidthReader.__init__'],20
DevEval,Scientific-Engineering/diffusers,1,10,1,0.0,0.0,[],10
DevEval,Scientific-Engineering/diffusers,1,15,1,0.0,0.0,[],15
DevEval,Scientific-Engineering/diffusers,1,20,1,0.0,0.0,[],20
DevEval,Scientific-Engineering/diffusers,2,10,3,0.0,0.0,[],10
DevEval,Scientific-Engineering/diffusers,2,15,3,0.0,0.0,[],15
DevEval,Scientific-Engineering/diffusers,2,20,3,0.0,0.0,[],20
DevEval,Scientific-Engineering/folium,2,10,4,0.75,0.75,"['folium.utilities.iter_coords', 'folium.utilities.none_max', 'folium.utilities.none_min']",10
DevEval,Scientific-Engineering/folium,2,15,4,0.75,0.75,"['folium.utilities.iter_coords', 'folium.utilities.none_max', 'folium.utilities.none_min']",15
DevEval,Scientific-Engineering/folium,2,20,4,0.75,0.75,"['folium.utilities.iter_coords', 'folium.utilities.none_max', 'folium.utilities.none_min']",20
DevEval,Scientific-Engineering/folium,3,10,1,0.0,0.0,[],10
DevEval,Scientific-Engineering/folium,3,15,1,0.0,0.0,[],15
DevEval,Scientific-Engineering/folium,3,20,1,0.0,0.0,[],18
DevEval,Scientific-Engineering/lux,1,10,10,0.6,0.4,"['lux', 'lux._config.config', 'lux.action.correlation.correlation', 'lux.action.custom.custom', 'lux.action.enhance.enhance', 'lux.action.filter.add_filter']",10
DevEval,Scientific-Engineering/lux,1,15,10,0.6,0.4,"['lux', 'lux._config.config', 'lux.action.correlation.correlation', 'lux.action.custom.custom', 'lux.action.enhance.enhance', 'lux.action.filter.add_filter']",15
DevEval,Scientific-Engineering/lux,1,20,10,0.6,0.4,"['lux', 'lux._config.config', 'lux.action.correlation.correlation', 'lux.action.custom.custom', 'lux.action.enhance.enhance', 'lux.action.filter.add_filter']",20
DevEval,Scientific-Engineering/lux,2,10,1,1.0,0.0,['lux.vis.Vis.Vis._inferred_intent'],10
DevEval,Scientific-Engineering/lux,2,15,1,1.0,0.0,['lux.vis.Vis.Vis._inferred_intent'],15
DevEval,Scientific-Engineering/lux,2,20,1,1.0,0.0,['lux.vis.Vis.Vis._inferred_intent'],20
DevEval,Scientific-Engineering/rq,1,10,2,0.5,0.5,['rq.utils.import_attribute'],10
DevEval,Scientific-Engineering/rq,1,15,2,0.5,0.5,['rq.utils.import_attribute'],15
DevEval,Scientific-Engineering/rq,1,20,2,0.5,0.5,['rq.utils.import_attribute'],20
DevEval,Security/asyncssh,2,10,2,0.0,0.0,[],10
DevEval,Security/asyncssh,2,15,2,0.0,0.0,[],15
DevEval,Security/asyncssh,2,20,2,0.0,0.0,[],20
DevEval,Security/asyncssh,3,10,5,0.4,0.0,"['asyncssh.kex._kex_algs', 'asyncssh.kex._kex_handlers']",10
DevEval,Security/asyncssh,3,15,5,0.4,0.0,"['asyncssh.kex._kex_algs', 'asyncssh.kex._kex_handlers']",15
DevEval,Security/asyncssh,3,20,5,0.4,0.0,"['asyncssh.kex._kex_algs', 'asyncssh.kex._kex_handlers']",20
DevEval,Security/asyncssh,4,10,4,0.25,0.25,['asyncssh.auth_keys._SSHAuthorizedKeyEntry.match_options'],10
DevEval,Security/asyncssh,4,15,4,0.25,0.25,['asyncssh.auth_keys._SSHAuthorizedKeyEntry.match_options'],15
DevEval,Security/asyncssh,4,20,4,0.25,0.25,['asyncssh.auth_keys._SSHAuthorizedKeyEntry.match_options'],20
DevEval,Security/asyncssh,5,10,1,0.0,0.0,[],10
DevEval,Security/asyncssh,5,15,1,0.0,0.0,[],15
DevEval,Security/asyncssh,5,20,1,0.0,0.0,[],20
DevEval,Security/asyncssh,6,10,2,1.0,0.5,"['asyncssh.misc.FilePath', 'asyncssh.misc.open_file']",10
DevEval,Security/asyncssh,6,15,2,1.0,0.5,"['asyncssh.misc.FilePath', 'asyncssh.misc.open_file']",15
DevEval,Security/asyncssh,6,20,2,1.0,0.5,"['asyncssh.misc.FilePath', 'asyncssh.misc.open_file']",20
DevEval,Security/asyncssh,7,10,2,1.0,1.0,"['asyncssh.saslprep._map_saslprep', 'asyncssh.saslprep._stringprep']",10
DevEval,Security/asyncssh,7,15,2,1.0,1.0,"['asyncssh.saslprep._map_saslprep', 'asyncssh.saslprep._stringprep']",15
DevEval,Security/asyncssh,7,20,2,1.0,1.0,"['asyncssh.saslprep._map_saslprep', 'asyncssh.saslprep._stringprep']",20
DevEval,Security/asyncssh,8,10,6,0.3333333333333333,0.3333333333333333,"['asyncssh.public_key.SSHKey.public_data', 'asyncssh.public_key.decode_ssh_public_key']",10
DevEval,Security/asyncssh,8,15,6,0.3333333333333333,0.3333333333333333,"['asyncssh.public_key.SSHKey.public_data', 'asyncssh.public_key.decode_ssh_public_key']",15
DevEval,Security/asyncssh,8,20,6,0.3333333333333333,0.3333333333333333,"['asyncssh.public_key.SSHKey.public_data', 'asyncssh.public_key.decode_ssh_public_key']",20
DevEval,Security/asyncssh,9,10,5,0.4,0.4,"['asyncssh.packet.SSHPacket.get_string', 'asyncssh.public_key.SSHKey.verify_ssh']",10
DevEval,Security/asyncssh,9,15,5,0.4,0.4,"['asyncssh.packet.SSHPacket.get_string', 'asyncssh.public_key.SSHKey.verify_ssh']",15
DevEval,Security/asyncssh,9,20,5,0.4,0.4,"['asyncssh.packet.SSHPacket.get_string', 'asyncssh.public_key.SSHKey.verify_ssh']",20
DevEval,Security/asyncssh,10,10,2,0.5,0.5,['asyncssh.asn1.der_decode_partial'],10
DevEval,Security/asyncssh,10,15,2,0.5,0.5,['asyncssh.asn1.der_decode_partial'],15
DevEval,Security/asyncssh,10,20,2,0.5,0.5,['asyncssh.asn1.der_decode_partial'],20
DevEval,Security/asyncssh,11,10,6,1.0,0.16666666666666666,"['asyncssh.misc.DefTuple', 'asyncssh.public_key.SSHKey._generate_x509_certificate', 'asyncssh.public_key.X509CertPurposes', 'asyncssh.public_key._CertPrincipals', 'asyncssh.public_key._Comment', 'asyncssh.public_key._Time']",10
DevEval,Security/asyncssh,11,15,6,1.0,0.16666666666666666,"['asyncssh.misc.DefTuple', 'asyncssh.public_key.SSHKey._generate_x509_certificate', 'asyncssh.public_key.X509CertPurposes', 'asyncssh.public_key._CertPrincipals', 'asyncssh.public_key._Comment', 'asyncssh.public_key._Time']",15
DevEval,Security/asyncssh,11,20,6,1.0,0.16666666666666666,"['asyncssh.misc.DefTuple', 'asyncssh.public_key.SSHKey._generate_x509_certificate', 'asyncssh.public_key.X509CertPurposes', 'asyncssh.public_key._CertPrincipals', 'asyncssh.public_key._Comment', 'asyncssh.public_key._Time']",20
DevEval,Security/asyncssh,12,10,3,0.6666666666666666,0.3333333333333333,"['asyncssh.auth.ServerAuth.supported', 'asyncssh.auth._auth_methods']",10
DevEval,Security/asyncssh,12,15,3,0.6666666666666666,0.3333333333333333,"['asyncssh.auth.ServerAuth.supported', 'asyncssh.auth._auth_methods']",15
DevEval,Security/asyncssh,12,20,3,0.6666666666666666,0.3333333333333333,"['asyncssh.auth.ServerAuth.supported', 'asyncssh.auth._auth_methods']",20
DevEval,Security/barf,1,10,3,0.6666666666666666,0.6666666666666666,"['barf.arch.translator.InstructionTranslator._log_translation_exception', 'barf.arch.translator.InstructionTranslator._translate']",10
DevEval,Security/barf,1,15,3,0.6666666666666666,0.6666666666666666,"['barf.arch.translator.InstructionTranslator._log_translation_exception', 'barf.arch.translator.InstructionTranslator._translate']",15
DevEval,Security/barf,1,20,3,0.6666666666666666,0.6666666666666666,"['barf.arch.translator.InstructionTranslator._log_translation_exception', 'barf.arch.translator.InstructionTranslator._translate']",20
DevEval,Security/barf,2,10,3,0.6666666666666666,0.0,"['barf.arch.arm.parser.instruction', 'barf.arch.arm.parser.logger']",10
DevEval,Security/barf,2,15,3,0.6666666666666666,0.0,"['barf.arch.arm.parser.instruction', 'barf.arch.arm.parser.logger']",15
DevEval,Security/barf,2,20,3,0.6666666666666666,0.0,"['barf.arch.arm.parser.instruction', 'barf.arch.arm.parser.logger']",20
DevEval,Security/barf,3,10,3,0.6666666666666666,0.0,"['barf.arch.x86.parser.instruction', 'barf.arch.x86.parser.logger']",10
DevEval,Security/barf,3,15,3,0.6666666666666666,0.0,"['barf.arch.x86.parser.instruction', 'barf.arch.x86.parser.logger']",15
DevEval,Security/barf,3,20,3,0.6666666666666666,0.0,"['barf.arch.x86.parser.instruction', 'barf.arch.x86.parser.logger']",20
DevEval,Security/barf,4,10,5,1.0,0.4,"['barf.analysis.gadgets.finder.GadgetFinder._architecture', 'barf.analysis.gadgets.finder.GadgetFinder._find_arm_candidates', 'barf.analysis.gadgets.finder.GadgetFinder._find_x86_candidates', 'barf.analysis.gadgets.finder.GadgetFinder._instrs_depth', 'barf.analysis.gadgets.finder.GadgetFinder._max_bytes']",10
DevEval,Security/barf,4,15,5,1.0,0.4,"['barf.analysis.gadgets.finder.GadgetFinder._architecture', 'barf.analysis.gadgets.finder.GadgetFinder._find_arm_candidates', 'barf.analysis.gadgets.finder.GadgetFinder._find_x86_candidates', 'barf.analysis.gadgets.finder.GadgetFinder._instrs_depth', 'barf.analysis.gadgets.finder.GadgetFinder._max_bytes']",15
DevEval,Security/barf,4,20,5,1.0,0.4,"['barf.analysis.gadgets.finder.GadgetFinder._architecture', 'barf.analysis.gadgets.finder.GadgetFinder._find_arm_candidates', 'barf.analysis.gadgets.finder.GadgetFinder._find_x86_candidates', 'barf.analysis.gadgets.finder.GadgetFinder._instrs_depth', 'barf.analysis.gadgets.finder.GadgetFinder._max_bytes']",20
DevEval,Security/barf,5,10,3,0.3333333333333333,0.3333333333333333,['barf.analysis.gadgets.classifier.GadgetClassifier._classify'],10
DevEval,Security/barf,5,15,3,0.3333333333333333,0.3333333333333333,['barf.analysis.gadgets.classifier.GadgetClassifier._classify'],15
DevEval,Security/barf,5,20,3,1.0,0.3333333333333333,"['barf.analysis.gadgets.classifier.GadgetClassifier._classifiers', 'barf.analysis.gadgets.classifier.GadgetClassifier._classify', 'barf.analysis.gadgets.classifier.GadgetClassifier._emu_iters']",20
DevEval,Security/barf,6,10,3,1.0,0.0,"['barf.core.reil.parser.ReilParser._cache', 'barf.core.reil.parser.instruction', 'barf.core.reil.parser.logger']",10
DevEval,Security/barf,6,15,3,1.0,0.0,"['barf.core.reil.parser.ReilParser._cache', 'barf.core.reil.parser.instruction', 'barf.core.reil.parser.logger']",15
DevEval,Security/barf,6,20,3,1.0,0.0,"['barf.core.reil.parser.ReilParser._cache', 'barf.core.reil.parser.instruction', 'barf.core.reil.parser.logger']",20
DevEval,Security/barf,7,10,2,0.5,0.5,['barf.core.smt.smtsymbol.BitVec'],10
DevEval,Security/barf,7,15,2,0.5,0.5,['barf.core.smt.smtsymbol.BitVec'],15
DevEval,Security/barf,7,20,2,0.5,0.5,['barf.core.smt.smtsymbol.BitVec'],20
DevEval,Security/barf,8,10,1,1.0,1.0,['barf.core.smt.smtsymbol.BitVec'],10
DevEval,Security/barf,8,15,1,1.0,1.0,['barf.core.smt.smtsymbol.BitVec'],15
DevEval,Security/barf,8,20,1,1.0,1.0,['barf.core.smt.smtsymbol.BitVec'],20
DevEval,Security/barf,9,10,2,0.0,0.0,[],10
DevEval,Security/barf,9,15,2,0.0,0.0,[],15
DevEval,Security/barf,9,20,2,0.0,0.0,[],20
DevEval,Security/barf,10,10,2,0.0,0.0,[],10
DevEval,Security/barf,10,15,2,0.0,0.0,[],15
DevEval,Security/barf,10,20,2,0.0,0.0,[],20
DevEval,Security/barf,11,10,3,0.6666666666666666,0.0,"['barf.core.smt.smtsymbol.BitVecArray.key_size', 'barf.core.smt.smtsymbol.BitVecArray.value_size']",10
DevEval,Security/barf,11,15,3,0.6666666666666666,0.0,"['barf.core.smt.smtsymbol.BitVecArray.key_size', 'barf.core.smt.smtsymbol.BitVecArray.value_size']",15
DevEval,Security/barf,11,20,3,0.6666666666666666,0.0,"['barf.core.smt.smtsymbol.BitVecArray.key_size', 'barf.core.smt.smtsymbol.BitVecArray.value_size']",20
DevEval,Security/barf,12,10,3,0.6666666666666666,0.6666666666666666,"['barf.arch.emulator.Emulator._load_binary_elf', 'barf.arch.emulator.Emulator._load_binary_pe']",10
DevEval,Security/barf,12,15,3,0.6666666666666666,0.6666666666666666,"['barf.arch.emulator.Emulator._load_binary_elf', 'barf.arch.emulator.Emulator._load_binary_pe']",15
DevEval,Security/barf,12,20,3,0.6666666666666666,0.6666666666666666,"['barf.arch.emulator.Emulator._load_binary_elf', 'barf.arch.emulator.Emulator._load_binary_pe']",20
DevEval,Security/diffprivlib,5,10,1,0.0,0.0,[],10
DevEval,Security/diffprivlib,5,15,1,0.0,0.0,[],15
DevEval,Security/diffprivlib,5,20,1,0.0,0.0,[],20
DevEval,Security/diffprivlib,6,10,2,0.5,0.5,['diffprivlib.tools.utils._std'],10
DevEval,Security/diffprivlib,6,15,2,1.0,1.0,"['diffprivlib.tools.utils._std', 'diffprivlib.utils.warn_unused_args']",15
DevEval,Security/diffprivlib,6,20,2,1.0,1.0,"['diffprivlib.tools.utils._std', 'diffprivlib.utils.warn_unused_args']",20
DevEval,Security/diffprivlib,7,10,12,0.16666666666666666,0.16666666666666666,"['diffprivlib.utils.check_random_state', 'diffprivlib.utils.warn_unused_args']",10
DevEval,Security/diffprivlib,7,15,12,0.25,0.25,"['diffprivlib.accountant.BudgetAccountant.spend', 'diffprivlib.utils.check_random_state', 'diffprivlib.utils.warn_unused_args']",15
DevEval,Security/diffprivlib,7,20,12,0.3333333333333333,0.3333333333333333,"['diffprivlib.accountant.BudgetAccountant.check', 'diffprivlib.accountant.BudgetAccountant.spend', 'diffprivlib.utils.check_random_state', 'diffprivlib.utils.warn_unused_args']",20
DevEval,Security/diffprivlib,8,10,2,0.0,0.0,[],10
DevEval,Security/diffprivlib,8,15,2,0.0,0.0,[],15
DevEval,Security/diffprivlib,8,20,2,0.0,0.0,[],20
DevEval,Security/diffprivlib,9,10,2,1.0,1.0,"['diffprivlib.tools.quantiles.quantile', 'diffprivlib.utils.warn_unused_args']",10
DevEval,Security/diffprivlib,9,15,2,1.0,1.0,"['diffprivlib.tools.quantiles.quantile', 'diffprivlib.utils.warn_unused_args']",15
DevEval,Security/diffprivlib,9,20,2,1.0,1.0,"['diffprivlib.tools.quantiles.quantile', 'diffprivlib.utils.warn_unused_args']",20
DevEval,Security/diffprivlib,10,10,1,0.0,0.0,[],10
DevEval,Security/diffprivlib,10,15,1,0.0,0.0,[],15
DevEval,Security/diffprivlib,10,20,1,0.0,0.0,[],20
DevEval,Security/diffprivlib,11,10,9,0.4444444444444444,0.4444444444444444,"['diffprivlib.accountant.BudgetAccountant.delta', 'diffprivlib.accountant.BudgetAccountant.spent_budget', 'diffprivlib.accountant.BudgetAccountant.total', 'diffprivlib.validation.check_epsilon_delta']",10
DevEval,Security/diffprivlib,11,15,9,0.5555555555555556,0.5555555555555556,"['diffprivlib.accountant.BudgetAccountant.delta', 'diffprivlib.accountant.BudgetAccountant.epsilon', 'diffprivlib.accountant.BudgetAccountant.spent_budget', 'diffprivlib.accountant.BudgetAccountant.total', 'diffprivlib.validation.check_epsilon_delta']",15
DevEval,Security/diffprivlib,11,20,9,0.5555555555555556,0.5555555555555556,"['diffprivlib.accountant.BudgetAccountant.delta', 'diffprivlib.accountant.BudgetAccountant.epsilon', 'diffprivlib.accountant.BudgetAccountant.spent_budget', 'diffprivlib.accountant.BudgetAccountant.total', 'diffprivlib.validation.check_epsilon_delta']",20
DevEval,Security/diffprivlib,12,10,1,0.0,0.0,[],10
DevEval,Security/diffprivlib,12,15,1,0.0,0.0,[],15
DevEval,Security/diffprivlib,12,20,1,0.0,0.0,[],20
DevEval,Security/diffprivlib,13,10,2,1.0,1.0,"['diffprivlib.tools.utils._std', 'diffprivlib.utils.warn_unused_args']",10
DevEval,Security/diffprivlib,13,15,2,1.0,1.0,"['diffprivlib.tools.utils._std', 'diffprivlib.utils.warn_unused_args']",13
DevEval,Security/diffprivlib,13,20,2,1.0,1.0,"['diffprivlib.tools.utils._std', 'diffprivlib.utils.warn_unused_args']",13
DevEval,Security/diffprivlib,14,10,4,0.5,0.5,"['diffprivlib.accountant.BudgetAccountant.delta', 'diffprivlib.accountant.BudgetAccountant.slack']",10
DevEval,Security/diffprivlib,14,15,4,1.0,1.0,"['diffprivlib.accountant.BudgetAccountant.delta', 'diffprivlib.accountant.BudgetAccountant.epsilon', 'diffprivlib.accountant.BudgetAccountant.slack', 'diffprivlib.accountant.BudgetAccountant.spent_budget']",15
DevEval,Security/diffprivlib,14,20,4,1.0,1.0,"['diffprivlib.accountant.BudgetAccountant.delta', 'diffprivlib.accountant.BudgetAccountant.epsilon', 'diffprivlib.accountant.BudgetAccountant.slack', 'diffprivlib.accountant.BudgetAccountant.spent_budget']",20
DevEval,Security/diffprivlib,15,10,1,1.0,1.0,['diffprivlib.validation.check_bounds'],10
DevEval,Security/diffprivlib,15,15,1,1.0,1.0,['diffprivlib.validation.check_bounds'],15
DevEval,Security/diffprivlib,15,20,1,1.0,1.0,['diffprivlib.validation.check_bounds'],20
DevEval,Security/diffprivlib,16,10,2,1.0,1.0,"['diffprivlib.tools.utils._mean', 'diffprivlib.utils.warn_unused_args']",10
DevEval,Security/diffprivlib,16,15,2,1.0,1.0,"['diffprivlib.tools.utils._mean', 'diffprivlib.utils.warn_unused_args']",15
DevEval,Security/diffprivlib,16,20,2,1.0,1.0,"['diffprivlib.tools.utils._mean', 'diffprivlib.utils.warn_unused_args']",20
DevEval,Security/diffprivlib,17,10,16,0.25,0.25,"['diffprivlib.accountant.BudgetAccountant.check', 'diffprivlib.accountant.BudgetAccountant.spend', 'diffprivlib.utils.check_random_state', 'diffprivlib.validation.DiffprivlibMixin._validate_params']",10
DevEval,Security/diffprivlib,17,15,16,0.25,0.25,"['diffprivlib.accountant.BudgetAccountant.check', 'diffprivlib.accountant.BudgetAccountant.spend', 'diffprivlib.utils.check_random_state', 'diffprivlib.validation.DiffprivlibMixin._validate_params']",15
DevEval,Security/diffprivlib,17,20,16,0.25,0.25,"['diffprivlib.accountant.BudgetAccountant.check', 'diffprivlib.accountant.BudgetAccountant.spend', 'diffprivlib.utils.check_random_state', 'diffprivlib.validation.DiffprivlibMixin._validate_params']",20
DevEval,Security/diffprivlib,18,10,8,0.5,0.5,"['diffprivlib.accountant.BudgetAccountant.check', 'diffprivlib.accountant.BudgetAccountant.spend', 'diffprivlib.utils.check_random_state', 'diffprivlib.utils.warn_unused_args']",10
DevEval,Security/diffprivlib,18,15,8,0.5,0.5,"['diffprivlib.accountant.BudgetAccountant.check', 'diffprivlib.accountant.BudgetAccountant.spend', 'diffprivlib.utils.check_random_state', 'diffprivlib.utils.warn_unused_args']",15
DevEval,Security/diffprivlib,18,20,8,0.5,0.5,"['diffprivlib.accountant.BudgetAccountant.check', 'diffprivlib.accountant.BudgetAccountant.spend', 'diffprivlib.utils.check_random_state', 'diffprivlib.utils.warn_unused_args']",20
DevEval,Security/diffprivlib,19,10,1,0.0,0.0,[],10
DevEval,Security/diffprivlib,19,15,1,0.0,0.0,[],15
DevEval,Security/diffprivlib,19,20,1,0.0,0.0,[],16
DevEval,Security/diffprivlib,20,10,2,0.0,0.0,[],10
DevEval,Security/diffprivlib,20,15,2,0.0,0.0,[],15
DevEval,Security/diffprivlib,20,20,2,0.0,0.0,[],15
DevEval,Security/diffprivlib,21,10,2,0.5,0.5,['diffprivlib.utils.warn_unused_args'],10
DevEval,Security/diffprivlib,21,15,2,0.5,0.5,['diffprivlib.utils.warn_unused_args'],15
DevEval,Security/diffprivlib,21,20,2,0.5,0.5,['diffprivlib.utils.warn_unused_args'],20
DevEval,Security/diffprivlib,22,10,2,1.0,1.0,"['diffprivlib.tools.histograms.histogramdd', 'diffprivlib.utils.warn_unused_args']",10
DevEval,Security/diffprivlib,22,15,2,1.0,1.0,"['diffprivlib.tools.histograms.histogramdd', 'diffprivlib.utils.warn_unused_args']",15
DevEval,Security/diffprivlib,22,20,2,1.0,1.0,"['diffprivlib.tools.histograms.histogramdd', 'diffprivlib.utils.warn_unused_args']",20
DevEval,Security/diffprivlib,23,10,4,1.0,0.0,"['diffprivlib.models.forest._FittingTree.max_depth', 'diffprivlib.models.forest._FittingTree.node_count', 'diffprivlib.models.forest._FittingTree.nodes', 'diffprivlib.models.forest._FittingTree.values_']",10
DevEval,Security/diffprivlib,23,15,4,1.0,0.0,"['diffprivlib.models.forest._FittingTree.max_depth', 'diffprivlib.models.forest._FittingTree.node_count', 'diffprivlib.models.forest._FittingTree.nodes', 'diffprivlib.models.forest._FittingTree.values_']",15
DevEval,Security/diffprivlib,23,20,4,1.0,0.0,"['diffprivlib.models.forest._FittingTree.max_depth', 'diffprivlib.models.forest._FittingTree.node_count', 'diffprivlib.models.forest._FittingTree.nodes', 'diffprivlib.models.forest._FittingTree.values_']",20
DevEval,Security/diffprivlib,24,10,2,0.5,0.5,['diffprivlib.utils.warn_unused_args'],10
DevEval,Security/diffprivlib,24,15,2,0.5,0.5,['diffprivlib.utils.warn_unused_args'],12
DevEval,Security/diffprivlib,24,20,2,0.5,0.5,['diffprivlib.utils.warn_unused_args'],12
DevEval,Security/diffprivlib,25,10,2,1.0,1.0,"['diffprivlib.tools.utils._var', 'diffprivlib.utils.warn_unused_args']",10
DevEval,Security/diffprivlib,25,15,2,1.0,1.0,"['diffprivlib.tools.utils._var', 'diffprivlib.utils.warn_unused_args']",15
DevEval,Security/diffprivlib,25,20,2,1.0,1.0,"['diffprivlib.tools.utils._var', 'diffprivlib.utils.warn_unused_args']",20
DevEval,Security/diffprivlib,26,10,5,0.0,0.0,[],10
DevEval,Security/diffprivlib,26,15,5,0.0,0.0,[],14
DevEval,Security/diffprivlib,26,20,5,0.0,0.0,[],14
DevEval,Security/diffprivlib,27,10,2,1.0,0.5,"['diffprivlib.accountant.BudgetAccountant.__spent_budget', 'diffprivlib.accountant.BudgetAccountant.check']",10
DevEval,Security/diffprivlib,27,15,2,1.0,0.5,"['diffprivlib.accountant.BudgetAccountant.__spent_budget', 'diffprivlib.accountant.BudgetAccountant.check']",15
DevEval,Security/diffprivlib,27,20,2,1.0,0.5,"['diffprivlib.accountant.BudgetAccountant.__spent_budget', 'diffprivlib.accountant.BudgetAccountant.check']",20
DevEval,Security/diffprivlib,28,10,19,0.21052631578947367,0.10526315789473684,"['diffprivlib.models.k_means.KMeans._calc_iters', 'diffprivlib.models.k_means.KMeans._update_centers', 'diffprivlib.models.k_means.KMeans.bounds', 'diffprivlib.models.k_means.KMeans.epsilon']",10
DevEval,Security/diffprivlib,28,15,19,0.42105263157894735,0.3157894736842105,"['diffprivlib.accountant.BudgetAccountant.check', 'diffprivlib.accountant.BudgetAccountant.spend', 'diffprivlib.models.k_means.KMeans._calc_iters', 'diffprivlib.models.k_means.KMeans._distances_labels', 'diffprivlib.models.k_means.KMeans._init_centers', 'diffprivlib.models.k_means.KMeans._update_centers', 'diffprivlib.models.k_means.KMeans.bounds', 'diffprivlib.models.k_means.KMeans.epsilon']",15
DevEval,Security/diffprivlib,28,20,19,0.47368421052631576,0.3684210526315789,"['diffprivlib.accountant.BudgetAccountant.check', 'diffprivlib.accountant.BudgetAccountant.spend', 'diffprivlib.models.k_means.KMeans._calc_iters', 'diffprivlib.models.k_means.KMeans._distances_labels', 'diffprivlib.models.k_means.KMeans._init_centers', 'diffprivlib.models.k_means.KMeans._update_centers', 'diffprivlib.models.k_means.KMeans.bounds', 'diffprivlib.models.k_means.KMeans.epsilon', 'diffprivlib.utils.check_random_state']",20
DevEval,Security/diffprivlib,29,10,9,0.5555555555555556,0.1111111111111111,"['diffprivlib.models.forest._FittingTree.apply', 'diffprivlib.models.forest._FittingTree.node_count', 'diffprivlib.models.forest._FittingTree.nodes', 'diffprivlib.models.forest._FittingTree.random_state', 'diffprivlib.models.forest._FittingTree.values_']",10
DevEval,Security/diffprivlib,29,15,9,0.5555555555555556,0.1111111111111111,"['diffprivlib.models.forest._FittingTree.apply', 'diffprivlib.models.forest._FittingTree.node_count', 'diffprivlib.models.forest._FittingTree.nodes', 'diffprivlib.models.forest._FittingTree.random_state', 'diffprivlib.models.forest._FittingTree.values_']",15
DevEval,Security/diffprivlib,29,20,9,0.5555555555555556,0.1111111111111111,"['diffprivlib.models.forest._FittingTree.apply', 'diffprivlib.models.forest._FittingTree.node_count', 'diffprivlib.models.forest._FittingTree.nodes', 'diffprivlib.models.forest._FittingTree.random_state', 'diffprivlib.models.forest._FittingTree.values_']",20
DevEval,Security/diffprivlib,30,10,2,1.0,1.0,"['diffprivlib.tools.utils._var', 'diffprivlib.utils.warn_unused_args']",10
DevEval,Security/diffprivlib,30,15,2,1.0,1.0,"['diffprivlib.tools.utils._var', 'diffprivlib.utils.warn_unused_args']",15
DevEval,Security/diffprivlib,30,20,2,1.0,1.0,"['diffprivlib.tools.utils._var', 'diffprivlib.utils.warn_unused_args']",20
DevEval,Security/msticpy,4,10,1,1.0,1.0,['msticpy.analysis.anomalous_sequence.utils.data_structures.StateMatrix'],10
DevEval,Security/msticpy,4,15,1,1.0,1.0,['msticpy.analysis.anomalous_sequence.utils.data_structures.StateMatrix'],15
DevEval,Security/msticpy,4,20,1,1.0,1.0,['msticpy.analysis.anomalous_sequence.utils.data_structures.StateMatrix'],17
DevEval,Security/msticpy,5,10,4,0.25,0.25,['msticpy.analysis.anomalous_sequence.utils.cmds_params_values.compute_likelihood_window'],10
DevEval,Security/msticpy,5,15,4,0.25,0.25,['msticpy.analysis.anomalous_sequence.utils.cmds_params_values.compute_likelihood_window'],13
DevEval,Security/msticpy,5,20,4,0.25,0.25,['msticpy.analysis.anomalous_sequence.utils.cmds_params_values.compute_likelihood_window'],13
DevEval,Security/msticpy,6,10,4,1.0,0.25,"['msticpy.config.query_editor.QueryParameterEditWidget._blank_parameter', 'msticpy.config.query_editor.QueryParameterEditWidget._changed_data', 'msticpy.config.query_editor.QueryParameterEditWidget.param_container', 'msticpy.config.query_editor.QueryParameterEditWidget.parameter_dropdown']",10
DevEval,Security/msticpy,6,15,4,1.0,0.25,"['msticpy.config.query_editor.QueryParameterEditWidget._blank_parameter', 'msticpy.config.query_editor.QueryParameterEditWidget._changed_data', 'msticpy.config.query_editor.QueryParameterEditWidget.param_container', 'msticpy.config.query_editor.QueryParameterEditWidget.parameter_dropdown']",15
DevEval,Security/msticpy,6,20,4,1.0,0.25,"['msticpy.config.query_editor.QueryParameterEditWidget._blank_parameter', 'msticpy.config.query_editor.QueryParameterEditWidget._changed_data', 'msticpy.config.query_editor.QueryParameterEditWidget.param_container', 'msticpy.config.query_editor.QueryParameterEditWidget.parameter_dropdown']",20
DevEval,Security/msticpy,7,10,3,0.3333333333333333,0.3333333333333333,['msticpy.analysis.anomalous_sequence.utils.cmds_params_values.compute_likelihood_windows_in_session'],10
DevEval,Security/msticpy,7,15,3,0.3333333333333333,0.3333333333333333,['msticpy.analysis.anomalous_sequence.utils.cmds_params_values.compute_likelihood_windows_in_session'],15
DevEval,Security/msticpy,7,20,3,0.3333333333333333,0.3333333333333333,['msticpy.analysis.anomalous_sequence.utils.cmds_params_values.compute_likelihood_windows_in_session'],20
DevEval,Security/msticpy,8,10,6,0.16666666666666666,0.16666666666666666,['msticpy.analysis.anomalous_sequence.model.Model.compute_rarest_windows'],10
DevEval,Security/msticpy,8,15,6,0.3333333333333333,0.3333333333333333,"['msticpy.analysis.anomalous_sequence.model.Model', 'msticpy.analysis.anomalous_sequence.model.Model.compute_rarest_windows']",15
DevEval,Security/msticpy,8,20,6,0.3333333333333333,0.3333333333333333,"['msticpy.analysis.anomalous_sequence.model.Model', 'msticpy.analysis.anomalous_sequence.model.Model.compute_rarest_windows']",20
DevEval,Security/msticpy,9,10,1,0.0,0.0,[],10
DevEval,Security/msticpy,9,15,1,0.0,0.0,[],15
DevEval,Security/msticpy,9,20,1,0.0,0.0,[],20
DevEval,Security/msticpy,10,10,2,0.5,0.5,['msticpy.analysis.anomalous_sequence.utils.cmds_only.compute_likelihood_windows_in_session'],10
DevEval,Security/msticpy,10,15,2,0.5,0.5,['msticpy.analysis.anomalous_sequence.utils.cmds_only.compute_likelihood_windows_in_session'],15
DevEval,Security/msticpy,10,20,2,0.5,0.5,['msticpy.analysis.anomalous_sequence.utils.cmds_only.compute_likelihood_windows_in_session'],20
DevEval,Security/msticpy,11,10,4,0.25,0.25,['msticpy.analysis.anomalous_sequence.utils.cmds_params_only.compute_prob_setofparams_given_cmd'],10
DevEval,Security/msticpy,11,15,4,0.25,0.25,['msticpy.analysis.anomalous_sequence.utils.cmds_params_only.compute_prob_setofparams_given_cmd'],15
DevEval,Security/msticpy,11,20,4,0.25,0.25,['msticpy.analysis.anomalous_sequence.utils.cmds_params_only.compute_prob_setofparams_given_cmd'],19
DevEval,Security/msticpy,12,10,11,0.2727272727272727,0.0,"['msticpy.analysis.anomalous_sequence.model.Model.prior_probs', 'msticpy.analysis.anomalous_sequence.model.Model.session_type', 'msticpy.analysis.anomalous_sequence.model.Model.sessions']",10
DevEval,Security/msticpy,12,15,11,0.2727272727272727,0.0,"['msticpy.analysis.anomalous_sequence.model.Model.prior_probs', 'msticpy.analysis.anomalous_sequence.model.Model.session_type', 'msticpy.analysis.anomalous_sequence.model.Model.sessions']",15
DevEval,Security/msticpy,12,20,11,0.2727272727272727,0.0,"['msticpy.analysis.anomalous_sequence.model.Model.prior_probs', 'msticpy.analysis.anomalous_sequence.model.Model.session_type', 'msticpy.analysis.anomalous_sequence.model.Model.sessions']",20
DevEval,Security/msticpy,13,10,3,0.3333333333333333,0.3333333333333333,['msticpy.analysis.anomalous_sequence.utils.cmds_params_only.compute_likelihood_windows_in_session'],10
DevEval,Security/msticpy,13,15,3,0.3333333333333333,0.3333333333333333,['msticpy.analysis.anomalous_sequence.utils.cmds_params_only.compute_likelihood_windows_in_session'],15
DevEval,Security/msticpy,13,20,3,0.3333333333333333,0.3333333333333333,['msticpy.analysis.anomalous_sequence.utils.cmds_params_only.compute_likelihood_windows_in_session'],20
DevEval,Security/msticpy,14,10,1,0.0,0.0,[],10
DevEval,Security/msticpy,14,15,1,0.0,0.0,[],15
DevEval,Security/msticpy,14,20,1,0.0,0.0,[],19
DevEval,Security/msticpy,15,10,4,0.25,0.25,['msticpy.analysis.anomalous_sequence.utils.cmds_params_values.compute_prob_setofparams_given_cmd'],10
DevEval,Security/msticpy,15,15,4,0.25,0.25,['msticpy.analysis.anomalous_sequence.utils.cmds_params_values.compute_prob_setofparams_given_cmd'],15
DevEval,Security/msticpy,15,20,4,0.5,0.5,"['msticpy.analysis.anomalous_sequence.utils.cmds_params_values.compute_prob_setofparams_given_cmd', 'msticpy.analysis.anomalous_sequence.utils.data_structures.StateMatrix']",16
DevEval,Security/msticpy,16,10,2,0.0,0.0,[],10
DevEval,Security/msticpy,16,15,2,0.5,0.5,['msticpy.analysis.anomalous_sequence.utils.data_structures.StateMatrix'],15
DevEval,Security/msticpy,16,20,2,0.5,0.5,['msticpy.analysis.anomalous_sequence.utils.data_structures.StateMatrix'],16
DevEval,Security/msticpy,17,10,9,0.6666666666666666,0.2222222222222222,"['msticpy.auth.msal_auth.MSALDelegatedAuth._app_auth', 'msticpy.auth.msal_auth.MSALDelegatedAuth.app', 'msticpy.auth.msal_auth.MSALDelegatedAuth.refresh_token', 'msticpy.auth.msal_auth.MSALDelegatedAuth.result', 'msticpy.auth.msal_auth.MSALDelegatedAuth.scopes', 'msticpy.auth.msal_auth.MSALDelegatedAuth.username']",10
DevEval,Security/msticpy,17,15,9,0.6666666666666666,0.2222222222222222,"['msticpy.auth.msal_auth.MSALDelegatedAuth._app_auth', 'msticpy.auth.msal_auth.MSALDelegatedAuth.app', 'msticpy.auth.msal_auth.MSALDelegatedAuth.refresh_token', 'msticpy.auth.msal_auth.MSALDelegatedAuth.result', 'msticpy.auth.msal_auth.MSALDelegatedAuth.scopes', 'msticpy.auth.msal_auth.MSALDelegatedAuth.username']",15
DevEval,Security/msticpy,17,20,9,0.6666666666666666,0.2222222222222222,"['msticpy.auth.msal_auth.MSALDelegatedAuth._app_auth', 'msticpy.auth.msal_auth.MSALDelegatedAuth.app', 'msticpy.auth.msal_auth.MSALDelegatedAuth.refresh_token', 'msticpy.auth.msal_auth.MSALDelegatedAuth.result', 'msticpy.auth.msal_auth.MSALDelegatedAuth.scopes', 'msticpy.auth.msal_auth.MSALDelegatedAuth.username']",20
DevEval,Security/msticpy,18,10,3,0.6666666666666666,0.6666666666666666,"['msticpy.analysis.anomalous_sequence.utils.laplace_smooth.laplace_smooth_cmd_counts', 'msticpy.analysis.anomalous_sequence.utils.laplace_smooth.laplace_smooth_param_counts']",10
DevEval,Security/msticpy,18,15,3,0.6666666666666666,0.6666666666666666,"['msticpy.analysis.anomalous_sequence.utils.laplace_smooth.laplace_smooth_cmd_counts', 'msticpy.analysis.anomalous_sequence.utils.laplace_smooth.laplace_smooth_param_counts']",15
DevEval,Security/msticpy,18,20,3,0.6666666666666666,0.6666666666666666,"['msticpy.analysis.anomalous_sequence.utils.laplace_smooth.laplace_smooth_cmd_counts', 'msticpy.analysis.anomalous_sequence.utils.laplace_smooth.laplace_smooth_param_counts']",18
DevEval,Security/msticpy,19,10,3,0.3333333333333333,0.3333333333333333,['msticpy.analysis.anomalous_sequence.utils.cmds_only.compute_likelihood_window'],10
DevEval,Security/msticpy,19,15,3,0.3333333333333333,0.3333333333333333,['msticpy.analysis.anomalous_sequence.utils.cmds_only.compute_likelihood_window'],15
DevEval,Security/msticpy,19,20,3,0.3333333333333333,0.3333333333333333,['msticpy.analysis.anomalous_sequence.utils.cmds_only.compute_likelihood_window'],20
DevEval,Security/msticpy,20,10,1,0.0,0.0,[],10
DevEval,Security/msticpy,20,15,1,0.0,0.0,[],15
DevEval,Security/msticpy,20,20,1,1.0,1.0,['msticpy.analysis.anomalous_sequence.utils.data_structures.StateMatrix'],16
DevEval,Security/msticpy,21,10,5,0.8,0.6,"['msticpy.analysis.anomalous_sequence.model.Model.compute_geomean_lik_of_sessions', 'msticpy.analysis.anomalous_sequence.model.Model.compute_likelihoods_of_sessions', 'msticpy.analysis.anomalous_sequence.model.Model.compute_rarest_windows', 'msticpy.analysis.anomalous_sequence.model.Model.prior_probs']",10
DevEval,Security/msticpy,21,15,5,0.8,0.6,"['msticpy.analysis.anomalous_sequence.model.Model.compute_geomean_lik_of_sessions', 'msticpy.analysis.anomalous_sequence.model.Model.compute_likelihoods_of_sessions', 'msticpy.analysis.anomalous_sequence.model.Model.compute_rarest_windows', 'msticpy.analysis.anomalous_sequence.model.Model.prior_probs']",15
DevEval,Security/msticpy,21,20,5,0.8,0.6,"['msticpy.analysis.anomalous_sequence.model.Model.compute_geomean_lik_of_sessions', 'msticpy.analysis.anomalous_sequence.model.Model.compute_likelihoods_of_sessions', 'msticpy.analysis.anomalous_sequence.model.Model.compute_rarest_windows', 'msticpy.analysis.anomalous_sequence.model.Model.prior_probs']",20
DevEval,Security/msticpy,22,10,4,0.0,0.0,[],10
DevEval,Security/msticpy,22,15,4,0.0,0.0,[],15
DevEval,Security/msticpy,22,20,4,0.0,0.0,[],20
DevEval,Security/oletools,1,10,4,0.5,0.0,"['oletools.ooxml.ZipSubFile.pos', 'oletools.ooxml.ZipSubFile.size']",10
DevEval,Security/oletools,1,15,4,0.5,0.0,"['oletools.ooxml.ZipSubFile.pos', 'oletools.ooxml.ZipSubFile.size']",15
DevEval,Security/oletools,1,20,4,0.5,0.0,"['oletools.ooxml.ZipSubFile.pos', 'oletools.ooxml.ZipSubFile.size']",15
DevEval,Security/oletools,2,10,5,0.0,0.0,[],10
DevEval,Security/oletools,2,15,5,0.0,0.0,[],15
DevEval,Security/oletools,2,20,5,0.0,0.0,[],20
DevEval,Security/oletools,3,10,22,0.4090909090909091,0.22727272727272727,"['oletools.common.io_encoding.uopen', 'oletools.ooxml.CONTENT_TYPES_EXCEL', 'oletools.ooxml.CONTENT_TYPES_PPT', 'oletools.ooxml.CONTENT_TYPES_WORD', 'oletools.ooxml.XmlParser', 'oletools.ooxml.XmlParser.is_single_xml', 'oletools.ooxml.XmlParser.iter_xml', 'oletools.ooxml.debug_str', 'oletools.ooxml.logger']",10
DevEval,Security/oletools,3,15,22,0.4090909090909091,0.22727272727272727,"['oletools.common.io_encoding.uopen', 'oletools.ooxml.CONTENT_TYPES_EXCEL', 'oletools.ooxml.CONTENT_TYPES_PPT', 'oletools.ooxml.CONTENT_TYPES_WORD', 'oletools.ooxml.XmlParser', 'oletools.ooxml.XmlParser.is_single_xml', 'oletools.ooxml.XmlParser.iter_xml', 'oletools.ooxml.debug_str', 'oletools.ooxml.logger']",15
DevEval,Security/oletools,3,20,22,0.4090909090909091,0.22727272727272727,"['oletools.common.io_encoding.uopen', 'oletools.ooxml.CONTENT_TYPES_EXCEL', 'oletools.ooxml.CONTENT_TYPES_PPT', 'oletools.ooxml.CONTENT_TYPES_WORD', 'oletools.ooxml.XmlParser', 'oletools.ooxml.XmlParser.is_single_xml', 'oletools.ooxml.XmlParser.iter_xml', 'oletools.ooxml.debug_str', 'oletools.ooxml.logger']",20
DevEval,Security/oletools,4,10,5,0.2,0.0,['oletools.msodde.logger'],10
DevEval,Security/oletools,4,15,5,0.2,0.0,['oletools.msodde.logger'],15
DevEval,Security/oletools,4,20,5,0.2,0.0,['oletools.msodde.logger'],20
DevEval,Security/oletools,5,10,2,0.5,0.5,['oletools.oleobj.sanitize_filename'],10
DevEval,Security/oletools,5,15,2,0.5,0.5,['oletools.oleobj.sanitize_filename'],15
DevEval,Security/oletools,5,20,2,0.5,0.5,['oletools.oleobj.sanitize_filename'],20
DevEval,Security/oletools,6,10,29,0.10344827586206896,0.034482758620689655,"['oletools.oleid.OleID.check_object_pool', 'oletools.oleid.OleID.indicators', 'oletools.oleid.OleID.ole']",10
DevEval,Security/oletools,6,15,29,0.10344827586206896,0.034482758620689655,"['oletools.oleid.OleID.check_object_pool', 'oletools.oleid.OleID.indicators', 'oletools.oleid.OleID.ole']",15
DevEval,Security/oletools,6,20,29,0.10344827586206896,0.034482758620689655,"['oletools.oleid.OleID.check_object_pool', 'oletools.oleid.OleID.indicators', 'oletools.oleid.OleID.ole']",20
DevEval,Security/oletools,7,10,4,0.75,0.25,"['oletools.ooxml.ZipSubFile._seek_skip', 'oletools.ooxml.ZipSubFile.pos', 'oletools.ooxml.ZipSubFile.size']",10
DevEval,Security/oletools,7,15,4,0.75,0.25,"['oletools.ooxml.ZipSubFile._seek_skip', 'oletools.ooxml.ZipSubFile.pos', 'oletools.ooxml.ZipSubFile.size']",15
DevEval,Security/oletools,7,20,4,0.75,0.25,"['oletools.ooxml.ZipSubFile._seek_skip', 'oletools.ooxml.ZipSubFile.pos', 'oletools.ooxml.ZipSubFile.size']",17
DevEval,Security/oletools,8,10,2,0.0,0.0,[],10
DevEval,Security/oletools,8,15,2,0.0,0.0,[],15
DevEval,Security/oletools,8,20,2,0.0,0.0,[],20
DevEval,Security/passpie,1,10,1,0.0,0.0,[],10
DevEval,Security/passpie,1,15,1,0.0,0.0,[],15
DevEval,Security/passpie,1,20,1,0.0,0.0,[],20
DevEval,Security/passpie,2,10,1,1.0,1.0,['passpie.database.PasspieStorage.make_credpath'],10
DevEval,Security/passpie,2,15,1,1.0,1.0,['passpie.database.PasspieStorage.make_credpath'],15
DevEval,Security/passpie,2,20,1,1.0,1.0,['passpie.database.PasspieStorage.make_credpath'],20
DevEval,Security/principalmapper,1,10,2,0.5,0.5,['principalmapper.querying.local_policy_simulation._compose_pattern'],10
DevEval,Security/principalmapper,1,15,2,0.5,0.5,['principalmapper.querying.local_policy_simulation._compose_pattern'],15
DevEval,Security/principalmapper,1,20,2,0.5,0.5,['principalmapper.querying.local_policy_simulation._compose_pattern'],20
DevEval,Security/principalmapper,2,10,3,0.6666666666666666,0.6666666666666666,"['principalmapper.querying.local_policy_simulation._listify_string', 'principalmapper.querying.local_policy_simulation._matches_after_expansion']",10
DevEval,Security/principalmapper,2,15,3,0.6666666666666666,0.6666666666666666,"['principalmapper.querying.local_policy_simulation._listify_string', 'principalmapper.querying.local_policy_simulation._matches_after_expansion']",15
DevEval,Security/principalmapper,2,20,3,0.6666666666666666,0.6666666666666666,"['principalmapper.querying.local_policy_simulation._listify_string', 'principalmapper.querying.local_policy_simulation._matches_after_expansion']",20
DevEval,Security/pyOpenSSL,1,10,1,1.0,0.0,['OpenSSL._util.lib'],10
DevEval,Security/pyOpenSSL,1,15,1,1.0,0.0,['OpenSSL._util.lib'],14
DevEval,Security/pyOpenSSL,1,20,1,1.0,0.0,['OpenSSL._util.lib'],14
DevEval,Security/pycoin,16,10,1,1.0,1.0,['pycoin.services.providers.provider_for_descriptor_and_netcode'],10
DevEval,Security/pycoin,16,15,1,1.0,1.0,['pycoin.services.providers.provider_for_descriptor_and_netcode'],15
DevEval,Security/pycoin,16,20,1,1.0,1.0,['pycoin.services.providers.provider_for_descriptor_and_netcode'],20
DevEval,Security/pycoin,17,10,1,0.0,0.0,[],10
DevEval,Security/pycoin,17,15,1,0.0,0.0,[],11
DevEval,Security/pycoin,17,20,1,0.0,0.0,[],11
DevEval,Security/pycoin,18,10,6,1.0,0.3333333333333333,"['pycoin.blockchain.BlockChain.BlockChain._locked_chain', 'pycoin.blockchain.BlockChain.BlockChain._longest_chain_cache', 'pycoin.blockchain.BlockChain.BlockChain._longest_local_block_chain', 'pycoin.blockchain.BlockChain.BlockChain.length', 'pycoin.blockchain.BlockChain.BlockChain.parent_hash', 'pycoin.blockchain.BlockChain.BlockChain.weight_lookup']",10
DevEval,Security/pycoin,18,15,6,1.0,0.3333333333333333,"['pycoin.blockchain.BlockChain.BlockChain._locked_chain', 'pycoin.blockchain.BlockChain.BlockChain._longest_chain_cache', 'pycoin.blockchain.BlockChain.BlockChain._longest_local_block_chain', 'pycoin.blockchain.BlockChain.BlockChain.length', 'pycoin.blockchain.BlockChain.BlockChain.parent_hash', 'pycoin.blockchain.BlockChain.BlockChain.weight_lookup']",15
DevEval,Security/pycoin,18,20,6,1.0,0.3333333333333333,"['pycoin.blockchain.BlockChain.BlockChain._locked_chain', 'pycoin.blockchain.BlockChain.BlockChain._longest_chain_cache', 'pycoin.blockchain.BlockChain.BlockChain._longest_local_block_chain', 'pycoin.blockchain.BlockChain.BlockChain.length', 'pycoin.blockchain.BlockChain.BlockChain.parent_hash', 'pycoin.blockchain.BlockChain.BlockChain.weight_lookup']",20
DevEval,Security/pycoin,19,10,3,1.0,0.6666666666666666,"['pycoin.networks.default.get_current_netcode', 'pycoin.services.providers.THREAD_LOCALS', 'pycoin.services.providers.providers_for_netcode_from_env']",10
DevEval,Security/pycoin,19,15,3,1.0,0.6666666666666666,"['pycoin.networks.default.get_current_netcode', 'pycoin.services.providers.THREAD_LOCALS', 'pycoin.services.providers.providers_for_netcode_from_env']",15
DevEval,Security/pycoin,19,20,3,1.0,0.6666666666666666,"['pycoin.networks.default.get_current_netcode', 'pycoin.services.providers.THREAD_LOCALS', 'pycoin.services.providers.providers_for_netcode_from_env']",20
DevEval,Security/pycoin,20,10,2,0.0,0.0,[],10
DevEval,Security/pycoin,20,15,2,0.0,0.0,[],15
DevEval,Security/pycoin,20,20,2,0.0,0.0,[],20
DevEval,Security/pycoin,21,10,1,1.0,1.0,['pycoin.bloomfilter.BloomFilter.add_item'],10
DevEval,Security/pycoin,21,15,1,1.0,1.0,['pycoin.bloomfilter.BloomFilter.add_item'],15
DevEval,Security/pycoin,21,20,1,1.0,1.0,['pycoin.bloomfilter.BloomFilter.add_item'],19
DevEval,Security/pycoin,22,10,1,1.0,0.0,['pycoin.bloomfilter.LOG_2'],10
DevEval,Security/pycoin,22,15,1,1.0,0.0,['pycoin.bloomfilter.LOG_2'],15
DevEval,Security/pycoin,22,20,1,1.0,0.0,['pycoin.bloomfilter.LOG_2'],15
DevEval,Security/pycoin,23,10,1,1.0,1.0,['pycoin.blockchain.ChainFinder.ChainFinder.maximum_path'],10
DevEval,Security/pycoin,23,15,1,1.0,1.0,['pycoin.blockchain.ChainFinder.ChainFinder.maximum_path'],15
DevEval,Security/pycoin,23,20,1,1.0,1.0,['pycoin.blockchain.ChainFinder.ChainFinder.maximum_path'],20
DevEval,Security/pycoin,24,10,1,1.0,0.0,['pycoin.encoding.hash.ripemd160'],10
DevEval,Security/pycoin,24,15,1,1.0,0.0,['pycoin.encoding.hash.ripemd160'],15
DevEval,Security/pycoin,24,20,1,1.0,0.0,['pycoin.encoding.hash.ripemd160'],19
DevEval,Security/pycoin,25,10,3,0.0,0.0,[],10
DevEval,Security/pycoin,25,15,3,0.0,0.0,[],15
DevEval,Security/pycoin,25,20,3,0.0,0.0,[],20
DevEval,Security/pycoin,26,10,1,0.0,0.0,[],10
DevEval,Security/pycoin,26,15,1,0.0,0.0,[],15
DevEval,Security/pycoin,26,20,1,0.0,0.0,[],20
DevEval,Security/pycoin,27,10,5,0.2,0.2,['pycoin.contrib.bech32m.convertbits'],10
DevEval,Security/pycoin,27,15,5,0.2,0.2,['pycoin.contrib.bech32m.convertbits'],15
DevEval,Security/pycoin,27,20,5,0.2,0.2,['pycoin.contrib.bech32m.convertbits'],20
DevEval,Security/pycoin,28,10,1,1.0,1.0,['pycoin.contrib.bech32m.bech32_create_checksum'],10
DevEval,Security/pycoin,28,15,1,1.0,1.0,['pycoin.contrib.bech32m.bech32_create_checksum'],15
DevEval,Security/pycoin,28,20,1,1.0,1.0,['pycoin.contrib.bech32m.bech32_create_checksum'],20
DevEval,Security/pycoin,29,10,1,0.0,0.0,[],10
DevEval,Security/pycoin,29,15,1,0.0,0.0,[],11
DevEval,Security/pycoin,29,20,1,0.0,0.0,[],11
DevEval,Security/pycoin,30,10,4,0.75,0.5,"['pycoin.message.PeerAddress.PeerAddress.ip_bin', 'pycoin.message.PeerAddress.ip_bin_to_ip4_addr', 'pycoin.message.PeerAddress.ip_bin_to_ip6_addr']",10
DevEval,Security/pycoin,30,15,4,1.0,0.5,"['pycoin.message.PeerAddress.IP4_HEADER', 'pycoin.message.PeerAddress.PeerAddress.ip_bin', 'pycoin.message.PeerAddress.ip_bin_to_ip4_addr', 'pycoin.message.PeerAddress.ip_bin_to_ip6_addr']",15
DevEval,Security/pycoin,30,20,4,1.0,0.5,"['pycoin.message.PeerAddress.IP4_HEADER', 'pycoin.message.PeerAddress.PeerAddress.ip_bin', 'pycoin.message.PeerAddress.ip_bin_to_ip4_addr', 'pycoin.message.PeerAddress.ip_bin_to_ip6_addr']",20
DevEval,Security/pycoin,31,10,1,0.0,0.0,[],10
DevEval,Security/pycoin,31,15,1,0.0,0.0,[],15
DevEval,Security/pycoin,31,20,1,0.0,0.0,[],20
DevEval,Security/pycoin,32,10,1,1.0,1.0,['pycoin.networks.registry.search_prefixes'],10
DevEval,Security/pycoin,32,15,1,1.0,1.0,['pycoin.networks.registry.search_prefixes'],15
DevEval,Security/pycoin,32,20,1,1.0,1.0,['pycoin.networks.registry.search_prefixes'],20
DevEval,Security/pycoin,33,10,1,1.0,0.0,['pycoin.services.providers.THREAD_LOCALS'],10
DevEval,Security/pycoin,33,15,1,1.0,0.0,['pycoin.services.providers.THREAD_LOCALS'],15
DevEval,Security/pycoin,33,20,1,1.0,0.0,['pycoin.services.providers.THREAD_LOCALS'],20
DevEval,Security/python-taint,2,10,2,0.5,0.5,['pyt.core.project_handler._is_python_file'],10
DevEval,Security/python-taint,2,15,2,0.5,0.5,['pyt.core.project_handler._is_python_file'],15
DevEval,Security/python-taint,2,20,2,0.5,0.5,['pyt.core.project_handler._is_python_file'],20
DevEval,Security/python-taint,3,10,2,0.5,0.5,['pyt.vulnerabilities.trigger_definitions_parser.Sink.trigger_word'],10
DevEval,Security/python-taint,3,15,2,1.0,1.0,"['pyt.vulnerabilities.trigger_definitions_parser.Sink.trigger_word', 'pyt.vulnerabilities.vulnerability_helper.TriggerNode']",15
DevEval,Security/python-taint,3,20,2,1.0,1.0,"['pyt.vulnerabilities.trigger_definitions_parser.Sink.trigger_word', 'pyt.vulnerabilities.vulnerability_helper.TriggerNode']",17
DevEval,Security/python-taint,4,10,4,0.5,0.5,"['pyt.vulnerabilities.trigger_definitions_parser.Sink', 'pyt.vulnerabilities.trigger_definitions_parser.Sink.from_json']",10
DevEval,Security/python-taint,4,15,4,0.5,0.5,"['pyt.vulnerabilities.trigger_definitions_parser.Sink', 'pyt.vulnerabilities.trigger_definitions_parser.Sink.from_json']",15
DevEval,Security/python-taint,4,20,4,0.5,0.5,"['pyt.vulnerabilities.trigger_definitions_parser.Sink', 'pyt.vulnerabilities.trigger_definitions_parser.Sink.from_json']",15
DevEval,Security/python-taint,5,10,1,1.0,0.0,['pyt.__main__.log'],10
DevEval,Security/python-taint,5,15,1,1.0,0.0,['pyt.__main__.log'],15
DevEval,Security/python-taint,5,20,1,1.0,0.0,['pyt.__main__.log'],20
DevEval,Security/python-taint,6,10,3,0.6666666666666666,0.6666666666666666,"['pyt.vulnerabilities.vulnerabilities.find_sanitiser_nodes', 'pyt.vulnerabilities.vulnerability_helper.TriggerNode.sanitisers']",10
DevEval,Security/python-taint,6,15,3,0.6666666666666666,0.6666666666666666,"['pyt.vulnerabilities.vulnerabilities.find_sanitiser_nodes', 'pyt.vulnerabilities.vulnerability_helper.TriggerNode.sanitisers']",15
DevEval,Security/python-taint,6,20,3,0.6666666666666666,0.6666666666666666,"['pyt.vulnerabilities.vulnerabilities.find_sanitiser_nodes', 'pyt.vulnerabilities.vulnerability_helper.TriggerNode.sanitisers']",16
DevEval,Security/python-taint,7,10,1,1.0,1.0,['pyt.vulnerabilities.vulnerabilities.label_contains'],10
DevEval,Security/python-taint,7,15,1,1.0,1.0,['pyt.vulnerabilities.vulnerabilities.label_contains'],15
DevEval,Security/python-taint,7,20,1,1.0,1.0,['pyt.vulnerabilities.vulnerabilities.label_contains'],17
DevEval,Security/threatingestor,1,10,2,0.5,0.0,['threatingestor.state.State.cursor'],10
DevEval,Security/threatingestor,1,15,2,0.5,0.0,['threatingestor.state.State.cursor'],15
DevEval,Security/threatingestor,1,20,2,0.5,0.0,['threatingestor.state.State.cursor'],20
DevEval,Security/threatingestor,2,10,5,0.6,0.6,"['threatingestor.Ingestor.run_forever', 'threatingestor.Ingestor.run_once', 'threatingestor.config.Config.daemon']",10
DevEval,Security/threatingestor,2,15,5,0.6,0.6,"['threatingestor.Ingestor.run_forever', 'threatingestor.Ingestor.run_once', 'threatingestor.config.Config.daemon']",15
DevEval,Security/threatingestor,2,20,5,0.6,0.6,"['threatingestor.Ingestor.run_forever', 'threatingestor.Ingestor.run_once', 'threatingestor.config.Config.daemon']",17
DevEval,Security/threatingestor,3,10,1,1.0,0.0,['threatingestor.state.State.cursor'],10
DevEval,Security/threatingestor,3,15,1,1.0,0.0,['threatingestor.state.State.cursor'],15
DevEval,Security/threatingestor,3,20,1,1.0,0.0,['threatingestor.state.State.cursor'],18
DevEval,Security/trailscraper,4,10,1,1.0,1.0,['trailscraper.boto_service_definitions.service_definition_file'],10
DevEval,Security/trailscraper,4,15,1,1.0,1.0,['trailscraper.boto_service_definitions.service_definition_file'],15
DevEval,Security/trailscraper,4,20,1,1.0,1.0,['trailscraper.boto_service_definitions.service_definition_file'],16
DevEval,Security/trailscraper,5,10,1,1.0,1.0,['trailscraper.boto_service_definitions.boto_service_definition_files'],10
DevEval,Security/trailscraper,5,15,1,1.0,1.0,['trailscraper.boto_service_definitions.boto_service_definition_files'],15
DevEval,Security/trailscraper,5,20,1,1.0,1.0,['trailscraper.boto_service_definitions.boto_service_definition_files'],16
DevEval,Security/trailscraper,6,10,3,1.0,1.0,"['trailscraper.cloudtrail.LogFile.contains_events_for_timeframe', 'trailscraper.cloudtrail.LogFile.records', 'trailscraper.record_sources.local_directory_record_source.LocalDirectoryRecordSource._valid_log_files']",10
DevEval,Security/trailscraper,6,15,3,1.0,1.0,"['trailscraper.cloudtrail.LogFile.contains_events_for_timeframe', 'trailscraper.cloudtrail.LogFile.records', 'trailscraper.record_sources.local_directory_record_source.LocalDirectoryRecordSource._valid_log_files']",15
DevEval,Security/trailscraper,6,20,3,1.0,1.0,"['trailscraper.cloudtrail.LogFile.contains_events_for_timeframe', 'trailscraper.cloudtrail.LogFile.records', 'trailscraper.record_sources.local_directory_record_source.LocalDirectoryRecordSource._valid_log_files']",20
DevEval,Security/trailscraper,7,10,3,0.3333333333333333,0.3333333333333333,['trailscraper.iam._parse_statements'],10
DevEval,Security/trailscraper,7,15,3,0.3333333333333333,0.3333333333333333,['trailscraper.iam._parse_statements'],15
DevEval,Security/trailscraper,7,20,3,0.3333333333333333,0.3333333333333333,['trailscraper.iam._parse_statements'],16
DevEval,Security/trailscraper,8,10,2,1.0,1.0,"['trailscraper.iam._parse_action', 'trailscraper.iam.all_known_iam_permissions']",10
DevEval,Security/trailscraper,8,15,2,1.0,1.0,"['trailscraper.iam._parse_action', 'trailscraper.iam.all_known_iam_permissions']",15
DevEval,Security/trailscraper,8,20,2,1.0,1.0,"['trailscraper.iam._parse_action', 'trailscraper.iam.all_known_iam_permissions']",20
DevEval,Security/trailscraper,9,10,4,0.75,0.0,"['trailscraper.iam.Statement.Action', 'trailscraper.iam.Statement.Effect', 'trailscraper.iam.Statement.Resource']",10
DevEval,Security/trailscraper,9,15,4,0.75,0.0,"['trailscraper.iam.Statement.Action', 'trailscraper.iam.Statement.Effect', 'trailscraper.iam.Statement.Resource']",15
DevEval,Security/trailscraper,9,20,4,0.75,0.0,"['trailscraper.iam.Statement.Action', 'trailscraper.iam.Statement.Effect', 'trailscraper.iam.Statement.Resource']",15
DevEval,Security/trailscraper,10,10,8,0.625,0.375,"['trailscraper.cloudtrail.Record._event_name_to_iam_action', 'trailscraper.cloudtrail.Record._source_to_iam_prefix', 'trailscraper.cloudtrail.Record._to_api_gateway_statement', 'trailscraper.cloudtrail.Record.event_name', 'trailscraper.cloudtrail.Record.event_source']",10
DevEval,Security/trailscraper,10,15,8,0.625,0.375,"['trailscraper.cloudtrail.Record._event_name_to_iam_action', 'trailscraper.cloudtrail.Record._source_to_iam_prefix', 'trailscraper.cloudtrail.Record._to_api_gateway_statement', 'trailscraper.cloudtrail.Record.event_name', 'trailscraper.cloudtrail.Record.event_source']",15
DevEval,Security/trailscraper,10,20,8,0.625,0.375,"['trailscraper.cloudtrail.Record._event_name_to_iam_action', 'trailscraper.cloudtrail.Record._source_to_iam_prefix', 'trailscraper.cloudtrail.Record._to_api_gateway_statement', 'trailscraper.cloudtrail.Record.event_name', 'trailscraper.cloudtrail.Record.event_source']",20
DevEval,Security/trailscraper,11,10,3,0.6666666666666666,0.6666666666666666,"['trailscraper.cloudtrail._by_role_arns', 'trailscraper.cloudtrail._by_timeframe']",10
DevEval,Security/trailscraper,11,15,3,0.6666666666666666,0.6666666666666666,"['trailscraper.cloudtrail._by_role_arns', 'trailscraper.cloudtrail._by_timeframe']",15
DevEval,Security/trailscraper,11,20,3,0.6666666666666666,0.6666666666666666,"['trailscraper.cloudtrail._by_role_arns', 'trailscraper.cloudtrail._by_timeframe']",20
DevEval,Security/zxcvbn-python,5,10,2,0.0,0.0,[],10
DevEval,Security/zxcvbn-python,5,15,2,0.0,0.0,[],15
DevEval,Security/zxcvbn-python,5,20,2,0.0,0.0,[],20
DevEval,Security/zxcvbn-python,6,10,5,0.2,0.2,['zxcvbn.scoring.nCk'],10
DevEval,Security/zxcvbn-python,6,15,5,0.2,0.2,['zxcvbn.scoring.nCk'],15
DevEval,Security/zxcvbn-python,6,20,5,0.2,0.2,['zxcvbn.scoring.nCk'],20
DevEval,Security/zxcvbn-python,7,10,3,0.6666666666666666,0.3333333333333333,"['zxcvbn.matching.RANKED_DICTIONARIES', 'zxcvbn.matching.spatial_match_helper']",10
DevEval,Security/zxcvbn-python,7,15,3,0.6666666666666666,0.3333333333333333,"['zxcvbn.matching.RANKED_DICTIONARIES', 'zxcvbn.matching.spatial_match_helper']",15
DevEval,Security/zxcvbn-python,7,20,3,0.6666666666666666,0.3333333333333333,"['zxcvbn.matching.RANKED_DICTIONARIES', 'zxcvbn.matching.spatial_match_helper']",20
DevEval,Security/zxcvbn-python,8,10,2,0.5,0.0,['zxcvbn.matching.RANKED_DICTIONARIES'],10
DevEval,Security/zxcvbn-python,8,15,2,0.5,0.0,['zxcvbn.matching.RANKED_DICTIONARIES'],15
DevEval,Security/zxcvbn-python,8,20,2,0.5,0.0,['zxcvbn.matching.RANKED_DICTIONARIES'],20
DevEval,Security/zxcvbn-python,9,10,2,1.0,1.0,"['zxcvbn.scoring.l33t_variations', 'zxcvbn.scoring.uppercase_variations']",10
DevEval,Security/zxcvbn-python,9,15,2,1.0,1.0,"['zxcvbn.scoring.l33t_variations', 'zxcvbn.scoring.uppercase_variations']",15
DevEval,Security/zxcvbn-python,9,20,2,1.0,1.0,"['zxcvbn.scoring.l33t_variations', 'zxcvbn.scoring.uppercase_variations']",20
DevEval,Security/zxcvbn-python,10,10,1,1.0,0.0,['zxcvbn.matching.RANKED_DICTIONARIES'],10
DevEval,Security/zxcvbn-python,10,15,1,1.0,0.0,['zxcvbn.matching.RANKED_DICTIONARIES'],15
DevEval,Security/zxcvbn-python,10,20,1,1.0,0.0,['zxcvbn.matching.RANKED_DICTIONARIES'],20
DevEval,Security/zxcvbn-python,11,10,5,0.2,0.2,['zxcvbn.scoring.nCk'],10
DevEval,Security/zxcvbn-python,11,15,5,0.2,0.2,['zxcvbn.scoring.nCk'],15
DevEval,Security/zxcvbn-python,11,20,5,0.2,0.2,['zxcvbn.scoring.nCk'],20
DevEval,Security/zxcvbn-python,12,10,3,1.0,0.6666666666666666,"['zxcvbn.matching.RANKED_DICTIONARIES', 'zxcvbn.matching.omnimatch', 'zxcvbn.scoring.most_guessable_match_sequence']",10
DevEval,Security/zxcvbn-python,12,15,3,1.0,0.6666666666666666,"['zxcvbn.matching.RANKED_DICTIONARIES', 'zxcvbn.matching.omnimatch', 'zxcvbn.scoring.most_guessable_match_sequence']",15
DevEval,Security/zxcvbn-python,12,20,3,1.0,0.6666666666666666,"['zxcvbn.matching.RANKED_DICTIONARIES', 'zxcvbn.matching.omnimatch', 'zxcvbn.scoring.most_guessable_match_sequence']",20
DevEval,Security/zxcvbn-python,13,10,1,1.0,0.0,['zxcvbn.matching.RANKED_DICTIONARIES'],10
DevEval,Security/zxcvbn-python,13,15,1,1.0,0.0,['zxcvbn.matching.RANKED_DICTIONARIES'],15
DevEval,Security/zxcvbn-python,13,20,1,1.0,0.0,['zxcvbn.matching.RANKED_DICTIONARIES'],17
DevEval,Security/zxcvbn-python,14,10,2,0.0,0.0,[],10
DevEval,Security/zxcvbn-python,14,15,2,0.0,0.0,[],15
DevEval,Security/zxcvbn-python,14,20,2,0.0,0.0,[],20
DevEval,Security/zxcvbn-python,15,10,9,0.3333333333333333,0.3333333333333333,"['zxcvbn.scoring.bruteforce_guesses', 'zxcvbn.scoring.repeat_guesses', 'zxcvbn.scoring.sequence_guesses']",10
DevEval,Security/zxcvbn-python,15,15,9,0.5555555555555556,0.5555555555555556,"['zxcvbn.scoring.bruteforce_guesses', 'zxcvbn.scoring.regex_guesses', 'zxcvbn.scoring.repeat_guesses', 'zxcvbn.scoring.sequence_guesses', 'zxcvbn.scoring.spatial_guesses']",15
DevEval,Security/zxcvbn-python,15,20,9,0.6666666666666666,0.6666666666666666,"['zxcvbn.scoring.bruteforce_guesses', 'zxcvbn.scoring.date_guesses', 'zxcvbn.scoring.regex_guesses', 'zxcvbn.scoring.repeat_guesses', 'zxcvbn.scoring.sequence_guesses', 'zxcvbn.scoring.spatial_guesses']",20
DevEval,Security/zxcvbn-python,16,10,2,1.0,0.5,"['zxcvbn.matching.RANKED_DICTIONARIES', 'zxcvbn.matching.dictionary_match']",10
DevEval,Security/zxcvbn-python,16,15,2,1.0,0.5,"['zxcvbn.matching.RANKED_DICTIONARIES', 'zxcvbn.matching.dictionary_match']",15
DevEval,Security/zxcvbn-python,16,20,2,1.0,0.5,"['zxcvbn.matching.RANKED_DICTIONARIES', 'zxcvbn.matching.dictionary_match']",17
DevEval,Security/zxcvbn-python,17,10,6,0.6666666666666666,0.5,"['zxcvbn.matching.RANKED_DICTIONARIES', 'zxcvbn.matching.dictionary_match', 'zxcvbn.matching.enumerate_l33t_subs', 'zxcvbn.matching.relevant_l33t_subtable']",10
DevEval,Security/zxcvbn-python,17,15,6,0.6666666666666666,0.5,"['zxcvbn.matching.RANKED_DICTIONARIES', 'zxcvbn.matching.dictionary_match', 'zxcvbn.matching.enumerate_l33t_subs', 'zxcvbn.matching.relevant_l33t_subtable']",15
DevEval,Security/zxcvbn-python,17,20,6,0.8333333333333334,0.6666666666666666,"['zxcvbn.matching.RANKED_DICTIONARIES', 'zxcvbn.matching.dictionary_match', 'zxcvbn.matching.enumerate_l33t_subs', 'zxcvbn.matching.relevant_l33t_subtable', 'zxcvbn.matching.translate']",19
DevEval,Security/zxcvbn-python,18,10,3,1.0,1.0,"['zxcvbn.time_estimates.display_time', 'zxcvbn.time_estimates.float_to_decimal', 'zxcvbn.time_estimates.guesses_to_score']",10
DevEval,Security/zxcvbn-python,18,15,3,1.0,1.0,"['zxcvbn.time_estimates.display_time', 'zxcvbn.time_estimates.float_to_decimal', 'zxcvbn.time_estimates.guesses_to_score']",15
DevEval,Security/zxcvbn-python,18,20,3,1.0,1.0,"['zxcvbn.time_estimates.display_time', 'zxcvbn.time_estimates.float_to_decimal', 'zxcvbn.time_estimates.guesses_to_score']",20
DevEval,Software-Development/Faker,15,10,1,1.0,1.0,['faker.utils.checksums.luhn_checksum'],8
DevEval,Software-Development/Faker,15,15,1,1.0,1.0,['faker.utils.checksums.luhn_checksum'],8
DevEval,Software-Development/Faker,15,20,1,1.0,1.0,['faker.utils.checksums.luhn_checksum'],8
DevEval,Software-Development/Faker,16,10,1,1.0,1.0,['faker.utils.loading.list_module'],10
DevEval,Software-Development/Faker,16,15,1,1.0,1.0,['faker.utils.loading.list_module'],15
DevEval,Software-Development/Faker,16,20,1,1.0,1.0,['faker.utils.loading.list_module'],20
DevEval,Software-Development/Faker,17,10,1,0.0,0.0,[],10
DevEval,Software-Development/Faker,17,15,1,0.0,0.0,[],15
DevEval,Software-Development/Faker,17,20,1,0.0,0.0,[],20
DevEval,Software-Development/Faker,18,10,1,1.0,1.0,['faker.utils.loading.list_module'],10
DevEval,Software-Development/Faker,18,15,1,1.0,1.0,['faker.utils.loading.list_module'],15
DevEval,Software-Development/Faker,18,20,1,1.0,1.0,['faker.utils.loading.list_module'],20
DevEval,Software-Development/Faker,19,10,3,0.0,0.0,[],10
DevEval,Software-Development/Faker,19,15,3,0.0,0.0,[],15
DevEval,Software-Development/Faker,19,20,3,0.0,0.0,[],20
DevEval,Software-Development/Faker,20,10,2,0.0,0.0,[],10
DevEval,Software-Development/Faker,20,15,2,0.0,0.0,[],15
DevEval,Software-Development/Faker,20,20,2,0.0,0.0,[],20
DevEval,Software-Development/Faker,21,10,4,1.0,0.5,"['faker.generator.random', 'faker.utils.distribution.T', 'faker.utils.distribution.cumsum', 'faker.utils.distribution.random_sample']",10
DevEval,Software-Development/Faker,21,15,4,1.0,0.5,"['faker.generator.random', 'faker.utils.distribution.T', 'faker.utils.distribution.cumsum', 'faker.utils.distribution.random_sample']",15
DevEval,Software-Development/Faker,21,20,4,1.0,0.5,"['faker.generator.random', 'faker.utils.distribution.T', 'faker.utils.distribution.cumsum', 'faker.utils.distribution.random_sample']",20
DevEval,Software-Development/PySnooper,3,10,1,0.0,0.0,[],10
DevEval,Software-Development/PySnooper,3,15,1,0.0,0.0,[],15
DevEval,Software-Development/PySnooper,3,20,1,0.0,0.0,[],20
DevEval,Software-Development/backtrader,1,10,24,0.041666666666666664,0.041666666666666664,['backtrader.trade.TradeHistory.doupdate'],10
DevEval,Software-Development/backtrader,1,15,24,0.08333333333333333,0.08333333333333333,"['backtrader.trade.TradeHistory', 'backtrader.trade.TradeHistory.doupdate']",15
DevEval,Software-Development/backtrader,1,20,24,0.08333333333333333,0.08333333333333333,"['backtrader.trade.TradeHistory', 'backtrader.trade.TradeHistory.doupdate']",20
DevEval,Software-Development/dash,5,10,1,1.0,1.0,['dash.development.base_component.Component._traverse_with_paths'],10
DevEval,Software-Development/dash,5,15,1,1.0,1.0,['dash.development.base_component.Component._traverse_with_paths'],15
DevEval,Software-Development/dash,5,20,1,1.0,1.0,['dash.development.base_component.Component._traverse_with_paths'],20
DevEval,Software-Development/dash,6,10,2,0.0,0.0,[],10
DevEval,Software-Development/dash,6,15,2,0.0,0.0,[],13
DevEval,Software-Development/dash,6,20,2,0.0,0.0,[],13
DevEval,Software-Development/dash,7,10,1,0.0,0.0,[],10
DevEval,Software-Development/dash,7,15,1,0.0,0.0,[],15
DevEval,Software-Development/dash,7,20,1,0.0,0.0,[],19
DevEval,Software-Development/dash,8,10,2,1.0,1.0,"['dash.development._py_components_generation.map_js_to_py_types_flow_types', 'dash.development._py_components_generation.map_js_to_py_types_prop_types']",10
DevEval,Software-Development/dash,8,15,2,1.0,1.0,"['dash.development._py_components_generation.map_js_to_py_types_flow_types', 'dash.development._py_components_generation.map_js_to_py_types_prop_types']",15
DevEval,Software-Development/dash,8,20,2,1.0,1.0,"['dash.development._py_components_generation.map_js_to_py_types_flow_types', 'dash.development._py_components_generation.map_js_to_py_types_prop_types']",20
DevEval,Software-Development/dash,9,10,1,1.0,1.0,['dash._grouping.flatten_grouping'],10
DevEval,Software-Development/dash,9,15,1,1.0,1.0,['dash._grouping.flatten_grouping'],15
DevEval,Software-Development/dash,9,20,1,1.0,1.0,['dash._grouping.flatten_grouping'],20
DevEval,Software-Development/dash,10,10,7,0.7142857142857143,0.7142857142857143,"['dash._grouping.SchemaKeysValidationError', 'dash._grouping.SchemaKeysValidationError.check', 'dash._grouping.SchemaLengthValidationError', 'dash._grouping.SchemaLengthValidationError.check', 'dash._grouping.SchemaTypeValidationError.check']",10
DevEval,Software-Development/dash,10,15,7,0.8571428571428571,0.8571428571428571,"['dash._grouping.SchemaKeysValidationError', 'dash._grouping.SchemaKeysValidationError.check', 'dash._grouping.SchemaLengthValidationError', 'dash._grouping.SchemaLengthValidationError.check', 'dash._grouping.SchemaTypeValidationError', 'dash._grouping.SchemaTypeValidationError.check']",15
DevEval,Software-Development/dash,10,20,7,0.8571428571428571,0.8571428571428571,"['dash._grouping.SchemaKeysValidationError', 'dash._grouping.SchemaKeysValidationError.check', 'dash._grouping.SchemaLengthValidationError', 'dash._grouping.SchemaLengthValidationError.check', 'dash._grouping.SchemaTypeValidationError', 'dash._grouping.SchemaTypeValidationError.check']",15
DevEval,Software-Development/dash,11,10,1,0.0,0.0,[],10
DevEval,Software-Development/dash,11,15,1,0.0,0.0,[],15
DevEval,Software-Development/dash,11,20,1,0.0,0.0,[],20
DevEval,Software-Development/dash,12,10,6,0.8333333333333334,0.8333333333333334,"['dash.development._collect_nodes.collect_array', 'dash.development._collect_nodes.collect_object', 'dash.development._collect_nodes.collect_union', 'dash.development._collect_nodes.is_node', 'dash.development._collect_nodes.is_shape']",10
DevEval,Software-Development/dash,12,15,6,0.8333333333333334,0.8333333333333334,"['dash.development._collect_nodes.collect_array', 'dash.development._collect_nodes.collect_object', 'dash.development._collect_nodes.collect_union', 'dash.development._collect_nodes.is_node', 'dash.development._collect_nodes.is_shape']",15
DevEval,Software-Development/dash,12,20,6,0.8333333333333334,0.8333333333333334,"['dash.development._collect_nodes.collect_array', 'dash.development._collect_nodes.collect_object', 'dash.development._collect_nodes.collect_union', 'dash.development._collect_nodes.is_node', 'dash.development._collect_nodes.is_shape']",20
DevEval,Software-Development/dash,13,10,3,0.0,0.0,[],10
DevEval,Software-Development/dash,13,15,3,0.0,0.0,[],15
DevEval,Software-Development/dash,13,20,3,0.0,0.0,[],20
DevEval,Software-Development/dash,14,10,1,0.0,0.0,[],10
DevEval,Software-Development/dash,14,15,1,0.0,0.0,[],15
DevEval,Software-Development/dash,14,20,1,0.0,0.0,[],15
DevEval,Software-Development/dash,15,10,1,0.0,0.0,[],10
DevEval,Software-Development/dash,15,15,1,0.0,0.0,[],13
DevEval,Software-Development/dash,15,20,1,0.0,0.0,[],13
DevEval,Software-Development/dash,16,10,2,0.0,0.0,[],10
DevEval,Software-Development/dash,16,15,2,0.0,0.0,[],13
DevEval,Software-Development/dash,16,20,2,0.0,0.0,[],13
DevEval,Software-Development/dash,17,10,4,0.25,0.25,['dash.development.component_loader._get_metadata'],10
DevEval,Software-Development/dash,17,15,4,0.25,0.25,['dash.development.component_loader._get_metadata'],15
DevEval,Software-Development/dash,17,20,4,0.25,0.25,['dash.development.component_loader._get_metadata'],18
DevEval,Software-Development/dash,18,10,1,0.0,0.0,[],10
DevEval,Software-Development/dash,18,15,1,0.0,0.0,[],15
DevEval,Software-Development/dash,18,20,1,0.0,0.0,[],20
DevEval,Software-Development/discord-py,3,10,1,0.0,0.0,[],10
DevEval,Software-Development/discord-py,3,15,1,0.0,0.0,[],11
DevEval,Software-Development/discord-py,3,20,1,0.0,0.0,[],11
DevEval,Software-Development/discord-py,4,10,1,0.0,0.0,[],10
DevEval,Software-Development/discord-py,4,15,1,0.0,0.0,[],15
DevEval,Software-Development/discord-py,4,20,1,0.0,0.0,[],20
DevEval,Software-Development/discord-py,5,10,3,0.6666666666666666,0.3333333333333333,"['discord.ext.tasks.Loop', 'discord.utils.MISSING']",10
DevEval,Software-Development/discord-py,5,15,3,0.6666666666666666,0.3333333333333333,"['discord.ext.tasks.Loop', 'discord.utils.MISSING']",15
DevEval,Software-Development/discord-py,5,20,3,0.6666666666666666,0.3333333333333333,"['discord.ext.tasks.Loop', 'discord.utils.MISSING']",20
DevEval,Software-Development/discord-py,6,10,2,0.5,0.5,['discord.invite.Invite'],10
DevEval,Software-Development/discord-py,6,15,2,0.5,0.5,['discord.invite.Invite'],15
DevEval,Software-Development/discord-py,6,20,2,0.5,0.5,['discord.invite.Invite'],20
DevEval,Software-Development/discord-py,7,10,1,1.0,1.0,['discord.utils.evaluate_annotation'],10
DevEval,Software-Development/discord-py,7,15,1,1.0,1.0,['discord.utils.evaluate_annotation'],15
DevEval,Software-Development/discord-py,7,20,1,1.0,1.0,['discord.utils.evaluate_annotation'],20
DevEval,Software-Development/pandas-profiling,1,10,1,0.0,0.0,[],10
DevEval,Software-Development/pandas-profiling,1,15,1,0.0,0.0,[],15
DevEval,Software-Development/pandas-profiling,1,20,1,0.0,0.0,[],20
DevEval,Software-Development/pandas-profiling,2,10,2,1.0,0.5,"['ydata_profiling.report.presentation.flavours.html.templates', 'ydata_profiling.report.presentation.flavours.html.templates.template']",10
DevEval,Software-Development/pandas-profiling,2,15,2,1.0,0.5,"['ydata_profiling.report.presentation.flavours.html.templates', 'ydata_profiling.report.presentation.flavours.html.templates.template']",15
DevEval,Software-Development/pandas-profiling,2,20,2,1.0,0.5,"['ydata_profiling.report.presentation.flavours.html.templates', 'ydata_profiling.report.presentation.flavours.html.templates.template']",20
DevEval,Software-Development/pandas-profiling,3,10,4,0.25,0.25,['ydata_profiling.controller.console.parse_args'],10
DevEval,Software-Development/pandas-profiling,3,15,4,0.25,0.25,['ydata_profiling.controller.console.parse_args'],15
DevEval,Software-Development/pandas-profiling,3,20,4,0.25,0.25,['ydata_profiling.controller.console.parse_args'],20
DevEval,Software-Development/pandas-profiling,4,10,2,0.5,0.5,['ydata_profiling.model.handler.Handler.handle'],10
DevEval,Software-Development/pandas-profiling,4,15,2,0.5,0.5,['ydata_profiling.model.handler.Handler.handle'],15
DevEval,Software-Development/pandas-profiling,4,20,2,0.5,0.5,['ydata_profiling.model.handler.Handler.handle'],20
DevEval,Software-Development/pandas-profiling,5,10,6,0.0,0.0,[],10
DevEval,Software-Development/pandas-profiling,5,15,6,0.0,0.0,[],15
DevEval,Software-Development/pandas-profiling,5,20,6,0.0,0.0,[],20
DevEval,Software-Development/pandas-profiling,6,10,3,0.3333333333333333,0.3333333333333333,['ydata_profiling.model.pandas.correlations_pandas._cramers_corrected_stat'],10
DevEval,Software-Development/pandas-profiling,6,15,3,0.3333333333333333,0.3333333333333333,['ydata_profiling.model.pandas.correlations_pandas._cramers_corrected_stat'],15
DevEval,Software-Development/pandas-profiling,6,20,3,0.3333333333333333,0.3333333333333333,['ydata_profiling.model.pandas.correlations_pandas._cramers_corrected_stat'],20
DevEval,Software-Development/pandas-profiling,7,10,2,0.0,0.0,[],10
DevEval,Software-Development/pandas-profiling,7,15,2,0.5,0.0,['ydata_profiling.config'],15
DevEval,Software-Development/pandas-profiling,7,20,2,0.5,0.0,['ydata_profiling.config'],20
DevEval,Software-Development/pandas-profiling,8,10,9,0.1111111111111111,0.1111111111111111,['ydata_profiling.model.pandas.correlations_pandas._pairwise_cramers'],10
DevEval,Software-Development/pandas-profiling,8,15,9,0.1111111111111111,0.1111111111111111,['ydata_profiling.model.pandas.correlations_pandas._pairwise_cramers'],15
DevEval,Software-Development/pandas-profiling,8,20,9,0.1111111111111111,0.1111111111111111,['ydata_profiling.model.pandas.correlations_pandas._pairwise_cramers'],20
DevEval,Software-Development/pandas-profiling,9,10,2,1.0,0.5,"['ydata_profiling.report.presentation.flavours.html.templates', 'ydata_profiling.report.presentation.flavours.html.templates.template']",10
DevEval,Software-Development/pandas-profiling,9,15,2,1.0,0.5,"['ydata_profiling.report.presentation.flavours.html.templates', 'ydata_profiling.report.presentation.flavours.html.templates.template']",15
DevEval,Software-Development/pandas-profiling,9,20,2,1.0,0.5,"['ydata_profiling.report.presentation.flavours.html.templates', 'ydata_profiling.report.presentation.flavours.html.templates.template']",20
DevEval,Software-Development/pandas-profiling,10,10,3,0.6666666666666666,0.6666666666666666,"['ydata_profiling.model.pandas.discretize_pandas.Discretizer._discretize_column', 'ydata_profiling.model.pandas.discretize_pandas.Discretizer._get_numerical_columns']",10
DevEval,Software-Development/pandas-profiling,10,15,3,0.6666666666666666,0.6666666666666666,"['ydata_profiling.model.pandas.discretize_pandas.Discretizer._discretize_column', 'ydata_profiling.model.pandas.discretize_pandas.Discretizer._get_numerical_columns']",15
DevEval,Software-Development/pandas-profiling,10,20,3,0.6666666666666666,0.6666666666666666,"['ydata_profiling.model.pandas.discretize_pandas.Discretizer._discretize_column', 'ydata_profiling.model.pandas.discretize_pandas.Discretizer._get_numerical_columns']",20
DevEval,Software-Development/pandas-profiling,11,10,1,1.0,1.0,['ydata_profiling.utils.paths.get_data_path'],10
DevEval,Software-Development/pandas-profiling,11,15,1,1.0,1.0,['ydata_profiling.utils.paths.get_data_path'],15
DevEval,Software-Development/pandas-profiling,11,20,1,1.0,1.0,['ydata_profiling.utils.paths.get_data_path'],19
DevEval,Software-Development/peewee,4,10,1,1.0,1.0,['playhouse.db_url.parseresult_to_dict'],10
DevEval,Software-Development/peewee,4,15,1,1.0,1.0,['playhouse.db_url.parseresult_to_dict'],15
DevEval,Software-Development/peewee,4,20,1,1.0,1.0,['playhouse.db_url.parseresult_to_dict'],20
DevEval,Software-Development/peewee,5,10,2,0.0,0.0,[],10
DevEval,Software-Development/peewee,5,15,2,0.0,0.0,[],15
DevEval,Software-Development/peewee,5,20,2,0.0,0.0,[],20
DevEval,Software-Development/peewee,6,10,2,1.0,0.0,"['playhouse.signals.Signal._receiver_list', 'playhouse.signals.Signal._receivers']",10
DevEval,Software-Development/peewee,6,15,2,1.0,0.0,"['playhouse.signals.Signal._receiver_list', 'playhouse.signals.Signal._receivers']",15
DevEval,Software-Development/peewee,6,20,2,1.0,0.0,"['playhouse.signals.Signal._receiver_list', 'playhouse.signals.Signal._receivers']",20
DevEval,Software-Development/peewee,7,10,5,0.8,0.6,"['playhouse.sqlite_changelog.ChangeLog.db', 'playhouse.sqlite_changelog.ChangeLog.drop_trigger_sql', 'playhouse.sqlite_changelog.ChangeLog.model', 'playhouse.sqlite_changelog.ChangeLog.trigger_sql']",10
DevEval,Software-Development/peewee,7,15,5,0.8,0.6,"['playhouse.sqlite_changelog.ChangeLog.db', 'playhouse.sqlite_changelog.ChangeLog.drop_trigger_sql', 'playhouse.sqlite_changelog.ChangeLog.model', 'playhouse.sqlite_changelog.ChangeLog.trigger_sql']",15
DevEval,Software-Development/peewee,7,20,5,0.8,0.6,"['playhouse.sqlite_changelog.ChangeLog.db', 'playhouse.sqlite_changelog.ChangeLog.drop_trigger_sql', 'playhouse.sqlite_changelog.ChangeLog.model', 'playhouse.sqlite_changelog.ChangeLog.trigger_sql']",20
DevEval,Software-Development/peewee,8,10,2,0.5,0.5,['playhouse.db_url.parseresult_to_dict'],10
DevEval,Software-Development/peewee,8,15,2,0.5,0.5,['playhouse.db_url.parseresult_to_dict'],15
DevEval,Software-Development/peewee,8,20,2,0.5,0.5,['playhouse.db_url.parseresult_to_dict'],20
DevEval,Software-Development/peewee,9,10,4,0.75,0.5,"['playhouse.dataset.DataSet._check_arguments', 'playhouse.dataset.DataSet._export_formats', 'playhouse.dataset.open_file']",10
DevEval,Software-Development/peewee,9,15,4,0.75,0.5,"['playhouse.dataset.DataSet._check_arguments', 'playhouse.dataset.DataSet._export_formats', 'playhouse.dataset.open_file']",14
DevEval,Software-Development/peewee,9,20,4,0.75,0.5,"['playhouse.dataset.DataSet._check_arguments', 'playhouse.dataset.DataSet._export_formats', 'playhouse.dataset.open_file']",14
DevEval,Software-Development/peewee,10,10,3,1.0,0.3333333333333333,"['playhouse.dataset.DataSet._database', 'playhouse.dataset.DataSet._include_views', 'playhouse.dataset.DataSet.views']",10
DevEval,Software-Development/peewee,10,15,3,1.0,0.3333333333333333,"['playhouse.dataset.DataSet._database', 'playhouse.dataset.DataSet._include_views', 'playhouse.dataset.DataSet.views']",15
DevEval,Software-Development/peewee,10,20,3,1.0,0.3333333333333333,"['playhouse.dataset.DataSet._database', 'playhouse.dataset.DataSet._include_views', 'playhouse.dataset.DataSet.views']",20
DevEval,Software-Development/peewee,11,10,5,0.6,0.2,"['playhouse.dataset.DataSet._include_views', 'playhouse.dataset.DataSet._models', 'playhouse.dataset.DataSet.get_table_dependencies']",10
DevEval,Software-Development/peewee,11,15,5,0.6,0.2,"['playhouse.dataset.DataSet._include_views', 'playhouse.dataset.DataSet._models', 'playhouse.dataset.DataSet.get_table_dependencies']",15
DevEval,Software-Development/peewee,11,20,5,0.6,0.2,"['playhouse.dataset.DataSet._include_views', 'playhouse.dataset.DataSet._models', 'playhouse.dataset.DataSet.get_table_dependencies']",15
DevEval,Software-Development/peewee,12,10,1,0.0,0.0,[],10
DevEval,Software-Development/peewee,12,15,1,0.0,0.0,[],15
DevEval,Software-Development/peewee,12,20,1,0.0,0.0,[],20
DevEval,Software-Development/peewee,13,10,2,1.0,0.0,"['playhouse.signals.Signal._receiver_list', 'playhouse.signals.Signal._receivers']",10
DevEval,Software-Development/peewee,13,15,2,1.0,0.0,"['playhouse.signals.Signal._receiver_list', 'playhouse.signals.Signal._receivers']",15
DevEval,Software-Development/peewee,13,20,2,1.0,0.0,"['playhouse.signals.Signal._receiver_list', 'playhouse.signals.Signal._receivers']",20
DevEval,System/exodus-bundler,4,10,1,0.0,0.0,[],10
DevEval,System/exodus-bundler,4,15,1,0.0,0.0,[],15
DevEval,System/exodus-bundler,4,20,1,0.0,0.0,[],15
DevEval,System/exodus-bundler,5,10,1,1.0,0.0,['exodus_bundler.bundling.File.path'],10
DevEval,System/exodus-bundler,5,15,1,1.0,0.0,['exodus_bundler.bundling.File.path'],14
DevEval,System/exodus-bundler,5,20,1,1.0,0.0,['exodus_bundler.bundling.File.path'],14
DevEval,System/exodus-bundler,6,10,7,0.2857142857142857,0.14285714285714285,"['exodus_bundler.bundling.Bundle.file_factory', 'exodus_bundler.bundling.Bundle.files']",10
DevEval,System/exodus-bundler,6,15,7,0.2857142857142857,0.14285714285714285,"['exodus_bundler.bundling.Bundle.file_factory', 'exodus_bundler.bundling.Bundle.files']",15
DevEval,System/exodus-bundler,6,20,7,0.42857142857142855,0.14285714285714285,"['exodus_bundler.bundling.Bundle.file_factory', 'exodus_bundler.bundling.Bundle.files', 'exodus_bundler.bundling.logger']",20
DevEval,System/exodus-bundler,7,10,3,1.0,0.6666666666666666,"['exodus_bundler.bundling.Elf.direct_dependencies', 'exodus_bundler.bundling.Elf.find_direct_dependencies', 'exodus_bundler.bundling.Elf.linker_file']",10
DevEval,System/exodus-bundler,7,15,3,1.0,0.6666666666666666,"['exodus_bundler.bundling.Elf.direct_dependencies', 'exodus_bundler.bundling.Elf.find_direct_dependencies', 'exodus_bundler.bundling.Elf.linker_file']",15
DevEval,System/exodus-bundler,7,20,3,1.0,0.6666666666666666,"['exodus_bundler.bundling.Elf.direct_dependencies', 'exodus_bundler.bundling.Elf.find_direct_dependencies', 'exodus_bundler.bundling.Elf.linker_file']",20
DevEval,System/exodus-bundler,8,10,1,0.0,0.0,[],10
DevEval,System/exodus-bundler,8,15,1,0.0,0.0,[],15
DevEval,System/exodus-bundler,8,20,1,0.0,0.0,[],20
DevEval,System/exodus-bundler,9,10,3,0.0,0.0,[],10
DevEval,System/exodus-bundler,9,15,3,0.0,0.0,[],15
DevEval,System/exodus-bundler,9,20,3,0.0,0.0,[],20
DevEval,System/exodus-bundler,10,10,1,1.0,1.0,['exodus_bundler.input_parsing.strip_pid_prefix'],10
DevEval,System/exodus-bundler,10,15,1,1.0,1.0,['exodus_bundler.input_parsing.strip_pid_prefix'],14
DevEval,System/exodus-bundler,10,20,1,1.0,1.0,['exodus_bundler.input_parsing.strip_pid_prefix'],14
DevEval,System/exodus-bundler,11,10,4,0.75,0.75,"['exodus_bundler.input_parsing.extract_exec_path', 'exodus_bundler.input_parsing.extract_open_path', 'exodus_bundler.input_parsing.extract_stat_path']",10
DevEval,System/exodus-bundler,11,15,4,0.75,0.75,"['exodus_bundler.input_parsing.extract_exec_path', 'exodus_bundler.input_parsing.extract_open_path', 'exodus_bundler.input_parsing.extract_stat_path']",13
DevEval,System/exodus-bundler,11,20,4,0.75,0.75,"['exodus_bundler.input_parsing.extract_exec_path', 'exodus_bundler.input_parsing.extract_open_path', 'exodus_bundler.input_parsing.extract_stat_path']",13
DevEval,System/exodus-bundler,12,10,1,1.0,0.0,['exodus_bundler.bundling.Bundle.files'],10
DevEval,System/exodus-bundler,12,15,1,1.0,0.0,['exodus_bundler.bundling.Bundle.files'],14
DevEval,System/exodus-bundler,12,20,1,1.0,0.0,['exodus_bundler.bundling.Bundle.files'],14
DevEval,System/exodus-bundler,13,10,2,0.0,0.0,[],10
DevEval,System/exodus-bundler,13,15,2,1.0,0.5,"['exodus_bundler.bundling.Bundle.hash', 'exodus_bundler.bundling.Bundle.working_directory']",15
DevEval,System/exodus-bundler,13,20,2,1.0,0.5,"['exodus_bundler.bundling.Bundle.hash', 'exodus_bundler.bundling.Bundle.working_directory']",20
DevEval,System/exodus-bundler,14,10,3,0.6666666666666666,0.6666666666666666,"['exodus_bundler.bundling.detect_elf_binary', 'exodus_bundler.bundling.resolve_binary']",10
DevEval,System/exodus-bundler,14,15,3,0.6666666666666666,0.6666666666666666,"['exodus_bundler.bundling.detect_elf_binary', 'exodus_bundler.bundling.resolve_binary']",15
DevEval,System/exodus-bundler,14,20,3,0.6666666666666666,0.6666666666666666,"['exodus_bundler.bundling.detect_elf_binary', 'exodus_bundler.bundling.resolve_binary']",20
DevEval,System/exodus-bundler,15,10,1,0.0,0.0,[],10
DevEval,System/exodus-bundler,15,15,1,0.0,0.0,[],12
DevEval,System/exodus-bundler,15,20,1,0.0,0.0,[],12
DevEval,System/exodus-bundler,16,10,1,1.0,1.0,['exodus_bundler.templating.render_template_file'],10
DevEval,System/exodus-bundler,16,15,1,1.0,1.0,['exodus_bundler.templating.render_template_file'],15
DevEval,System/exodus-bundler,16,20,1,1.0,1.0,['exodus_bundler.templating.render_template_file'],20
DevEval,System/flower,4,10,2,0.5,0.5,['flower.command.is_flower_option'],10
DevEval,System/flower,4,15,2,0.5,0.5,['flower.command.is_flower_option'],13
DevEval,System/flower,4,20,2,0.5,0.5,['flower.command.is_flower_option'],13
DevEval,System/fs,8,10,1,1.0,1.0,['fs.path.isparent'],10
DevEval,System/fs,8,15,1,1.0,1.0,['fs.path.isparent'],15
DevEval,System/fs,8,20,1,1.0,1.0,['fs.path.isparent'],20
DevEval,System/fs,9,10,2,1.0,0.5,"['fs.wildcard._PATTERN_CACHE', 'fs.wildcard._translate']",10
DevEval,System/fs,9,15,2,1.0,0.5,"['fs.wildcard._PATTERN_CACHE', 'fs.wildcard._translate']",15
DevEval,System/fs,9,20,2,1.0,0.5,"['fs.wildcard._PATTERN_CACHE', 'fs.wildcard._translate']",20
DevEval,System/fs,10,10,1,0.0,0.0,[],10
DevEval,System/fs,10,15,1,0.0,0.0,[],15
DevEval,System/fs,10,20,1,0.0,0.0,[],20
DevEval,System/fs,11,10,1,0.0,0.0,[],10
DevEval,System/fs,11,15,1,1.0,1.0,['fs.permissions.Permissions.__init__'],15
DevEval,System/fs,11,20,1,1.0,1.0,['fs.permissions.Permissions.__init__'],20
DevEval,System/fs,12,10,2,1.0,0.5,"['fs.wildcard._PATTERN_CACHE', 'fs.wildcard._translate']",10
DevEval,System/fs,12,15,2,1.0,0.5,"['fs.wildcard._PATTERN_CACHE', 'fs.wildcard._translate']",15
DevEval,System/fs,12,20,2,1.0,0.5,"['fs.wildcard._PATTERN_CACHE', 'fs.wildcard._translate']",20
DevEval,System/fs,13,10,3,0.0,0.0,[],10
DevEval,System/fs,13,15,3,0.0,0.0,[],15
DevEval,System/fs,13,20,3,0.0,0.0,[],20
DevEval,System/fs,14,10,1,1.0,1.0,['fs._ftp_parse.parse_line'],10
DevEval,System/fs,14,15,1,1.0,1.0,['fs._ftp_parse.parse_line'],15
DevEval,System/fs,14,20,1,1.0,1.0,['fs._ftp_parse.parse_line'],20
DevEval,System/fs,15,10,2,1.0,1.0,"['fs.path.abspath', 'fs.path.normpath']",10
DevEval,System/fs,15,15,2,1.0,1.0,"['fs.path.abspath', 'fs.path.normpath']",15
DevEval,System/fs,15,20,2,1.0,1.0,"['fs.path.abspath', 'fs.path.normpath']",20
DevEval,System/fs,16,10,2,0.0,0.0,[],10
DevEval,System/fs,16,15,2,0.0,0.0,[],15
DevEval,System/fs,16,20,2,0.0,0.0,[],20
DevEval,System/fs,17,10,1,1.0,1.0,['fs.path.iteratepath'],10
DevEval,System/fs,17,15,1,1.0,1.0,['fs.path.iteratepath'],15
DevEval,System/fs,17,20,1,1.0,1.0,['fs.path.iteratepath'],20
DevEval,System/fs,18,10,2,0.5,0.5,['fs.path.normpath'],10
DevEval,System/fs,18,15,2,1.0,1.0,"['fs.path.normpath', 'fs.path.relpath']",15
DevEval,System/fs,18,20,2,1.0,1.0,"['fs.path.normpath', 'fs.path.relpath']",20
DevEval,System/fs,19,10,2,0.0,0.0,[],10
DevEval,System/fs,19,15,2,1.0,1.0,"['fs.wildcard.imatch_any', 'fs.wildcard.match_any']",15
DevEval,System/fs,19,20,2,1.0,1.0,"['fs.wildcard.imatch_any', 'fs.wildcard.match_any']",20
DevEval,System/fs,20,10,1,1.0,1.0,['fs.path.normpath'],10
DevEval,System/fs,20,15,1,1.0,1.0,['fs.path.normpath'],15
DevEval,System/fs,20,20,1,1.0,1.0,['fs.path.normpath'],20
DevEval,System/fs,21,10,3,0.6666666666666666,0.6666666666666666,"['fs.info.Info._require_namespace', 'fs.info.Info.get']",10
DevEval,System/fs,21,15,3,0.6666666666666666,0.6666666666666666,"['fs.info.Info._require_namespace', 'fs.info.Info.get']",15
DevEval,System/fs,21,20,3,0.6666666666666666,0.6666666666666666,"['fs.info.Info._require_namespace', 'fs.info.Info.get']",20
DevEval,System/fs,22,10,1,0.0,0.0,[],10
DevEval,System/fs,22,15,1,0.0,0.0,[],15
DevEval,System/fs,22,20,1,0.0,0.0,[],20
DevEval,System/fs,23,10,2,0.5,0.5,['fs._url_tools._has_drive_letter'],10
DevEval,System/fs,23,15,2,0.5,0.5,['fs._url_tools._has_drive_letter'],15
DevEval,System/fs,23,20,2,0.5,0.5,['fs._url_tools._has_drive_letter'],20
DevEval,System/fs,24,10,1,0.0,0.0,[],10
DevEval,System/fs,24,15,1,0.0,0.0,[],15
DevEval,System/fs,24,20,1,1.0,1.0,['fs.permissions.Permissions.__init__'],20
DevEval,System/fs,25,10,2,0.0,0.0,[],10
DevEval,System/fs,25,15,2,0.0,0.0,[],15
DevEval,System/fs,25,20,2,0.0,0.0,[],20
DevEval,System/fs,26,10,1,1.0,1.0,['fs.info.Info.get'],10
DevEval,System/fs,26,15,1,1.0,1.0,['fs.info.Info.get'],15
DevEval,System/fs,26,20,1,1.0,1.0,['fs.info.Info.get'],20
DevEval,System/fs,27,10,2,1.0,1.0,"['fs.path.abspath', 'fs.path.normpath']",10
DevEval,System/fs,27,15,2,1.0,1.0,"['fs.path.abspath', 'fs.path.normpath']",15
DevEval,System/fs,27,20,2,1.0,1.0,"['fs.path.abspath', 'fs.path.normpath']",20
DevEval,System/fs,28,10,2,0.0,0.0,[],10
DevEval,System/fs,28,15,2,0.0,0.0,[],15
DevEval,System/fs,28,20,2,0.0,0.0,[],20
DevEval,System/fs,29,10,2,0.0,0.0,[],10
DevEval,System/fs,29,15,2,0.0,0.0,[],15
DevEval,System/fs,29,20,2,0.0,0.0,[],20
DevEval,System/fs,30,10,1,1.0,1.0,['fs.info.Info.get'],10
DevEval,System/fs,30,15,1,1.0,1.0,['fs.info.Info.get'],15
DevEval,System/fs,30,20,1,1.0,1.0,['fs.info.Info.get'],20
DevEval,System/fs,31,10,3,1.0,1.0,"['fs.info.Info._make_datetime', 'fs.info.Info._require_namespace', 'fs.info.Info.get']",10
DevEval,System/fs,31,15,3,1.0,1.0,"['fs.info.Info._make_datetime', 'fs.info.Info._require_namespace', 'fs.info.Info.get']",15
DevEval,System/fs,31,20,3,1.0,1.0,"['fs.info.Info._make_datetime', 'fs.info.Info._require_namespace', 'fs.info.Info.get']",20
DevEval,System/mrjob,16,10,1,1.0,1.0,['mrjob.job.MRJob.stderr'],10
DevEval,System/mrjob,16,15,1,1.0,1.0,['mrjob.job.MRJob.stderr'],15
DevEval,System/mrjob,16,20,1,1.0,1.0,['mrjob.job.MRJob.stderr'],20
DevEval,System/mrjob,17,10,6,0.6666666666666666,0.5,"['mrjob.hadoop.HadoopJobRunner._hadoop_log_dirs', 'mrjob.hadoop.log', 'mrjob.logs.mixin.LogInterpretationMixin._read_logs', 'mrjob.util.unique']",10
DevEval,System/mrjob,17,15,6,1.0,0.8333333333333334,"['mrjob.hadoop.HadoopJobRunner._hadoop_log_dirs', 'mrjob.hadoop.HadoopJobRunner.fs', 'mrjob.hadoop.log', 'mrjob.logs.mixin.LogInterpretationMixin._read_logs', 'mrjob.logs.wrap._logs_exist', 'mrjob.util.unique']",15
DevEval,System/mrjob,17,20,6,1.0,0.8333333333333334,"['mrjob.hadoop.HadoopJobRunner._hadoop_log_dirs', 'mrjob.hadoop.HadoopJobRunner.fs', 'mrjob.hadoop.log', 'mrjob.logs.mixin.LogInterpretationMixin._read_logs', 'mrjob.logs.wrap._logs_exist', 'mrjob.util.unique']",20
DevEval,System/mrjob,18,10,5,0.2,0.2,['mrjob.hadoop.HadoopJobRunner.get_hadoop_streaming_jar'],10
DevEval,System/mrjob,18,15,5,0.2,0.2,['mrjob.hadoop.HadoopJobRunner.get_hadoop_streaming_jar'],15
DevEval,System/mrjob,18,20,5,0.2,0.2,['mrjob.hadoop.HadoopJobRunner.get_hadoop_streaming_jar'],20
DevEval,System/mrjob,19,10,2,1.0,0.0,"['mrjob.job.MRJob._passthru_arg_dests', 'mrjob.job.MRJob.arg_parser']",10
DevEval,System/mrjob,19,15,2,1.0,0.0,"['mrjob.job.MRJob._passthru_arg_dests', 'mrjob.job.MRJob.arg_parser']",15
DevEval,System/mrjob,19,20,2,1.0,0.0,"['mrjob.job.MRJob._passthru_arg_dests', 'mrjob.job.MRJob.arg_parser']",20
DevEval,System/mrjob,20,10,3,0.0,0.0,[],10
DevEval,System/mrjob,20,15,3,0.0,0.0,[],15
DevEval,System/mrjob,20,20,3,0.0,0.0,[],15
DevEval,System/mrjob,21,10,2,1.0,0.0,"['mrjob.fs.composite.CompositeFilesystem._disable_if', 'mrjob.fs.composite.CompositeFilesystem._fs_names']",10
DevEval,System/mrjob,21,15,2,1.0,0.0,"['mrjob.fs.composite.CompositeFilesystem._disable_if', 'mrjob.fs.composite.CompositeFilesystem._fs_names']",13
DevEval,System/mrjob,21,20,2,1.0,0.0,"['mrjob.fs.composite.CompositeFilesystem._disable_if', 'mrjob.fs.composite.CompositeFilesystem._fs_names']",13
DevEval,System/mrjob,22,10,2,1.0,1.0,"['mrjob.job.MRJob._wrap_protocols', 'mrjob.job.MRJob.combine_pairs']",10
DevEval,System/mrjob,22,15,2,1.0,1.0,"['mrjob.job.MRJob._wrap_protocols', 'mrjob.job.MRJob.combine_pairs']",15
DevEval,System/mrjob,22,20,2,1.0,1.0,"['mrjob.job.MRJob._wrap_protocols', 'mrjob.job.MRJob.combine_pairs']",20
DevEval,System/mrjob,23,10,2,1.0,1.0,"['mrjob.logs.log4j._parse_hadoop_log4j_records', 'mrjob.logs.task._parse_task_syslog_records']",10
DevEval,System/mrjob,23,15,2,1.0,1.0,"['mrjob.logs.log4j._parse_hadoop_log4j_records', 'mrjob.logs.task._parse_task_syslog_records']",15
DevEval,System/mrjob,23,20,2,1.0,1.0,"['mrjob.logs.log4j._parse_hadoop_log4j_records', 'mrjob.logs.task._parse_task_syslog_records']",20
DevEval,System/mrjob,24,10,4,0.75,0.75,"['mrjob.compat.uses_yarn', 'mrjob.fs.hadoop.HadoopFilesystem.get_hadoop_version', 'mrjob.fs.hadoop.HadoopFilesystem.invoke_hadoop']",10
DevEval,System/mrjob,24,15,4,0.75,0.75,"['mrjob.compat.uses_yarn', 'mrjob.fs.hadoop.HadoopFilesystem.get_hadoop_version', 'mrjob.fs.hadoop.HadoopFilesystem.invoke_hadoop']",15
DevEval,System/mrjob,24,20,4,0.75,0.75,"['mrjob.compat.uses_yarn', 'mrjob.fs.hadoop.HadoopFilesystem.get_hadoop_version', 'mrjob.fs.hadoop.HadoopFilesystem.invoke_hadoop']",20
DevEval,System/mrjob,25,10,4,0.25,0.25,['mrjob.job.MRJob.spark_args'],10
DevEval,System/mrjob,25,15,4,0.25,0.25,['mrjob.job.MRJob.spark_args'],15
DevEval,System/mrjob,25,20,4,0.25,0.25,['mrjob.job.MRJob.spark_args'],20
DevEval,System/mrjob,26,10,2,0.5,0.5,['mrjob.job.MRJob._wrap_protocols'],10
DevEval,System/mrjob,26,15,2,0.5,0.5,['mrjob.job.MRJob._wrap_protocols'],15
DevEval,System/mrjob,26,20,2,0.5,0.5,['mrjob.job.MRJob._wrap_protocols'],20
DevEval,System/mrjob,27,10,2,1.0,0.5,"['mrjob.conf.load_opts_from_mrjob_conf', 'mrjob.conf.log']",10
DevEval,System/mrjob,27,15,2,1.0,0.5,"['mrjob.conf.load_opts_from_mrjob_conf', 'mrjob.conf.log']",15
DevEval,System/mrjob,27,20,2,1.0,0.5,"['mrjob.conf.load_opts_from_mrjob_conf', 'mrjob.conf.log']",20
DevEval,System/mrjob,28,10,1,1.0,0.0,['mrjob.py2.string_types'],10
DevEval,System/mrjob,28,15,1,1.0,0.0,['mrjob.py2.string_types'],15
DevEval,System/mrjob,28,20,1,1.0,0.0,['mrjob.py2.string_types'],20
DevEval,System/mrjob,29,10,2,0.0,0.0,[],10
DevEval,System/mrjob,29,15,2,0.0,0.0,[],15
DevEval,System/mrjob,29,20,2,0.0,0.0,[],20
DevEval,System/mrjob,30,10,4,0.0,0.0,[],10
DevEval,System/mrjob,30,15,4,0.5,0.0,"['mrjob.setup.WorkingDirManager._name_to_typed_path', 'mrjob.setup.WorkingDirManager._typed_path_to_auto_name']",15
DevEval,System/mrjob,30,20,4,0.5,0.0,"['mrjob.setup.WorkingDirManager._name_to_typed_path', 'mrjob.setup.WorkingDirManager._typed_path_to_auto_name']",20
DevEval,System/mrjob,31,10,3,0.3333333333333333,0.3333333333333333,['mrjob.logs.ids._step_sort_key'],10
DevEval,System/mrjob,31,15,3,0.3333333333333333,0.3333333333333333,['mrjob.logs.ids._step_sort_key'],15
DevEval,System/mrjob,31,20,3,0.6666666666666666,0.6666666666666666,"['mrjob.logs.ids._attempt_num', 'mrjob.logs.ids._step_sort_key']",20
DevEval,System/mrjob,32,10,1,1.0,0.0,['mrjob.compat._JOBCONF_MAP'],10
DevEval,System/mrjob,32,15,1,1.0,0.0,['mrjob.compat._JOBCONF_MAP'],15
DevEval,System/mrjob,32,20,1,1.0,0.0,['mrjob.compat._JOBCONF_MAP'],20
DevEval,System/mrjob,33,10,1,1.0,1.0,['mrjob.fs.hadoop.HadoopFilesystem.invoke_hadoop'],10
DevEval,System/mrjob,33,15,1,1.0,1.0,['mrjob.fs.hadoop.HadoopFilesystem.invoke_hadoop'],15
DevEval,System/mrjob,33,20,1,1.0,1.0,['mrjob.fs.hadoop.HadoopFilesystem.invoke_hadoop'],15
DevEval,System/mrjob,34,10,7,0.5714285714285714,0.42857142857142855,"['mrjob.step.MRStep._steps', 'mrjob.step.MRStep.render_combiner', 'mrjob.step.MRStep.render_mapper', 'mrjob.step.MRStep.render_reducer']",10
DevEval,System/mrjob,34,15,7,0.5714285714285714,0.42857142857142855,"['mrjob.step.MRStep._steps', 'mrjob.step.MRStep.render_combiner', 'mrjob.step.MRStep.render_mapper', 'mrjob.step.MRStep.render_reducer']",15
DevEval,System/mrjob,34,20,7,0.5714285714285714,0.42857142857142855,"['mrjob.step.MRStep._steps', 'mrjob.step.MRStep.render_combiner', 'mrjob.step.MRStep.render_mapper', 'mrjob.step.MRStep.render_reducer']",19
DevEval,System/mrjob,35,10,4,0.75,0.5,"['mrjob.fs.ssh.SSHFilesystem._ssh_finish_run', 'mrjob.fs.ssh.SSHFilesystem._ssh_launch', 'mrjob.fs.ssh._SSH_URI_RE']",10
DevEval,System/mrjob,35,15,4,1.0,0.75,"['mrjob.cat.decompress', 'mrjob.fs.ssh.SSHFilesystem._ssh_finish_run', 'mrjob.fs.ssh.SSHFilesystem._ssh_launch', 'mrjob.fs.ssh._SSH_URI_RE']",15
DevEval,System/mrjob,35,20,4,1.0,0.75,"['mrjob.cat.decompress', 'mrjob.fs.ssh.SSHFilesystem._ssh_finish_run', 'mrjob.fs.ssh.SSHFilesystem._ssh_launch', 'mrjob.fs.ssh._SSH_URI_RE']",20
DevEval,System/mrjob,36,10,1,1.0,1.0,['mrjob.fs.local._from_file_uri'],10
DevEval,System/mrjob,36,15,1,1.0,1.0,['mrjob.fs.local._from_file_uri'],15
DevEval,System/mrjob,36,20,1,1.0,1.0,['mrjob.fs.local._from_file_uri'],20
DevEval,System/mrjob,37,10,3,0.3333333333333333,0.3333333333333333,['mrjob.job.MRJob.stderr'],10
DevEval,System/mrjob,37,15,3,0.3333333333333333,0.3333333333333333,['mrjob.job.MRJob.stderr'],15
DevEval,System/mrjob,37,20,3,0.3333333333333333,0.3333333333333333,['mrjob.job.MRJob.stderr'],20
DevEval,System/mrjob,38,10,1,0.0,0.0,[],10
DevEval,System/mrjob,38,15,1,0.0,0.0,[],15
DevEval,System/mrjob,38,20,1,0.0,0.0,[],20
DevEval,System/mrjob,39,10,1,0.0,0.0,[],10
DevEval,System/mrjob,39,15,1,0.0,0.0,[],15
DevEval,System/mrjob,39,20,1,0.0,0.0,[],15
DevEval,System/mrjob,40,10,1,1.0,1.0,['mrjob.logs.ids._time_sort_key'],10
DevEval,System/mrjob,40,15,1,1.0,1.0,['mrjob.logs.ids._time_sort_key'],15
DevEval,System/mrjob,40,20,1,1.0,1.0,['mrjob.logs.ids._time_sort_key'],20
DevEval,System/mrjob,41,10,1,0.0,0.0,[],10
DevEval,System/mrjob,41,15,1,0.0,0.0,[],15
DevEval,System/mrjob,41,20,1,0.0,0.0,[],20
DevEval,System/mrjob,42,10,2,1.0,1.0,"['mrjob.conf.combine_lists', 'mrjob.util.expand_path']",10
DevEval,System/mrjob,42,15,2,1.0,1.0,"['mrjob.conf.combine_lists', 'mrjob.util.expand_path']",15
DevEval,System/mrjob,42,20,2,1.0,1.0,"['mrjob.conf.combine_lists', 'mrjob.util.expand_path']",20
DevEval,System/mrjob,43,10,4,0.75,0.5,"['mrjob.fs.ssh.SSHFilesystem._ssh_finish_run', 'mrjob.fs.ssh.SSHFilesystem._ssh_launch', 'mrjob.fs.ssh._SSH_URI_RE']",10
DevEval,System/mrjob,43,15,4,0.75,0.5,"['mrjob.fs.ssh.SSHFilesystem._ssh_finish_run', 'mrjob.fs.ssh.SSHFilesystem._ssh_launch', 'mrjob.fs.ssh._SSH_URI_RE']",15
DevEval,System/mrjob,43,20,4,0.75,0.5,"['mrjob.fs.ssh.SSHFilesystem._ssh_finish_run', 'mrjob.fs.ssh.SSHFilesystem._ssh_launch', 'mrjob.fs.ssh._SSH_URI_RE']",20
DevEval,System/mrjob,44,10,1,1.0,1.0,['mrjob.conf._dump_yaml_with_clear_tags'],10
DevEval,System/mrjob,44,15,1,1.0,1.0,['mrjob.conf._dump_yaml_with_clear_tags'],15
DevEval,System/mrjob,44,20,1,1.0,1.0,['mrjob.conf._dump_yaml_with_clear_tags'],20
DevEval,System/mrjob,45,10,3,1.0,0.6666666666666666,"['mrjob.compat.log', 'mrjob.compat.translate_jobconf', 'mrjob.compat.translate_jobconf_for_all_versions']",10
DevEval,System/mrjob,45,15,3,1.0,0.6666666666666666,"['mrjob.compat.log', 'mrjob.compat.translate_jobconf', 'mrjob.compat.translate_jobconf_for_all_versions']",15
DevEval,System/mrjob,45,20,3,1.0,0.6666666666666666,"['mrjob.compat.log', 'mrjob.compat.translate_jobconf', 'mrjob.compat.translate_jobconf_for_all_versions']",20
DevEval,System/mrjob,46,10,3,1.0,1.0,"['mrjob.bin.MRJobBinRunner._hadoop_streaming_jar_args', 'mrjob.hadoop.HadoopJobRunner.get_hadoop_bin', 'mrjob.hadoop.HadoopJobRunner.get_hadoop_streaming_jar']",10
DevEval,System/mrjob,46,15,3,1.0,1.0,"['mrjob.bin.MRJobBinRunner._hadoop_streaming_jar_args', 'mrjob.hadoop.HadoopJobRunner.get_hadoop_bin', 'mrjob.hadoop.HadoopJobRunner.get_hadoop_streaming_jar']",15
DevEval,System/mrjob,46,20,3,1.0,1.0,"['mrjob.bin.MRJobBinRunner._hadoop_streaming_jar_args', 'mrjob.hadoop.HadoopJobRunner.get_hadoop_bin', 'mrjob.hadoop.HadoopJobRunner.get_hadoop_streaming_jar']",20
DevEval,System/mrjob,47,10,3,0.0,0.0,[],10
DevEval,System/mrjob,47,15,3,0.0,0.0,[],15
DevEval,System/mrjob,47,20,3,0.0,0.0,[],20
DevEval,System/mrjob,48,10,6,0.5,0.3333333333333333,"['mrjob.job.MRJob.options', 'mrjob.job.MRJob.run_mapper', 'mrjob.job.MRJob.run_spark']",10
DevEval,System/mrjob,48,15,6,0.8333333333333334,0.6666666666666666,"['mrjob.job.MRJob.options', 'mrjob.job.MRJob.run_combiner', 'mrjob.job.MRJob.run_mapper', 'mrjob.job.MRJob.run_reducer', 'mrjob.job.MRJob.run_spark']",15
DevEval,System/mrjob,48,20,6,0.8333333333333334,0.6666666666666666,"['mrjob.job.MRJob.options', 'mrjob.job.MRJob.run_combiner', 'mrjob.job.MRJob.run_mapper', 'mrjob.job.MRJob.run_reducer', 'mrjob.job.MRJob.run_spark']",20
DevEval,System/mrjob,49,10,8,0.375,0.125,"['mrjob.job.MRJob._should_cat_output', 'mrjob.job.MRJob.options', 'mrjob.job.log']",10
DevEval,System/mrjob,49,15,8,0.375,0.125,"['mrjob.job.MRJob._should_cat_output', 'mrjob.job.MRJob.options', 'mrjob.job.log']",15
DevEval,System/mrjob,49,20,8,0.375,0.125,"['mrjob.job.MRJob._should_cat_output', 'mrjob.job.MRJob.options', 'mrjob.job.log']",17
DevEval,System/mrjob,50,10,4,0.5,0.0,"['mrjob.parse.urlparse.netloc', 'mrjob.parse.urlparse.path']",10
DevEval,System/mrjob,50,15,4,0.5,0.0,"['mrjob.parse.urlparse.netloc', 'mrjob.parse.urlparse.path']",15
DevEval,System/mrjob,50,20,4,0.5,0.0,"['mrjob.parse.urlparse.netloc', 'mrjob.parse.urlparse.path']",20
DevEval,System/mrjob,51,10,1,0.0,0.0,[],10
DevEval,System/mrjob,51,15,1,0.0,0.0,[],15
DevEval,System/mrjob,51,20,1,0.0,0.0,[],17
DevEval,System/mrjob,52,10,2,1.0,1.0,"['mrjob.logs.log4j._parse_hadoop_log4j_records', 'mrjob.logs.step._parse_step_syslog_from_log4j_records']",10
DevEval,System/mrjob,52,15,2,1.0,1.0,"['mrjob.logs.log4j._parse_hadoop_log4j_records', 'mrjob.logs.step._parse_step_syslog_from_log4j_records']",15
DevEval,System/mrjob,52,20,2,1.0,1.0,"['mrjob.logs.log4j._parse_hadoop_log4j_records', 'mrjob.logs.step._parse_step_syslog_from_log4j_records']",20
DevEval,System/mrjob,53,10,1,0.0,0.0,[],10
DevEval,System/mrjob,53,15,1,0.0,0.0,[],15
DevEval,System/mrjob,53,20,1,0.0,0.0,[],20
DevEval,System/mrjob,54,10,2,1.0,1.0,"['mrjob.fs.base.Filesystem._cat_file', 'mrjob.fs.base.Filesystem.ls']",10
DevEval,System/mrjob,54,15,2,1.0,1.0,"['mrjob.fs.base.Filesystem._cat_file', 'mrjob.fs.base.Filesystem.ls']",15
DevEval,System/mrjob,54,20,2,1.0,1.0,"['mrjob.fs.base.Filesystem._cat_file', 'mrjob.fs.base.Filesystem.ls']",20
DevEval,System/mrjob,55,10,5,1.0,0.0,"['mrjob.step.StepFailedException.last_step_num', 'mrjob.step.StepFailedException.num_steps', 'mrjob.step.StepFailedException.reason', 'mrjob.step.StepFailedException.step_desc', 'mrjob.step.StepFailedException.step_num']",10
DevEval,System/mrjob,55,15,5,1.0,0.0,"['mrjob.step.StepFailedException.last_step_num', 'mrjob.step.StepFailedException.num_steps', 'mrjob.step.StepFailedException.reason', 'mrjob.step.StepFailedException.step_desc', 'mrjob.step.StepFailedException.step_num']",10
DevEval,System/mrjob,55,20,5,1.0,0.0,"['mrjob.step.StepFailedException.last_step_num', 'mrjob.step.StepFailedException.num_steps', 'mrjob.step.StepFailedException.reason', 'mrjob.step.StepFailedException.step_desc', 'mrjob.step.StepFailedException.step_num']",10
DevEval,System/mrjob,56,10,3,1.0,1.0,"['mrjob.logs.counters._sum_counters', 'mrjob.logs.history._parse_pre_yarn_counters', 'mrjob.logs.history._parse_pre_yarn_history_records']",10
DevEval,System/mrjob,56,15,3,1.0,1.0,"['mrjob.logs.counters._sum_counters', 'mrjob.logs.history._parse_pre_yarn_counters', 'mrjob.logs.history._parse_pre_yarn_history_records']",15
DevEval,System/mrjob,56,20,3,1.0,1.0,"['mrjob.logs.counters._sum_counters', 'mrjob.logs.history._parse_pre_yarn_counters', 'mrjob.logs.history._parse_pre_yarn_history_records']",20
DevEval,System/mrjob,57,10,1,1.0,1.0,['mrjob.fs.local._from_file_uri'],10
DevEval,System/mrjob,57,15,1,1.0,1.0,['mrjob.fs.local._from_file_uri'],15
DevEval,System/mrjob,57,20,1,1.0,1.0,['mrjob.fs.local._from_file_uri'],20
DevEval,System/mrjob,58,10,3,0.3333333333333333,0.3333333333333333,['mrjob.protocol._KeyCachingProtocol._loads'],10
DevEval,System/mrjob,58,15,3,0.3333333333333333,0.3333333333333333,['mrjob.protocol._KeyCachingProtocol._loads'],15
DevEval,System/mrjob,58,20,3,0.3333333333333333,0.3333333333333333,['mrjob.protocol._KeyCachingProtocol._loads'],19
DevEval,System/mrjob,59,10,2,1.0,0.5,"['mrjob.bin.MRJobBinRunner._python_bin', 'mrjob.runner.MRJobRunner._opts']",10
DevEval,System/mrjob,59,15,2,1.0,0.5,"['mrjob.bin.MRJobBinRunner._python_bin', 'mrjob.runner.MRJobRunner._opts']",15
DevEval,System/mrjob,59,20,2,1.0,0.5,"['mrjob.bin.MRJobBinRunner._python_bin', 'mrjob.runner.MRJobRunner._opts']",20
DevEval,System/mrjob,60,10,1,1.0,0.0,['mrjob.job.MRJob.options'],10
DevEval,System/mrjob,60,15,1,1.0,0.0,['mrjob.job.MRJob.options'],15
DevEval,System/mrjob,60,20,1,1.0,0.0,['mrjob.job.MRJob.options'],20
DevEval,System/mrjob,61,10,5,0.0,0.0,[],10
DevEval,System/mrjob,61,15,5,0.0,0.0,[],15
DevEval,System/mrjob,61,20,5,0.0,0.0,[],20
DevEval,System/mrjob,62,10,3,0.3333333333333333,0.3333333333333333,['mrjob.conf._resolve_clear_tags_in_list'],10
DevEval,System/mrjob,62,15,3,0.3333333333333333,0.3333333333333333,['mrjob.conf._resolve_clear_tags_in_list'],15
DevEval,System/mrjob,62,20,3,0.3333333333333333,0.3333333333333333,['mrjob.conf._resolve_clear_tags_in_list'],20
DevEval,System/mrjob,63,10,2,1.0,1.0,"['mrjob.fs.local.LocalFilesystem._md5sum_file', 'mrjob.fs.local._from_file_uri']",10
DevEval,System/mrjob,63,15,2,1.0,1.0,"['mrjob.fs.local.LocalFilesystem._md5sum_file', 'mrjob.fs.local._from_file_uri']",15
DevEval,System/mrjob,63,20,2,1.0,1.0,"['mrjob.fs.local.LocalFilesystem._md5sum_file', 'mrjob.fs.local._from_file_uri']",20
DevEval,System/mrjob,64,10,1,1.0,1.0,['mrjob.fs.local._from_file_uri'],10
DevEval,System/mrjob,64,15,1,1.0,1.0,['mrjob.fs.local._from_file_uri'],15
DevEval,System/mrjob,64,20,1,1.0,1.0,['mrjob.fs.local._from_file_uri'],20
DevEval,System/mrjob,65,10,7,0.2857142857142857,0.2857142857142857,"['mrjob.job.MRJob._kwargs_from_switches', 'mrjob.job.MRJob._runner_class']",10
DevEval,System/mrjob,65,15,7,0.42857142857142855,0.2857142857142857,"['mrjob.job.MRJob._kwargs_from_switches', 'mrjob.job.MRJob._runner_class', 'mrjob.options._RUNNER_OPTS']",15
DevEval,System/mrjob,65,20,7,0.42857142857142855,0.2857142857142857,"['mrjob.job.MRJob._kwargs_from_switches', 'mrjob.job.MRJob._runner_class', 'mrjob.options._RUNNER_OPTS']",20
DevEval,System/mrjob,66,10,2,1.0,1.0,"['mrjob.util.log_to_null', 'mrjob.util.log_to_stream']",10
DevEval,System/mrjob,66,15,2,1.0,1.0,"['mrjob.util.log_to_null', 'mrjob.util.log_to_stream']",12
DevEval,System/mrjob,66,20,2,1.0,1.0,"['mrjob.util.log_to_null', 'mrjob.util.log_to_stream']",12
DevEval,System/mrjob,67,10,3,0.3333333333333333,0.3333333333333333,['mrjob.local._to_num_bytes'],10
DevEval,System/mrjob,67,15,3,0.3333333333333333,0.3333333333333333,['mrjob.local._to_num_bytes'],15
DevEval,System/mrjob,67,20,3,0.3333333333333333,0.3333333333333333,['mrjob.local._to_num_bytes'],16
DevEval,System/mrjob,68,10,1,1.0,1.0,['mrjob.parse.parse_s3_uri'],10
DevEval,System/mrjob,68,15,1,1.0,1.0,['mrjob.parse.parse_s3_uri'],15
DevEval,System/mrjob,68,20,1,1.0,1.0,['mrjob.parse.parse_s3_uri'],20
DevEval,System/mrjob,69,10,2,0.0,0.0,[],10
DevEval,System/mrjob,69,15,2,0.0,0.0,[],11
DevEval,System/mrjob,69,20,2,0.0,0.0,[],11
DevEval,System/mrjob,70,10,3,0.6666666666666666,0.6666666666666666,"['mrjob.conf.combine_values', 'mrjob.util.shlex_split']",10
DevEval,System/mrjob,70,15,3,0.6666666666666666,0.6666666666666666,"['mrjob.conf.combine_values', 'mrjob.util.shlex_split']",15
DevEval,System/mrjob,70,20,3,0.6666666666666666,0.6666666666666666,"['mrjob.conf.combine_values', 'mrjob.util.shlex_split']",20
DevEval,System/mrjob,71,10,3,0.3333333333333333,0.3333333333333333,['mrjob.util.to_lines'],10
DevEval,System/mrjob,71,15,3,0.3333333333333333,0.3333333333333333,['mrjob.util.to_lines'],15
DevEval,System/mrjob,71,20,3,0.3333333333333333,0.3333333333333333,['mrjob.util.to_lines'],19
DevEval,System/mrjob,72,10,2,1.0,1.0,"['mrjob.fs.local.LocalFilesystem.ls', 'mrjob.fs.local._from_file_uri']",10
DevEval,System/mrjob,72,15,2,1.0,1.0,"['mrjob.fs.local.LocalFilesystem.ls', 'mrjob.fs.local._from_file_uri']",15
DevEval,System/mrjob,72,20,2,1.0,1.0,"['mrjob.fs.local.LocalFilesystem.ls', 'mrjob.fs.local._from_file_uri']",20
DevEval,System/mrjob,73,10,3,0.3333333333333333,0.3333333333333333,['mrjob.parse.is_uri'],10
DevEval,System/mrjob,73,15,3,0.3333333333333333,0.3333333333333333,['mrjob.parse.is_uri'],15
DevEval,System/mrjob,73,20,3,0.3333333333333333,0.3333333333333333,['mrjob.parse.is_uri'],20
DevEval,System/mrjob,74,10,1,1.0,1.0,['mrjob.fs.hadoop.HadoopFilesystem.invoke_hadoop'],10
DevEval,System/mrjob,74,15,1,1.0,1.0,['mrjob.fs.hadoop.HadoopFilesystem.invoke_hadoop'],15
DevEval,System/mrjob,74,20,1,1.0,1.0,['mrjob.fs.hadoop.HadoopFilesystem.invoke_hadoop'],15
DevEval,System/mrjob,75,10,2,1.0,1.0,"['mrjob.conf._expanded_mrjob_conf_path', 'mrjob.conf._load_opts_from_mrjob_conf']",10
DevEval,System/mrjob,75,15,2,1.0,1.0,"['mrjob.conf._expanded_mrjob_conf_path', 'mrjob.conf._load_opts_from_mrjob_conf']",15
DevEval,System/mrjob,75,20,2,1.0,1.0,"['mrjob.conf._expanded_mrjob_conf_path', 'mrjob.conf._load_opts_from_mrjob_conf']",20
DevEval,System/mrjob,76,10,2,0.5,0.5,['mrjob.cat.decompress'],10
DevEval,System/mrjob,76,15,2,0.5,0.5,['mrjob.cat.decompress'],15
DevEval,System/mrjob,76,20,2,0.5,0.5,['mrjob.cat.decompress'],20
DevEval,System/mrjob,77,10,1,0.0,0.0,[],10
DevEval,System/mrjob,77,15,1,0.0,0.0,[],15
DevEval,System/mrjob,77,20,1,0.0,0.0,[],15
DevEval,System/mrjob,78,10,1,1.0,0.0,['mrjob.compat._JOBCONF_MAP'],10
DevEval,System/mrjob,78,15,1,1.0,0.0,['mrjob.compat._JOBCONF_MAP'],15
DevEval,System/mrjob,78,20,1,1.0,0.0,['mrjob.compat._JOBCONF_MAP'],20
DevEval,System/mrjob,79,10,1,1.0,1.0,['mrjob.util._to_lines'],10
DevEval,System/mrjob,79,15,1,1.0,1.0,['mrjob.util._to_lines'],15
DevEval,System/mrjob,79,20,1,1.0,1.0,['mrjob.util._to_lines'],18
DevEval,System/mrjob,80,10,1,1.0,1.0,['mrjob.logs.spark._parse_spark_log_from_log4j_records'],10
DevEval,System/mrjob,80,15,1,1.0,1.0,['mrjob.logs.spark._parse_spark_log_from_log4j_records'],15
DevEval,System/mrjob,80,20,1,1.0,1.0,['mrjob.logs.spark._parse_spark_log_from_log4j_records'],20
DevEval,System/mrjob,81,10,2,0.0,0.0,[],10
DevEval,System/mrjob,81,15,2,0.0,0.0,[],15
DevEval,System/mrjob,81,20,2,0.0,0.0,[],20
DevEval,System/mrjob,82,10,3,0.0,0.0,[],10
DevEval,System/mrjob,82,15,3,0.0,0.0,[],15
DevEval,System/mrjob,82,20,3,0.0,0.0,[],20
DevEval,System/mrjob,83,10,2,1.0,1.0,"['mrjob.parse.is_uri', 'mrjob.parse.urlparse']",10
DevEval,System/mrjob,83,15,2,1.0,1.0,"['mrjob.parse.is_uri', 'mrjob.parse.urlparse']",15
DevEval,System/mrjob,83,20,2,1.0,1.0,"['mrjob.parse.is_uri', 'mrjob.parse.urlparse']",20
DevEval,System/mrjob,84,10,2,0.0,0.0,[],10
DevEval,System/mrjob,84,15,2,0.0,0.0,[],15
DevEval,System/mrjob,84,20,2,0.0,0.0,[],20
DevEval,System/mrjob,85,10,2,0.0,0.0,[],10
DevEval,System/mrjob,85,15,2,0.0,0.0,[],14
DevEval,System/mrjob,85,20,2,0.0,0.0,[],14
DevEval,System/mrjob,86,10,6,0.3333333333333333,0.16666666666666666,"['mrjob.hadoop.HadoopJobRunner._hadoop_streaming_jar_dirs', 'mrjob.hadoop.log']",10
DevEval,System/mrjob,86,15,6,0.3333333333333333,0.16666666666666666,"['mrjob.hadoop.HadoopJobRunner._hadoop_streaming_jar_dirs', 'mrjob.hadoop.log']",15
DevEval,System/mrjob,86,20,6,0.3333333333333333,0.16666666666666666,"['mrjob.hadoop.HadoopJobRunner._hadoop_streaming_jar_dirs', 'mrjob.hadoop.log']",20
DevEval,System/mrjob,87,10,7,0.42857142857142855,0.42857142857142855,"['mrjob.compat.uses_yarn', 'mrjob.fs.hadoop.HadoopFilesystem.get_hadoop_version', 'mrjob.fs.hadoop.HadoopFilesystem.invoke_hadoop']",10
DevEval,System/mrjob,87,15,7,0.7142857142857143,0.7142857142857143,"['mrjob.compat.uses_yarn', 'mrjob.fs.base.Filesystem.rm', 'mrjob.fs.hadoop.HadoopFilesystem.get_hadoop_version', 'mrjob.fs.hadoop.HadoopFilesystem.invoke_hadoop', 'mrjob.parse.is_uri']",15
DevEval,System/mrjob,87,20,7,0.7142857142857143,0.7142857142857143,"['mrjob.compat.uses_yarn', 'mrjob.fs.base.Filesystem.rm', 'mrjob.fs.hadoop.HadoopFilesystem.get_hadoop_version', 'mrjob.fs.hadoop.HadoopFilesystem.invoke_hadoop', 'mrjob.parse.is_uri']",20
DevEval,System/mrjob,88,10,4,0.25,0.25,['mrjob.conf._strip_clear_tag'],10
DevEval,System/mrjob,88,15,4,0.25,0.25,['mrjob.conf._strip_clear_tag'],15
DevEval,System/mrjob,88,20,4,0.5,0.5,"['mrjob.conf.ClearedValue', 'mrjob.conf._strip_clear_tag']",20
DevEval,System/mrjob,89,10,2,1.0,0.5,"['mrjob.bin.MRJobBinRunner._find_spark_submit_bin', 'mrjob.bin.MRJobBinRunner._spark_submit_bin']",10
DevEval,System/mrjob,89,15,2,1.0,0.5,"['mrjob.bin.MRJobBinRunner._find_spark_submit_bin', 'mrjob.bin.MRJobBinRunner._spark_submit_bin']",15
DevEval,System/mrjob,89,20,2,1.0,0.5,"['mrjob.bin.MRJobBinRunner._find_spark_submit_bin', 'mrjob.bin.MRJobBinRunner._spark_submit_bin']",20
DevEval,System/mrjob,90,10,2,0.5,0.5,['mrjob.conf._to_java_str'],10
DevEval,System/mrjob,90,15,2,0.5,0.5,['mrjob.conf._to_java_str'],14
DevEval,System/mrjob,90,20,2,0.5,0.5,['mrjob.conf._to_java_str'],14
DevEval,System/mrjob,91,10,1,0.0,0.0,[],10
DevEval,System/mrjob,91,15,1,0.0,0.0,[],15
DevEval,System/mrjob,91,20,1,0.0,0.0,[],20
DevEval,System/mrjob,92,10,2,0.5,0.5,['mrjob.fs.local._from_file_uri'],10
DevEval,System/mrjob,92,15,2,0.5,0.5,['mrjob.fs.local._from_file_uri'],15
DevEval,System/mrjob,92,20,2,1.0,0.5,"['mrjob.fs.local._from_file_uri', 'mrjob.fs.local.log']",20
DevEval,System/mrjob,93,10,8,0.5,0.375,"['mrjob.logs.mixin.LogInterpretationMixin._interpret_history_log', 'mrjob.logs.mixin.LogInterpretationMixin._interpret_step_logs', 'mrjob.logs.mixin.LogInterpretationMixin._read_logs', 'mrjob.logs.mixin.log']",10
DevEval,System/mrjob,93,15,8,0.75,0.625,"['mrjob.logs.mixin.LogInterpretationMixin._interpret_history_log', 'mrjob.logs.mixin.LogInterpretationMixin._interpret_step_logs', 'mrjob.logs.mixin.LogInterpretationMixin._interpret_task_logs', 'mrjob.logs.mixin.LogInterpretationMixin._logs_needed_to_pick_error', 'mrjob.logs.mixin.LogInterpretationMixin._read_logs', 'mrjob.logs.mixin.log']",15
DevEval,System/mrjob,93,20,8,0.75,0.625,"['mrjob.logs.mixin.LogInterpretationMixin._interpret_history_log', 'mrjob.logs.mixin.LogInterpretationMixin._interpret_step_logs', 'mrjob.logs.mixin.LogInterpretationMixin._interpret_task_logs', 'mrjob.logs.mixin.LogInterpretationMixin._logs_needed_to_pick_error', 'mrjob.logs.mixin.LogInterpretationMixin._read_logs', 'mrjob.logs.mixin.log']",20
DevEval,System/mrjob,94,10,2,0.5,0.5,['mrjob.fs.hadoop.HadoopFilesystem._find_hadoop_bin'],10
DevEval,System/mrjob,94,15,2,0.5,0.5,['mrjob.fs.hadoop.HadoopFilesystem._find_hadoop_bin'],15
DevEval,System/mrjob,94,20,2,0.5,0.5,['mrjob.fs.hadoop.HadoopFilesystem._find_hadoop_bin'],20
DevEval,System/mrjob,95,10,1,1.0,1.0,['mrjob.fs.local._from_file_uri'],10
DevEval,System/mrjob,95,15,1,1.0,1.0,['mrjob.fs.local._from_file_uri'],15
DevEval,System/mrjob,95,20,1,1.0,1.0,['mrjob.fs.local._from_file_uri'],20
DevEval,System/mrjob,96,10,2,0.5,0.0,['mrjob.compat._JOBCONF_MAP'],10
DevEval,System/mrjob,96,15,2,0.5,0.0,['mrjob.compat._JOBCONF_MAP'],15
DevEval,System/mrjob,96,20,2,0.5,0.0,['mrjob.compat._JOBCONF_MAP'],20
DevEval,System/mrjob,97,10,1,1.0,1.0,['mrjob.parse.is_uri'],10
DevEval,System/mrjob,97,15,1,1.0,1.0,['mrjob.parse.is_uri'],15
DevEval,System/mrjob,97,20,1,1.0,1.0,['mrjob.parse.is_uri'],20
DevEval,System/mrjob,98,10,1,1.0,0.0,['mrjob.py2.string_types'],10
DevEval,System/mrjob,98,15,1,1.0,0.0,['mrjob.py2.string_types'],15
DevEval,System/mrjob,98,20,1,1.0,0.0,['mrjob.py2.string_types'],20
DevEval,System/mrjob,99,10,3,0.0,0.0,[],10
DevEval,System/mrjob,99,15,3,0.0,0.0,[],12
DevEval,System/mrjob,99,20,3,0.0,0.0,[],12
DevEval,System/mrjob,100,10,1,1.0,0.0,['mrjob.runner.MRJobRunner._opts'],10
DevEval,System/mrjob,100,15,1,1.0,0.0,['mrjob.runner.MRJobRunner._opts'],15
DevEval,System/mrjob,100,20,1,1.0,0.0,['mrjob.runner.MRJobRunner._opts'],20
DevEval,System/mrjob,101,10,7,0.7142857142857143,0.5714285714285714,"['mrjob.hadoop.HadoopJobRunner._hadoop_log_dirs', 'mrjob.hadoop.HadoopJobRunner.fs', 'mrjob.hadoop.log', 'mrjob.logs.mixin.LogInterpretationMixin._read_logs', 'mrjob.util.unique']",10
DevEval,System/mrjob,101,15,7,0.8571428571428571,0.7142857142857143,"['mrjob.hadoop.HadoopJobRunner._hadoop_log_dirs', 'mrjob.hadoop.HadoopJobRunner.fs', 'mrjob.hadoop.log', 'mrjob.logs.mixin.LogInterpretationMixin._read_logs', 'mrjob.logs.wrap._logs_exist', 'mrjob.util.unique']",15
DevEval,System/mrjob,101,20,7,0.8571428571428571,0.7142857142857143,"['mrjob.hadoop.HadoopJobRunner._hadoop_log_dirs', 'mrjob.hadoop.HadoopJobRunner.fs', 'mrjob.hadoop.log', 'mrjob.logs.mixin.LogInterpretationMixin._read_logs', 'mrjob.logs.wrap._logs_exist', 'mrjob.util.unique']",20
DevEval,System/mrjob,102,10,5,0.4,0.4,"['mrjob.parse.is_uri', 'mrjob.setup.name_uniquely']",10
DevEval,System/mrjob,102,15,5,0.4,0.4,"['mrjob.parse.is_uri', 'mrjob.setup.name_uniquely']",15
DevEval,System/mrjob,102,20,5,0.4,0.4,"['mrjob.parse.is_uri', 'mrjob.setup.name_uniquely']",20
DevEval,System/mrjob,103,10,1,0.0,0.0,[],10
DevEval,System/mrjob,103,15,1,0.0,0.0,[],15
DevEval,System/mrjob,103,20,1,0.0,0.0,[],20
DevEval,System/mrjob,104,10,1,0.0,0.0,[],10
DevEval,System/mrjob,104,15,1,0.0,0.0,[],15
DevEval,System/mrjob,104,20,1,0.0,0.0,[],20
DevEval,System/mrjob,105,10,1,1.0,1.0,['mrjob.parse.is_uri'],10
DevEval,System/mrjob,105,15,1,1.0,1.0,['mrjob.parse.is_uri'],15
DevEval,System/mrjob,105,20,1,1.0,1.0,['mrjob.parse.is_uri'],20
DevEval,System/prometheus-client,1,10,4,1.0,0.25,"['prometheus_client.mmap_dict.MmapedDict._init_value', 'prometheus_client.mmap_dict.MmapedDict._m', 'prometheus_client.mmap_dict.MmapedDict._positions', 'prometheus_client.mmap_dict._unpack_two_doubles']",10
DevEval,System/prometheus-client,1,15,4,1.0,0.25,"['prometheus_client.mmap_dict.MmapedDict._init_value', 'prometheus_client.mmap_dict.MmapedDict._m', 'prometheus_client.mmap_dict.MmapedDict._positions', 'prometheus_client.mmap_dict._unpack_two_doubles']",15
DevEval,System/prometheus-client,1,20,4,1.0,0.25,"['prometheus_client.mmap_dict.MmapedDict._init_value', 'prometheus_client.mmap_dict.MmapedDict._m', 'prometheus_client.mmap_dict.MmapedDict._positions', 'prometheus_client.mmap_dict._unpack_two_doubles']",20
DevEval,System/prometheus-client,2,10,2,1.0,1.0,"['prometheus_client.multiprocess.MultiProcessCollector._accumulate_metrics', 'prometheus_client.multiprocess.MultiProcessCollector._read_metrics']",10
DevEval,System/prometheus-client,2,15,2,1.0,1.0,"['prometheus_client.multiprocess.MultiProcessCollector._accumulate_metrics', 'prometheus_client.multiprocess.MultiProcessCollector._read_metrics']",15
DevEval,System/prometheus-client,2,20,2,1.0,1.0,"['prometheus_client.multiprocess.MultiProcessCollector._accumulate_metrics', 'prometheus_client.multiprocess.MultiProcessCollector._read_metrics']",20
DevEval,System/prometheus-client,3,10,4,1.0,0.5,"['prometheus_client.mmap_dict.MmapedDict._init_value', 'prometheus_client.mmap_dict.MmapedDict._m', 'prometheus_client.mmap_dict.MmapedDict._positions', 'prometheus_client.mmap_dict._pack_two_doubles']",10
DevEval,System/prometheus-client,3,15,4,1.0,0.5,"['prometheus_client.mmap_dict.MmapedDict._init_value', 'prometheus_client.mmap_dict.MmapedDict._m', 'prometheus_client.mmap_dict.MmapedDict._positions', 'prometheus_client.mmap_dict._pack_two_doubles']",15
DevEval,System/prometheus-client,3,20,4,1.0,0.5,"['prometheus_client.mmap_dict.MmapedDict._init_value', 'prometheus_client.mmap_dict.MmapedDict._m', 'prometheus_client.mmap_dict.MmapedDict._positions', 'prometheus_client.mmap_dict._pack_two_doubles']",20
DevEval,System/prometheus-client,4,10,2,0.5,0.5,['prometheus_client.multiprocess.MultiProcessCollector.merge'],10
DevEval,System/prometheus-client,4,15,2,0.5,0.5,['prometheus_client.multiprocess.MultiProcessCollector.merge'],15
DevEval,System/prometheus-client,4,20,2,0.5,0.5,['prometheus_client.multiprocess.MultiProcessCollector.merge'],20
DevEval,System/prometheus-client,5,10,6,0.0,0.0,[],10
DevEval,System/prometheus-client,5,15,6,0.3333333333333333,0.16666666666666666,"['prometheus_client.openmetrics.exposition', 'prometheus_client.openmetrics.exposition.generate_latest']",15
DevEval,System/prometheus-client,5,20,6,0.5,0.3333333333333333,"['prometheus_client.openmetrics.exposition', 'prometheus_client.openmetrics.exposition.generate_latest', 'prometheus_client.registry.CollectorRegistry']",20
DevEval,System/sslyze,2,10,5,0.4,0.4,"['sslyze.plugins.plugin_base.ScanCommandCliConnector._format_field', 'sslyze.plugins.plugin_base.ScanCommandCliConnector._format_title']",10
DevEval,System/sslyze,2,15,5,0.4,0.4,"['sslyze.plugins.plugin_base.ScanCommandCliConnector._format_field', 'sslyze.plugins.plugin_base.ScanCommandCliConnector._format_title']",15
DevEval,System/sslyze,2,20,5,0.4,0.4,"['sslyze.plugins.plugin_base.ScanCommandCliConnector._format_field', 'sslyze.plugins.plugin_base.ScanCommandCliConnector._format_title']",20
DevEval,System/sslyze,3,10,3,0.3333333333333333,0.3333333333333333,['sslyze.plugins.plugin_base.ScanCommandCliConnector._format_field'],10
DevEval,System/sslyze,3,15,3,0.3333333333333333,0.3333333333333333,['sslyze.plugins.plugin_base.ScanCommandCliConnector._format_field'],15
DevEval,System/sslyze,3,20,3,0.3333333333333333,0.3333333333333333,['sslyze.plugins.plugin_base.ScanCommandCliConnector._format_field'],20
DevEval,System/sslyze,4,10,5,0.4,0.4,"['sslyze.plugins.certificate_info._cli_connector._CertificateInfoCliConnector._cert_deployment_to_console_output', 'sslyze.plugins.plugin_base.ScanCommandCliConnector._format_field']",10
DevEval,System/sslyze,4,15,5,0.6,0.6,"['sslyze.plugins.certificate_info._cli_connector._CertificateInfoCliConnector._cert_deployment_to_console_output', 'sslyze.plugins.plugin_base.ScanCommandCliConnector._format_field', 'sslyze.plugins.plugin_base.ScanCommandCliConnector._format_title']",15
DevEval,System/sslyze,4,20,5,0.6,0.6,"['sslyze.plugins.certificate_info._cli_connector._CertificateInfoCliConnector._cert_deployment_to_console_output', 'sslyze.plugins.plugin_base.ScanCommandCliConnector._format_field', 'sslyze.plugins.plugin_base.ScanCommandCliConnector._format_title']",20
DevEval,System/sslyze,5,10,1,0.0,0.0,[],10
DevEval,System/sslyze,5,15,1,0.0,0.0,[],15
DevEval,System/sslyze,5,20,1,0.0,0.0,[],20
DevEval,System/sslyze,6,10,4,0.0,0.0,[],10
DevEval,System/sslyze,6,15,4,0.0,0.0,[],15
DevEval,System/sslyze,6,20,4,0.0,0.0,[],20
DevEval,System/sslyze,7,10,1,1.0,1.0,['sslyze.plugins.http_headers_plugin._extract_first_header_value'],10
DevEval,System/sslyze,7,15,1,1.0,1.0,['sslyze.plugins.http_headers_plugin._extract_first_header_value'],15
DevEval,System/sslyze,7,20,1,1.0,1.0,['sslyze.plugins.http_headers_plugin._extract_first_header_value'],20
DevEval,System/sslyze,8,10,6,0.16666666666666666,0.16666666666666666,['sslyze.plugins.certificate_info._certificate_utils.get_public_key_sha256'],10
DevEval,System/sslyze,8,15,6,0.16666666666666666,0.16666666666666666,['sslyze.plugins.certificate_info._certificate_utils.get_public_key_sha256'],15
DevEval,System/sslyze,8,20,6,0.16666666666666666,0.16666666666666666,['sslyze.plugins.certificate_info._certificate_utils.get_public_key_sha256'],20
DevEval,System/sslyze,9,10,2,1.0,1.0,"['sslyze.cli.server_string_parser.CommandLineServerStringParser._parse_ipv4_server_string', 'sslyze.cli.server_string_parser.CommandLineServerStringParser._parse_ipv6_server_string']",10
DevEval,System/sslyze,9,15,2,1.0,1.0,"['sslyze.cli.server_string_parser.CommandLineServerStringParser._parse_ipv4_server_string', 'sslyze.cli.server_string_parser.CommandLineServerStringParser._parse_ipv6_server_string']",15
DevEval,System/sslyze,9,20,2,1.0,1.0,"['sslyze.cli.server_string_parser.CommandLineServerStringParser._parse_ipv4_server_string', 'sslyze.cli.server_string_parser.CommandLineServerStringParser._parse_ipv6_server_string']",20
DevEval,System/sslyze,10,10,1,0.0,0.0,[],10
DevEval,System/sslyze,10,15,1,0.0,0.0,[],15
DevEval,System/sslyze,10,20,1,0.0,0.0,[],20
DevEval,System/trackerjacker,1,10,1,0.0,0.0,[],10
DevEval,System/trackerjacker,1,15,1,0.0,0.0,[],15
DevEval,System/trackerjacker,1,20,1,0.0,0.0,[],18
DevEval,System/viztracer,1,10,8,0.75,0.375,"['viztracer.tracer._VizTracer._tracer', 'viztracer.tracer._VizTracer.config', 'viztracer.tracer._VizTracer.enable', 'viztracer.tracer._VizTracer.log_print', 'viztracer.tracer._VizTracer.overload_print', 'viztracer.tracer._VizTracer.parsed']",10
DevEval,System/viztracer,1,15,8,1.0,0.625,"['viztracer.tracer._VizTracer._tracer', 'viztracer.tracer._VizTracer.config', 'viztracer.tracer._VizTracer.enable', 'viztracer.tracer._VizTracer.exclude_files', 'viztracer.tracer._VizTracer.include_files', 'viztracer.tracer._VizTracer.log_print', 'viztracer.tracer._VizTracer.overload_print', 'viztracer.tracer._VizTracer.parsed']",15
DevEval,System/viztracer,1,20,8,1.0,0.625,"['viztracer.tracer._VizTracer._tracer', 'viztracer.tracer._VizTracer.config', 'viztracer.tracer._VizTracer.enable', 'viztracer.tracer._VizTracer.exclude_files', 'viztracer.tracer._VizTracer.include_files', 'viztracer.tracer._VizTracer.log_print', 'viztracer.tracer._VizTracer.overload_print', 'viztracer.tracer._VizTracer.parsed']",20
DevEval,System/viztracer,2,10,1,1.0,1.0,['viztracer.util.color_print'],10
DevEval,System/viztracer,2,15,1,1.0,1.0,['viztracer.util.color_print'],15
DevEval,System/viztracer,2,20,1,1.0,1.0,['viztracer.util.color_print'],20
DevEval,System/viztracer,3,10,4,1.0,0.5,"['viztracer.tracer._VizTracer._tracer', 'viztracer.tracer._VizTracer.enable', 'viztracer.tracer._VizTracer.log_print', 'viztracer.tracer._VizTracer.restore_print']",10
DevEval,System/viztracer,3,15,4,1.0,0.5,"['viztracer.tracer._VizTracer._tracer', 'viztracer.tracer._VizTracer.enable', 'viztracer.tracer._VizTracer.log_print', 'viztracer.tracer._VizTracer.restore_print']",15
DevEval,System/viztracer,3,20,4,1.0,0.5,"['viztracer.tracer._VizTracer._tracer', 'viztracer.tracer._VizTracer.enable', 'viztracer.tracer._VizTracer.log_print', 'viztracer.tracer._VizTracer.restore_print']",20
DevEval,System/viztracer,4,10,1,0.0,0.0,[],10
DevEval,System/viztracer,4,15,1,0.0,0.0,[],15
DevEval,System/viztracer,4,20,1,0.0,0.0,[],20
DevEval,System/viztracer,5,10,3,1.0,0.6666666666666666,"['viztracer.report_builder.ReportBuilder.final_messages', 'viztracer.report_builder.ReportBuilder.generate_report', 'viztracer.report_builder.ReportBuilder.print_messages']",10
DevEval,System/viztracer,5,15,3,1.0,0.6666666666666666,"['viztracer.report_builder.ReportBuilder.final_messages', 'viztracer.report_builder.ReportBuilder.generate_report', 'viztracer.report_builder.ReportBuilder.print_messages']",15
DevEval,System/viztracer,5,20,3,1.0,0.6666666666666666,"['viztracer.report_builder.ReportBuilder.final_messages', 'viztracer.report_builder.ReportBuilder.generate_report', 'viztracer.report_builder.ReportBuilder.print_messages']",18
DevEval,System/wal-e,6,10,6,0.3333333333333333,0.16666666666666666,"['wal_e.worker.pg.wal_transfer.WalTransferGroup._complete_execution', 'wal_e.worker.pg.wal_transfer.WalTransferGroup.greenlets']",10
DevEval,System/wal-e,6,15,6,0.3333333333333333,0.16666666666666666,"['wal_e.worker.pg.wal_transfer.WalTransferGroup._complete_execution', 'wal_e.worker.pg.wal_transfer.WalTransferGroup.greenlets']",15
DevEval,System/wal-e,6,20,6,0.3333333333333333,0.16666666666666666,"['wal_e.worker.pg.wal_transfer.WalTransferGroup._complete_execution', 'wal_e.worker.pg.wal_transfer.WalTransferGroup.greenlets']",20
DevEval,System/wal-e,7,10,4,1.0,0.0,"['wal_e.worker.pg.wal_transfer.WalTransferGroup.closed', 'wal_e.worker.pg.wal_transfer.WalTransferGroup.expect', 'wal_e.worker.pg.wal_transfer.WalTransferGroup.greenlets', 'wal_e.worker.pg.wal_transfer.WalTransferGroup.wait_change']",10
DevEval,System/wal-e,7,15,4,1.0,0.0,"['wal_e.worker.pg.wal_transfer.WalTransferGroup.closed', 'wal_e.worker.pg.wal_transfer.WalTransferGroup.expect', 'wal_e.worker.pg.wal_transfer.WalTransferGroup.greenlets', 'wal_e.worker.pg.wal_transfer.WalTransferGroup.wait_change']",15
DevEval,System/wal-e,7,20,4,1.0,0.0,"['wal_e.worker.pg.wal_transfer.WalTransferGroup.closed', 'wal_e.worker.pg.wal_transfer.WalTransferGroup.expect', 'wal_e.worker.pg.wal_transfer.WalTransferGroup.greenlets', 'wal_e.worker.pg.wal_transfer.WalTransferGroup.wait_change']",20
DevEval,System/wal-e,8,10,1,1.0,1.0,['wal_e.log_help.WalELogger._fmt_structured'],10
DevEval,System/wal-e,8,15,1,1.0,1.0,['wal_e.log_help.WalELogger._fmt_structured'],15
DevEval,System/wal-e,8,20,1,1.0,1.0,['wal_e.log_help.WalELogger._fmt_structured'],20
DevEval,System/wal-e,9,10,3,0.6666666666666666,0.0,"['wal_e.storage', 'wal_e.worker.pg.wal_transfer.WalSegment.path']",10
DevEval,System/wal-e,9,15,3,0.6666666666666666,0.0,"['wal_e.storage', 'wal_e.worker.pg.wal_transfer.WalSegment.path']",15
DevEval,System/wal-e,9,20,3,0.6666666666666666,0.0,"['wal_e.storage', 'wal_e.worker.pg.wal_transfer.WalSegment.path']",20
DevEval,System/wal-e,10,10,8,0.625,0.25,"['wal_e.worker.upload_pool.TarUploadPool._start', 'wal_e.worker.upload_pool.TarUploadPool._wait', 'wal_e.worker.upload_pool.TarUploadPool.closed', 'wal_e.worker.upload_pool.TarUploadPool.concurrency_burden', 'wal_e.worker.upload_pool.TarUploadPool.member_burden']",10
DevEval,System/wal-e,10,15,8,0.625,0.25,"['wal_e.worker.upload_pool.TarUploadPool._start', 'wal_e.worker.upload_pool.TarUploadPool._wait', 'wal_e.worker.upload_pool.TarUploadPool.closed', 'wal_e.worker.upload_pool.TarUploadPool.concurrency_burden', 'wal_e.worker.upload_pool.TarUploadPool.member_burden']",15
DevEval,System/wal-e,10,20,8,0.625,0.25,"['wal_e.worker.upload_pool.TarUploadPool._start', 'wal_e.worker.upload_pool.TarUploadPool._wait', 'wal_e.worker.upload_pool.TarUploadPool.closed', 'wal_e.worker.upload_pool.TarUploadPool.concurrency_burden', 'wal_e.worker.upload_pool.TarUploadPool.member_burden']",20
DevEval,System/wal-e,11,10,2,1.0,1.0,"['wal_e.blobstore.file.calling_format.common_dir_path', 'wal_e.blobstore.file.calling_format.remove_empty_dirs']",10
DevEval,System/wal-e,11,15,2,1.0,1.0,"['wal_e.blobstore.file.calling_format.common_dir_path', 'wal_e.blobstore.file.calling_format.remove_empty_dirs']",15
DevEval,System/wal-e,11,20,2,1.0,1.0,"['wal_e.blobstore.file.calling_format.common_dir_path', 'wal_e.blobstore.file.calling_format.remove_empty_dirs']",20
DevEval,Text-Processing/PyLaTeX,1,10,2,0.5,0.5,['pylatex.utils._latex_item_to_string'],10
DevEval,Text-Processing/PyLaTeX,1,15,2,0.5,0.5,['pylatex.utils._latex_item_to_string'],15
DevEval,Text-Processing/PyLaTeX,1,20,2,0.5,0.5,['pylatex.utils._latex_item_to_string'],20
DevEval,Text-Processing/PyLaTeX,2,10,5,0.6,0.4,"['pylatex.base_classes', 'pylatex.base_classes.latex_object.LatexObject.dumps', 'pylatex.base_classes.latex_object.LatexObject.dumps_as_content']",10
DevEval,Text-Processing/PyLaTeX,2,15,5,0.8,0.6,"['pylatex.base_classes', 'pylatex.base_classes.latex_object.LatexObject', 'pylatex.base_classes.latex_object.LatexObject.dumps', 'pylatex.base_classes.latex_object.LatexObject.dumps_as_content']",15
DevEval,Text-Processing/PyLaTeX,2,20,5,0.8,0.6,"['pylatex.base_classes', 'pylatex.base_classes.latex_object.LatexObject', 'pylatex.base_classes.latex_object.LatexObject.dumps', 'pylatex.base_classes.latex_object.LatexObject.dumps_as_content']",20
DevEval,Text-Processing/dominate,4,10,1,1.0,1.0,['dominate.util.raw'],10
DevEval,Text-Processing/dominate,4,15,1,1.0,1.0,['dominate.util.raw'],10
DevEval,Text-Processing/dominate,4,20,1,1.0,1.0,['dominate.util.raw'],10
DevEval,Text-Processing/dominate,5,10,2,1.0,0.0,"['dominate.util._unescape', 'dominate.util.unichr']",10
DevEval,Text-Processing/dominate,5,15,2,1.0,0.0,"['dominate.util._unescape', 'dominate.util.unichr']",15
DevEval,Text-Processing/dominate,5,20,2,1.0,0.0,"['dominate.util._unescape', 'dominate.util.unichr']",18
DevEval,Text-Processing/dominate,6,10,1,1.0,1.0,['dominate.dom_tag.dom_tag._render'],10
DevEval,Text-Processing/dominate,6,15,1,1.0,1.0,['dominate.dom_tag.dom_tag._render'],15
DevEval,Text-Processing/dominate,6,20,1,1.0,1.0,['dominate.dom_tag.dom_tag._render'],20
DevEval,Text-Processing/feedparser,2,10,2,0.5,0.5,['feedparser.urls._urljoin'],10
DevEval,Text-Processing/feedparser,2,15,2,0.5,0.5,['feedparser.urls._urljoin'],15
DevEval,Text-Processing/feedparser,2,20,2,0.5,0.5,['feedparser.urls._urljoin'],20
DevEval,Text-Processing/feedparser,3,10,2,0.5,0.0,['feedparser.http'],10
DevEval,Text-Processing/feedparser,3,15,2,0.5,0.0,['feedparser.http'],15
DevEval,Text-Processing/feedparser,3,20,2,0.5,0.0,['feedparser.http'],20
DevEval,Text-Processing/feedparser,4,10,1,0.0,0.0,[],10
DevEval,Text-Processing/feedparser,4,15,1,0.0,0.0,[],15
DevEval,Text-Processing/feedparser,4,20,1,0.0,0.0,[],19
DevEval,Text-Processing/mistune,4,10,3,0.0,0.0,[],10
DevEval,Text-Processing/mistune,4,15,3,0.3333333333333333,0.3333333333333333,['mistune.inline_parser.InlineParser'],15
DevEval,Text-Processing/mistune,4,20,3,0.3333333333333333,0.3333333333333333,['mistune.inline_parser.InlineParser'],15
DevEval,Text-Processing/mistune,5,10,4,0.5,0.25,"['mistune.markdown.Markdown.block', 'mistune.markdown.Markdown.parse']",10
DevEval,Text-Processing/mistune,5,15,4,0.5,0.25,"['mistune.markdown.Markdown.block', 'mistune.markdown.Markdown.parse']",14
DevEval,Text-Processing/mistune,5,20,4,0.5,0.25,"['mistune.markdown.Markdown.block', 'mistune.markdown.Markdown.parse']",14
DevEval,Text-Processing/online-judge-tools,1,10,6,0.16666666666666666,0.16666666666666666,['onlinejudge_command.pretty_printers._tokenize_str'],10
DevEval,Text-Processing/online-judge-tools,1,15,6,0.16666666666666666,0.16666666666666666,['onlinejudge_command.pretty_printers._tokenize_str'],15
DevEval,Text-Processing/online-judge-tools,1,20,6,0.16666666666666666,0.16666666666666666,['onlinejudge_command.pretty_printers._tokenize_str'],20
DevEval,Text-Processing/online-judge-tools,2,10,4,0.75,0.75,"['onlinejudge_command.pretty_printers._decode_with_recovery', 'onlinejudge_command.pretty_printers._tokenize_line', 'onlinejudge_command.pretty_printers._warn_if_empty']",10
DevEval,Text-Processing/online-judge-tools,2,15,4,0.75,0.75,"['onlinejudge_command.pretty_printers._decode_with_recovery', 'onlinejudge_command.pretty_printers._tokenize_line', 'onlinejudge_command.pretty_printers._warn_if_empty']",15
DevEval,Text-Processing/online-judge-tools,2,20,4,0.75,0.75,"['onlinejudge_command.pretty_printers._decode_with_recovery', 'onlinejudge_command.pretty_printers._tokenize_line', 'onlinejudge_command.pretty_printers._warn_if_empty']",20
DevEval,Text-Processing/online-judge-tools,3,10,10,0.1,0.1,['onlinejudge_command.pretty_printers._replace_whitespace'],10
DevEval,Text-Processing/online-judge-tools,3,15,10,0.1,0.1,['onlinejudge_command.pretty_printers._replace_whitespace'],15
DevEval,Text-Processing/online-judge-tools,3,20,10,0.1,0.1,['onlinejudge_command.pretty_printers._replace_whitespace'],16
DevEval,Text-Processing/parsel,3,10,1,1.0,1.0,['parsel.utils.flatten'],10
DevEval,Text-Processing/parsel,3,15,1,1.0,1.0,['parsel.utils.flatten'],15
DevEval,Text-Processing/parsel,3,20,1,1.0,1.0,['parsel.utils.flatten'],20
DevEval,Text-Processing/pycorrector,3,10,5,0.4,0.4,"['pycorrector.en_spell.EnSpell.check_init', 'pycorrector.en_spell.EnSpell.correct_word']",10
DevEval,Text-Processing/pycorrector,3,15,5,0.6,0.4,"['pycorrector.en_spell.EnSpell.check_init', 'pycorrector.en_spell.EnSpell.correct_word', 'pycorrector.en_spell.EnSpell.custom_confusion']",15
DevEval,Text-Processing/pycorrector,3,20,5,0.6,0.4,"['pycorrector.en_spell.EnSpell.check_init', 'pycorrector.en_spell.EnSpell.correct_word', 'pycorrector.en_spell.EnSpell.custom_confusion']",20
DevEval,Text-Processing/pycorrector,4,10,2,1.0,1.0,"['pycorrector.en_spell.EnSpell.candidates', 'pycorrector.en_spell.EnSpell.check_init']",10
DevEval,Text-Processing/pycorrector,4,15,2,1.0,1.0,"['pycorrector.en_spell.EnSpell.candidates', 'pycorrector.en_spell.EnSpell.check_init']",15
DevEval,Text-Processing/pycorrector,4,20,2,1.0,1.0,"['pycorrector.en_spell.EnSpell.candidates', 'pycorrector.en_spell.EnSpell.check_init']",20
DevEval,Text-Processing/pycorrector,5,10,4,1.0,1.0,"['pycorrector.en_spell.EnSpell.check_init', 'pycorrector.en_spell.EnSpell.edits1', 'pycorrector.en_spell.EnSpell.edits2', 'pycorrector.en_spell.EnSpell.known']",10
DevEval,Text-Processing/pycorrector,5,15,4,1.0,1.0,"['pycorrector.en_spell.EnSpell.check_init', 'pycorrector.en_spell.EnSpell.edits1', 'pycorrector.en_spell.EnSpell.edits2', 'pycorrector.en_spell.EnSpell.known']",15
DevEval,Text-Processing/pycorrector,5,20,4,1.0,1.0,"['pycorrector.en_spell.EnSpell.check_init', 'pycorrector.en_spell.EnSpell.edits1', 'pycorrector.en_spell.EnSpell.edits2', 'pycorrector.en_spell.EnSpell.known']",20
DevEval,Text-Processing/pycorrector,6,10,2,1.0,0.5,"['pycorrector.en_spell.EnSpell._init', 'pycorrector.en_spell.EnSpell.word_freq_dict']",10
DevEval,Text-Processing/pycorrector,6,15,2,1.0,0.5,"['pycorrector.en_spell.EnSpell._init', 'pycorrector.en_spell.EnSpell.word_freq_dict']",15
DevEval,Text-Processing/pycorrector,6,20,2,1.0,0.5,"['pycorrector.en_spell.EnSpell._init', 'pycorrector.en_spell.EnSpell.word_freq_dict']",20
DevEval,Text-Processing/pymorphy2,1,10,1,0.0,0.0,[],10
DevEval,Text-Processing/pymorphy2,1,15,1,0.0,0.0,[],15
DevEval,Text-Processing/pymorphy2,1,20,1,0.0,0.0,[],17
DevEval,Text-Processing/pymorphy2,2,10,1,1.0,1.0,['pymorphy2.utils.longest_common_substring'],10
DevEval,Text-Processing/pymorphy2,2,15,1,1.0,1.0,['pymorphy2.utils.longest_common_substring'],15
DevEval,Text-Processing/pymorphy2,2,20,1,1.0,1.0,['pymorphy2.utils.longest_common_substring'],20
DevEval,Text-Processing/python-benedict,2,10,1,0.0,0.0,[],10
DevEval,Text-Processing/python-benedict,2,15,1,0.0,0.0,[],15
DevEval,Text-Processing/python-benedict,2,20,1,0.0,0.0,[],16
DevEval,Text-Processing/python-benedict,3,10,1,1.0,1.0,['benedict.dicts.keylist.keylist_util.get_items'],10
DevEval,Text-Processing/python-benedict,3,15,1,1.0,1.0,['benedict.dicts.keylist.keylist_util.get_items'],15
DevEval,Text-Processing/python-benedict,3,20,1,1.0,1.0,['benedict.dicts.keylist.keylist_util.get_items'],20
DevEval,Text-Processing/python-benedict,4,10,2,1.0,1.0,"['benedict.dicts.keylist.keylist_util._get_or_new_item_value', 'benedict.dicts.keylist.keylist_util._set_item_value']",10
DevEval,Text-Processing/python-benedict,4,15,2,1.0,1.0,"['benedict.dicts.keylist.keylist_util._get_or_new_item_value', 'benedict.dicts.keylist.keylist_util._set_item_value']",15
DevEval,Text-Processing/python-benedict,4,20,2,1.0,1.0,"['benedict.dicts.keylist.keylist_util._get_or_new_item_value', 'benedict.dicts.keylist.keylist_util._set_item_value']",19
DevEval,Text-Processing/rows,6,10,1,0.0,0.0,[],10
DevEval,Text-Processing/rows,6,15,1,0.0,0.0,[],15
DevEval,Text-Processing/rows,6,20,1,0.0,0.0,[],20
DevEval,Text-Processing/rows,7,10,3,0.0,0.0,[],10
DevEval,Text-Processing/rows,7,15,3,0.0,0.0,[],15
DevEval,Text-Processing/rows,7,20,3,0.0,0.0,[],20
DevEval,Text-Processing/rows,8,10,1,0.0,0.0,[],10
DevEval,Text-Processing/rows,8,15,1,0.0,0.0,[],15
DevEval,Text-Processing/rows,8,20,1,0.0,0.0,[],20
DevEval,Text-Processing/rows,9,10,5,0.2,0.2,['rows.fields.as_string'],10
DevEval,Text-Processing/rows,9,15,5,0.4,0.4,"['rows.fields.Field.deserialize', 'rows.fields.as_string']",15
DevEval,Text-Processing/rows,9,20,5,0.4,0.4,"['rows.fields.Field.deserialize', 'rows.fields.as_string']",20
DevEval,Text-Processing/rows,10,10,4,0.25,0.25,['rows.fields.value_error'],10
DevEval,Text-Processing/rows,10,15,4,0.5,0.5,"['rows.fields.TextField.deserialize', 'rows.fields.value_error']",15
DevEval,Text-Processing/rows,10,20,4,0.5,0.5,"['rows.fields.TextField.deserialize', 'rows.fields.value_error']",20
DevEval,Text-Processing/rows,11,10,6,0.16666666666666666,0.16666666666666666,['rows.fields.as_string'],10
DevEval,Text-Processing/rows,11,15,6,0.3333333333333333,0.3333333333333333,"['rows.fields.Field.deserialize', 'rows.fields.as_string']",15
DevEval,Text-Processing/rows,11,20,6,0.3333333333333333,0.3333333333333333,"['rows.fields.Field.deserialize', 'rows.fields.as_string']",20
DevEval,Text-Processing/rows,12,10,2,0.5,0.5,['rows.fields.as_string'],10
DevEval,Text-Processing/rows,12,15,2,0.5,0.5,['rows.fields.as_string'],15
DevEval,Text-Processing/rows,12,20,2,0.5,0.5,['rows.fields.as_string'],20
DevEval,Utilities/PyJWT,2,10,3,0.6666666666666666,0.3333333333333333,"['jwt.types.JWKDict', 'jwt.utils.force_bytes']",10
DevEval,Utilities/PyJWT,2,15,3,1.0,0.6666666666666666,"['jwt.types.JWKDict', 'jwt.utils.base64url_encode', 'jwt.utils.force_bytes']",15
DevEval,Utilities/PyJWT,2,20,3,1.0,0.6666666666666666,"['jwt.types.JWKDict', 'jwt.utils.base64url_encode', 'jwt.utils.force_bytes']",20
DevEval,Utilities/PyJWT,3,10,3,0.6666666666666666,0.3333333333333333,"['jwt.types.JWKDict', 'jwt.utils.base64url_decode']",10
DevEval,Utilities/PyJWT,3,15,3,0.6666666666666666,0.3333333333333333,"['jwt.types.JWKDict', 'jwt.utils.base64url_decode']",15
DevEval,Utilities/PyJWT,3,20,3,0.6666666666666666,0.3333333333333333,"['jwt.types.JWKDict', 'jwt.utils.base64url_decode']",20
DevEval,Utilities/PyJWT,4,10,4,0.5,0.5,"['jwt.utils.is_pem_format', 'jwt.utils.is_ssh_key']",10
DevEval,Utilities/PyJWT,4,15,4,0.5,0.5,"['jwt.utils.is_pem_format', 'jwt.utils.is_ssh_key']",15
DevEval,Utilities/PyJWT,4,20,4,0.5,0.5,"['jwt.utils.is_pem_format', 'jwt.utils.is_ssh_key']",20
DevEval,Utilities/PyJWT,5,10,1,1.0,1.0,['jwt.utils.force_bytes'],10
DevEval,Utilities/PyJWT,5,15,1,1.0,1.0,['jwt.utils.force_bytes'],15
DevEval,Utilities/PyJWT,5,20,1,1.0,1.0,['jwt.utils.force_bytes'],20
DevEval,Utilities/PyJWT,6,10,2,1.0,1.0,"['jwt.utils.base64url_encode', 'jwt.utils.bytes_from_int']",10
DevEval,Utilities/PyJWT,6,15,2,1.0,1.0,"['jwt.utils.base64url_encode', 'jwt.utils.bytes_from_int']",15
DevEval,Utilities/PyJWT,6,20,2,1.0,1.0,"['jwt.utils.base64url_encode', 'jwt.utils.bytes_from_int']",20
DevEval,Utilities/boltons,23,10,3,1.0,0.3333333333333333,"['boltons.socketutils.NetstringSocket._calc_msgsize_maxsize', 'boltons.socketutils.NetstringSocket._msgsize_maxsize', 'boltons.socketutils.NetstringSocket.maxsize']",10
DevEval,Utilities/boltons,23,15,3,1.0,0.3333333333333333,"['boltons.socketutils.NetstringSocket._calc_msgsize_maxsize', 'boltons.socketutils.NetstringSocket._msgsize_maxsize', 'boltons.socketutils.NetstringSocket.maxsize']",12
DevEval,Utilities/boltons,23,20,3,1.0,0.3333333333333333,"['boltons.socketutils.NetstringSocket._calc_msgsize_maxsize', 'boltons.socketutils.NetstringSocket._msgsize_maxsize', 'boltons.socketutils.NetstringSocket.maxsize']",12
DevEval,Utilities/boltons,24,10,3,1.0,0.3333333333333333,"['boltons.funcutils.FunctionBuilder.args', 'boltons.funcutils.FunctionBuilder.get_defaults_dict', 'boltons.funcutils.FunctionBuilder.kwonlyargs']",10
DevEval,Utilities/boltons,24,15,3,1.0,0.3333333333333333,"['boltons.funcutils.FunctionBuilder.args', 'boltons.funcutils.FunctionBuilder.get_defaults_dict', 'boltons.funcutils.FunctionBuilder.kwonlyargs']",15
DevEval,Utilities/boltons,24,20,3,1.0,0.3333333333333333,"['boltons.funcutils.FunctionBuilder.args', 'boltons.funcutils.FunctionBuilder.get_defaults_dict', 'boltons.funcutils.FunctionBuilder.kwonlyargs']",19
DevEval,Utilities/boltons,25,10,3,0.0,0.0,[],10
DevEval,Utilities/boltons,25,15,3,0.0,0.0,[],15
DevEval,Utilities/boltons,25,20,3,0.0,0.0,[],20
DevEval,Utilities/boltons,26,10,3,0.6666666666666666,0.3333333333333333,"['boltons.cacheutils.LRI._lock', 'boltons.cacheutils.LRI._remove_from_ll']",10
DevEval,Utilities/boltons,26,15,3,0.6666666666666666,0.3333333333333333,"['boltons.cacheutils.LRI._lock', 'boltons.cacheutils.LRI._remove_from_ll']",15
DevEval,Utilities/boltons,26,20,3,0.6666666666666666,0.3333333333333333,"['boltons.cacheutils.LRI._lock', 'boltons.cacheutils.LRI._remove_from_ll']",16
DevEval,Utilities/boltons,27,10,3,0.0,0.0,[],10
DevEval,Utilities/boltons,27,15,3,0.0,0.0,[],15
DevEval,Utilities/boltons,27,20,3,0.0,0.0,[],20
DevEval,Utilities/boltons,28,10,3,0.0,0.0,[],10
DevEval,Utilities/boltons,28,15,3,0.0,0.0,[],15
DevEval,Utilities/boltons,28,20,3,0.0,0.0,[],20
DevEval,Utilities/boltons,29,10,2,1.0,0.5,"['boltons.cacheutils.LRI._lock', 'boltons.cacheutils.LRI._remove_from_ll']",10
DevEval,Utilities/boltons,29,15,2,1.0,0.5,"['boltons.cacheutils.LRI._lock', 'boltons.cacheutils.LRI._remove_from_ll']",15
DevEval,Utilities/boltons,29,20,2,1.0,0.5,"['boltons.cacheutils.LRI._lock', 'boltons.cacheutils.LRI._remove_from_ll']",20
DevEval,Utilities/boltons,30,10,8,0.5,0.375,"['boltons.ioutils.SpooledIOBase._checkClosed', 'boltons.ioutils.SpooledStringIO._tell', 'boltons.ioutils.SpooledStringIO.buffer', 'boltons.ioutils.SpooledStringIO.tell']",10
DevEval,Utilities/boltons,30,15,8,0.5,0.375,"['boltons.ioutils.SpooledIOBase._checkClosed', 'boltons.ioutils.SpooledStringIO._tell', 'boltons.ioutils.SpooledStringIO.buffer', 'boltons.ioutils.SpooledStringIO.tell']",15
DevEval,Utilities/boltons,30,20,8,0.5,0.375,"['boltons.ioutils.SpooledIOBase._checkClosed', 'boltons.ioutils.SpooledStringIO._tell', 'boltons.ioutils.SpooledStringIO.buffer', 'boltons.ioutils.SpooledStringIO.tell']",20
DevEval,Utilities/boltons,31,10,1,1.0,1.0,['boltons.strutils.iter_splitlines'],10
DevEval,Utilities/boltons,31,15,1,1.0,1.0,['boltons.strutils.iter_splitlines'],15
DevEval,Utilities/boltons,31,20,1,1.0,1.0,['boltons.strutils.iter_splitlines'],16
DevEval,Utilities/boltons,32,10,2,1.0,0.5,"['boltons.setutils.IndexedSet._get_apparent_index', 'boltons.setutils.IndexedSet.item_index_map']",10
DevEval,Utilities/boltons,32,15,2,1.0,0.5,"['boltons.setutils.IndexedSet._get_apparent_index', 'boltons.setutils.IndexedSet.item_index_map']",15
DevEval,Utilities/boltons,32,20,2,1.0,0.5,"['boltons.setutils.IndexedSet._get_apparent_index', 'boltons.setutils.IndexedSet.item_index_map']",20
DevEval,Utilities/boltons,33,10,3,0.6666666666666666,0.6666666666666666,"['boltons.strutils.MultiReplace', 'boltons.strutils.MultiReplace.sub']",10
DevEval,Utilities/boltons,33,15,3,0.6666666666666666,0.6666666666666666,"['boltons.strutils.MultiReplace', 'boltons.strutils.MultiReplace.sub']",15
DevEval,Utilities/boltons,33,20,3,0.6666666666666666,0.6666666666666666,"['boltons.strutils.MultiReplace', 'boltons.strutils.MultiReplace.sub']",20
DevEval,Utilities/boltons,34,10,5,0.8,0.4,"['boltons.socketutils.NetstringMessageTooLong', 'boltons.socketutils.NetstringMessageTooLong.__init__', 'boltons.socketutils.NetstringSocket.bsock', 'boltons.socketutils.NetstringSocket.maxsize']",10
DevEval,Utilities/boltons,34,15,5,0.8,0.4,"['boltons.socketutils.NetstringMessageTooLong', 'boltons.socketutils.NetstringMessageTooLong.__init__', 'boltons.socketutils.NetstringSocket.bsock', 'boltons.socketutils.NetstringSocket.maxsize']",12
DevEval,Utilities/boltons,34,20,5,0.8,0.4,"['boltons.socketutils.NetstringMessageTooLong', 'boltons.socketutils.NetstringMessageTooLong.__init__', 'boltons.socketutils.NetstringSocket.bsock', 'boltons.socketutils.NetstringSocket.maxsize']",12
DevEval,Utilities/boltons,35,10,3,1.0,0.6666666666666666,"['boltons.listutils.BarrelList._balance_list', 'boltons.listutils.BarrelList._translate_index', 'boltons.listutils.BarrelList.lists']",10
DevEval,Utilities/boltons,35,15,3,1.0,0.6666666666666666,"['boltons.listutils.BarrelList._balance_list', 'boltons.listutils.BarrelList._translate_index', 'boltons.listutils.BarrelList.lists']",15
DevEval,Utilities/boltons,35,20,3,1.0,0.6666666666666666,"['boltons.listutils.BarrelList._balance_list', 'boltons.listutils.BarrelList._translate_index', 'boltons.listutils.BarrelList.lists']",20
DevEval,Utilities/boltons,36,10,4,0.5,0.5,"['boltons.tbutils.TracebackInfo.from_traceback', 'boltons.tbutils.format_exception_only']",10
DevEval,Utilities/boltons,36,15,4,0.75,0.75,"['boltons.tbutils.TracebackInfo', 'boltons.tbutils.TracebackInfo.from_traceback', 'boltons.tbutils.format_exception_only']",15
DevEval,Utilities/boltons,36,20,4,0.75,0.75,"['boltons.tbutils.TracebackInfo', 'boltons.tbutils.TracebackInfo.from_traceback', 'boltons.tbutils.format_exception_only']",20
DevEval,Utilities/boltons,37,10,2,1.0,1.0,"['boltons.ioutils.SpooledIOBase._checkClosed', 'boltons.ioutils.SpooledIOBase.write']",10
DevEval,Utilities/boltons,37,15,2,1.0,1.0,"['boltons.ioutils.SpooledIOBase._checkClosed', 'boltons.ioutils.SpooledIOBase.write']",15
DevEval,Utilities/boltons,37,20,2,1.0,1.0,"['boltons.ioutils.SpooledIOBase._checkClosed', 'boltons.ioutils.SpooledIOBase.write']",20
DevEval,Utilities/boltons,38,10,1,1.0,1.0,['boltons.cacheutils.ThresholdCounter.iteritems'],8
DevEval,Utilities/boltons,38,15,1,1.0,1.0,['boltons.cacheutils.ThresholdCounter.iteritems'],8
DevEval,Utilities/boltons,38,20,1,1.0,1.0,['boltons.cacheutils.ThresholdCounter.iteritems'],8
DevEval,Utilities/boltons,39,10,2,1.0,0.0,"['boltons.dictutils.ManyToMany.data', 'boltons.dictutils.ManyToMany.inv']",10
DevEval,Utilities/boltons,39,15,2,1.0,0.0,"['boltons.dictutils.ManyToMany.data', 'boltons.dictutils.ManyToMany.inv']",15
DevEval,Utilities/boltons,39,20,2,1.0,0.0,"['boltons.dictutils.ManyToMany.data', 'boltons.dictutils.ManyToMany.inv']",20
DevEval,Utilities/boltons,40,10,2,0.0,0.0,[],10
DevEval,Utilities/boltons,40,15,2,0.0,0.0,[],15
DevEval,Utilities/boltons,40,20,2,0.0,0.0,[],20
DevEval,Utilities/boltons,41,10,3,0.6666666666666666,0.6666666666666666,"['boltons.setutils._ComplementSet', 'boltons.setutils._ComplementSet.complemented']",10
DevEval,Utilities/boltons,41,15,3,0.6666666666666666,0.6666666666666666,"['boltons.setutils._ComplementSet', 'boltons.setutils._ComplementSet.complemented']",15
DevEval,Utilities/boltons,41,20,3,0.6666666666666666,0.6666666666666666,"['boltons.setutils._ComplementSet', 'boltons.setutils._ComplementSet.complemented']",20
DevEval,Utilities/boltons,42,10,1,1.0,1.0,['boltons.cacheutils.ThresholdCounter.iteritems'],9
DevEval,Utilities/boltons,42,15,1,1.0,1.0,['boltons.cacheutils.ThresholdCounter.iteritems'],9
DevEval,Utilities/boltons,42,20,1,1.0,1.0,['boltons.cacheutils.ThresholdCounter.iteritems'],9
DevEval,Utilities/boltons,43,10,2,0.0,0.0,[],10
DevEval,Utilities/boltons,43,15,2,0.5,0.0,['boltons.cacheutils.LRI._lock'],15
DevEval,Utilities/boltons,43,20,2,0.5,0.0,['boltons.cacheutils.LRI._lock'],20
DevEval,Utilities/boltons,44,10,3,1.0,0.6666666666666666,"['boltons.tableutils.Table._data', 'boltons.tableutils.Table._fill', 'boltons.tableutils.Table._set_width']",10
DevEval,Utilities/boltons,44,15,3,1.0,0.6666666666666666,"['boltons.tableutils.Table._data', 'boltons.tableutils.Table._fill', 'boltons.tableutils.Table._set_width']",15
DevEval,Utilities/boltons,44,20,3,1.0,0.6666666666666666,"['boltons.tableutils.Table._data', 'boltons.tableutils.Table._fill', 'boltons.tableutils.Table._set_width']",19
DevEval,Utilities/boltons,45,10,5,0.8,0.6,"['boltons.ioutils.SpooledIOBase._checkClosed', 'boltons.ioutils.SpooledStringIO._tell', 'boltons.ioutils.SpooledStringIO.buffer', 'boltons.ioutils.SpooledStringIO.tell']",10
DevEval,Utilities/boltons,45,15,5,0.8,0.6,"['boltons.ioutils.SpooledIOBase._checkClosed', 'boltons.ioutils.SpooledStringIO._tell', 'boltons.ioutils.SpooledStringIO.buffer', 'boltons.ioutils.SpooledStringIO.tell']",15
DevEval,Utilities/boltons,45,20,5,1.0,0.8,"['boltons.ioutils.SpooledIOBase._checkClosed', 'boltons.ioutils.SpooledStringIO._tell', 'boltons.ioutils.SpooledStringIO.buffer', 'boltons.ioutils.SpooledStringIO.len', 'boltons.ioutils.SpooledStringIO.tell']",20
DevEval,Utilities/boltons,46,10,2,1.0,0.0,"['boltons.dictutils.ManyToMany.data', 'boltons.dictutils.ManyToMany.inv']",10
DevEval,Utilities/boltons,46,15,2,1.0,0.0,"['boltons.dictutils.ManyToMany.data', 'boltons.dictutils.ManyToMany.inv']",15
DevEval,Utilities/boltons,46,20,2,1.0,0.0,"['boltons.dictutils.ManyToMany.data', 'boltons.dictutils.ManyToMany.inv']",18
DevEval,Utilities/boltons,47,10,2,1.0,0.0,"['boltons.socketutils.BufferedSocket._send_lock', 'boltons.socketutils.BufferedSocket.sbuf']",10
DevEval,Utilities/boltons,47,15,2,1.0,0.0,"['boltons.socketutils.BufferedSocket._send_lock', 'boltons.socketutils.BufferedSocket.sbuf']",15
DevEval,Utilities/boltons,47,20,2,1.0,0.0,"['boltons.socketutils.BufferedSocket._send_lock', 'boltons.socketutils.BufferedSocket.sbuf']",20
DevEval,Utilities/boltons,48,10,2,1.0,0.5,"['boltons.listutils.BarrelList._balance_list', 'boltons.listutils.BarrelList.lists']",10
DevEval,Utilities/boltons,48,15,2,1.0,0.5,"['boltons.listutils.BarrelList._balance_list', 'boltons.listutils.BarrelList.lists']",15
DevEval,Utilities/boltons,48,20,2,1.0,0.5,"['boltons.listutils.BarrelList._balance_list', 'boltons.listutils.BarrelList.lists']",19
DevEval,Utilities/boltons,49,10,8,0.5,0.0,"['boltons.socketutils.BufferedSocket._recv_lock', 'boltons.socketutils.BufferedSocket.sock', 'boltons.socketutils.BufferedSocket.timeout', 'boltons.socketutils._UNSET']",10
DevEval,Utilities/boltons,49,15,8,0.75,0.0,"['boltons.socketutils.BufferedSocket._recv_lock', 'boltons.socketutils.BufferedSocket._recvsize', 'boltons.socketutils.BufferedSocket.rbuf', 'boltons.socketutils.BufferedSocket.sock', 'boltons.socketutils.BufferedSocket.timeout', 'boltons.socketutils._UNSET']",15
DevEval,Utilities/boltons,49,20,8,0.75,0.0,"['boltons.socketutils.BufferedSocket._recv_lock', 'boltons.socketutils.BufferedSocket._recvsize', 'boltons.socketutils.BufferedSocket.rbuf', 'boltons.socketutils.BufferedSocket.sock', 'boltons.socketutils.BufferedSocket.timeout', 'boltons.socketutils._UNSET']",20
DevEval,Utilities/boltons,50,10,3,0.3333333333333333,0.3333333333333333,['boltons.formatutils.infer_positional_format_args'],10
DevEval,Utilities/boltons,50,15,3,0.3333333333333333,0.3333333333333333,['boltons.formatutils.infer_positional_format_args'],15
DevEval,Utilities/boltons,50,20,3,0.3333333333333333,0.3333333333333333,['boltons.formatutils.infer_positional_format_args'],20
DevEval,Utilities/boltons,51,10,2,0.0,0.0,[],10
DevEval,Utilities/boltons,51,15,2,0.0,0.0,[],15
DevEval,Utilities/boltons,51,20,2,0.0,0.0,[],20
DevEval,Utilities/boltons,52,10,4,0.0,0.0,[],8
DevEval,Utilities/boltons,52,15,4,0.0,0.0,[],8
DevEval,Utilities/boltons,52,20,4,0.0,0.0,[],8
DevEval,Utilities/boltons,53,10,1,0.0,0.0,[],10
DevEval,Utilities/boltons,53,15,1,0.0,0.0,[],15
DevEval,Utilities/boltons,53,20,1,0.0,0.0,[],17
DevEval,Utilities/boltons,54,10,9,0.4444444444444444,0.1111111111111111,"['boltons.socketutils.BufferedSocket._recv_lock', 'boltons.socketutils.BufferedSocket.rbuf', 'boltons.socketutils.BufferedSocket.recv_size', 'boltons.socketutils._UNSET']",10
DevEval,Utilities/boltons,54,15,9,0.4444444444444444,0.1111111111111111,"['boltons.socketutils.BufferedSocket._recv_lock', 'boltons.socketutils.BufferedSocket.rbuf', 'boltons.socketutils.BufferedSocket.recv_size', 'boltons.socketutils._UNSET']",15
DevEval,Utilities/boltons,54,20,9,0.6666666666666666,0.1111111111111111,"['boltons.socketutils.BufferedSocket._recv_lock', 'boltons.socketutils.BufferedSocket.maxsize', 'boltons.socketutils.BufferedSocket.rbuf', 'boltons.socketutils.BufferedSocket.recv_size', 'boltons.socketutils._RECV_LARGE_MAXSIZE', 'boltons.socketutils._UNSET']",20
DevEval,Utilities/boltons,55,10,2,1.0,0.0,"['boltons.setutils.IndexedSet.item_index_map', 'boltons.setutils.IndexedSet.item_list']",10
DevEval,Utilities/boltons,55,15,2,1.0,0.0,"['boltons.setutils.IndexedSet.item_index_map', 'boltons.setutils.IndexedSet.item_list']",15
DevEval,Utilities/boltons,55,20,2,1.0,0.0,"['boltons.setutils.IndexedSet.item_index_map', 'boltons.setutils.IndexedSet.item_list']",20
DevEval,Utilities/boltons,56,10,1,0.0,0.0,[],10
DevEval,Utilities/boltons,56,15,1,0.0,0.0,[],11
DevEval,Utilities/boltons,56,20,1,0.0,0.0,[],11
DevEval,Utilities/boltons,57,10,1,1.0,1.0,['boltons.iterutils.chunked_iter'],10
DevEval,Utilities/boltons,57,15,1,1.0,1.0,['boltons.iterutils.chunked_iter'],15
DevEval,Utilities/boltons,57,20,1,1.0,1.0,['boltons.iterutils.chunked_iter'],20
DevEval,Utilities/boltons,58,10,4,0.25,0.25,['boltons.tbutils.TracebackInfo.get_formatted'],10
DevEval,Utilities/boltons,58,15,4,0.25,0.25,['boltons.tbutils.TracebackInfo.get_formatted'],15
DevEval,Utilities/boltons,58,20,4,0.75,0.25,"['boltons.tbutils.ExceptionInfo.exc_msg', 'boltons.tbutils.ExceptionInfo.exc_type', 'boltons.tbutils.TracebackInfo.get_formatted']",20
DevEval,Utilities/boltons,59,10,1,1.0,0.0,['boltons.dictutils.ManyToMany.data'],10
DevEval,Utilities/boltons,59,15,1,1.0,0.0,['boltons.dictutils.ManyToMany.data'],15
DevEval,Utilities/boltons,59,20,1,1.0,0.0,['boltons.dictutils.ManyToMany.data'],17
DevEval,Utilities/boltons,60,10,2,1.0,0.5,"['boltons.socketutils.BufferedSocket._send_lock', 'boltons.socketutils.BufferedSocket.send']",10
DevEval,Utilities/boltons,60,15,2,1.0,0.5,"['boltons.socketutils.BufferedSocket._send_lock', 'boltons.socketutils.BufferedSocket.send']",15
DevEval,Utilities/boltons,60,20,2,1.0,0.5,"['boltons.socketutils.BufferedSocket._send_lock', 'boltons.socketutils.BufferedSocket.send']",20
DevEval,Utilities/boltons,61,10,2,0.5,0.0,['boltons.mathutils.Bits.val'],9
DevEval,Utilities/boltons,61,15,2,0.5,0.0,['boltons.mathutils.Bits.val'],9
DevEval,Utilities/boltons,61,20,2,0.5,0.0,['boltons.mathutils.Bits.val'],9
DevEval,Utilities/boltons,62,10,2,1.0,0.5,"['boltons.ioutils.SpooledIOBase._checkClosed', 'boltons.ioutils.SpooledStringIO._tell']",10
DevEval,Utilities/boltons,62,15,2,1.0,0.5,"['boltons.ioutils.SpooledIOBase._checkClosed', 'boltons.ioutils.SpooledStringIO._tell']",15
DevEval,Utilities/boltons,62,20,2,1.0,0.5,"['boltons.ioutils.SpooledIOBase._checkClosed', 'boltons.ioutils.SpooledStringIO._tell']",20
DevEval,Utilities/boltons,63,10,6,0.8333333333333334,0.0,"['boltons.socketutils.BufferedSocket._recv_lock', 'boltons.socketutils.BufferedSocket._send_lock', 'boltons.socketutils.BufferedSocket.rbuf', 'boltons.socketutils.BufferedSocket.sbuf', 'boltons.socketutils.BufferedSocket.sock']",10
DevEval,Utilities/boltons,63,15,6,0.8333333333333334,0.0,"['boltons.socketutils.BufferedSocket._recv_lock', 'boltons.socketutils.BufferedSocket._send_lock', 'boltons.socketutils.BufferedSocket.rbuf', 'boltons.socketutils.BufferedSocket.sbuf', 'boltons.socketutils.BufferedSocket.sock']",15
DevEval,Utilities/boltons,63,20,6,0.8333333333333334,0.0,"['boltons.socketutils.BufferedSocket._recv_lock', 'boltons.socketutils.BufferedSocket._send_lock', 'boltons.socketutils.BufferedSocket.rbuf', 'boltons.socketutils.BufferedSocket.sbuf', 'boltons.socketutils.BufferedSocket.sock']",20
DevEval,Utilities/boltons,64,10,4,0.75,0.75,"['boltons.ioutils.SpooledBytesIO._rolled', 'boltons.ioutils.SpooledBytesIO.seek', 'boltons.ioutils.SpooledBytesIO.tell']",10
DevEval,Utilities/boltons,64,15,4,0.75,0.75,"['boltons.ioutils.SpooledBytesIO._rolled', 'boltons.ioutils.SpooledBytesIO.seek', 'boltons.ioutils.SpooledBytesIO.tell']",15
DevEval,Utilities/boltons,64,20,4,0.75,0.75,"['boltons.ioutils.SpooledBytesIO._rolled', 'boltons.ioutils.SpooledBytesIO.seek', 'boltons.ioutils.SpooledBytesIO.tell']",20
DevEval,Utilities/boltons,65,10,1,1.0,1.0,['boltons.formatutils.construct_format_field_str'],10
DevEval,Utilities/boltons,65,15,1,1.0,1.0,['boltons.formatutils.construct_format_field_str'],11
DevEval,Utilities/boltons,65,20,1,1.0,1.0,['boltons.formatutils.construct_format_field_str'],11
DevEval,Utilities/boltons,66,10,2,1.0,0.0,"['boltons.tableutils.Table._data', 'boltons.tableutils.Table.headers']",10
DevEval,Utilities/boltons,66,15,2,1.0,0.0,"['boltons.tableutils.Table._data', 'boltons.tableutils.Table.headers']",15
DevEval,Utilities/boltons,66,20,2,1.0,0.0,"['boltons.tableutils.Table._data', 'boltons.tableutils.Table.headers']",20
DevEval,Utilities/boltons,67,10,3,1.0,0.0,"['boltons.funcutils.FunctionBuilder.args', 'boltons.funcutils.FunctionBuilder.defaults', 'boltons.funcutils.FunctionBuilder.kwonlydefaults']",10
DevEval,Utilities/boltons,67,15,3,1.0,0.0,"['boltons.funcutils.FunctionBuilder.args', 'boltons.funcutils.FunctionBuilder.defaults', 'boltons.funcutils.FunctionBuilder.kwonlydefaults']",15
DevEval,Utilities/boltons,67,20,3,1.0,0.0,"['boltons.funcutils.FunctionBuilder.args', 'boltons.funcutils.FunctionBuilder.defaults', 'boltons.funcutils.FunctionBuilder.kwonlydefaults']",20
DevEval,Utilities/boltons,68,10,5,0.4,0.4,"['boltons.iterutils.default_enter', 'boltons.iterutils.default_visit']",10
DevEval,Utilities/boltons,68,15,5,0.4,0.4,"['boltons.iterutils.default_enter', 'boltons.iterutils.default_visit']",15
DevEval,Utilities/boltons,68,20,5,0.4,0.4,"['boltons.iterutils.default_enter', 'boltons.iterutils.default_visit']",17
DevEval,Utilities/boltons,69,10,6,0.8333333333333334,0.6666666666666666,"['boltons.ioutils.SpooledIOBase._checkClosed', 'boltons.ioutils.SpooledStringIO._tell', 'boltons.ioutils.SpooledStringIO._traverse_codepoints', 'boltons.ioutils.SpooledStringIO.buffer', 'boltons.ioutils.SpooledStringIO.tell']",10
DevEval,Utilities/boltons,69,15,6,0.8333333333333334,0.6666666666666666,"['boltons.ioutils.SpooledIOBase._checkClosed', 'boltons.ioutils.SpooledStringIO._tell', 'boltons.ioutils.SpooledStringIO._traverse_codepoints', 'boltons.ioutils.SpooledStringIO.buffer', 'boltons.ioutils.SpooledStringIO.tell']",15
DevEval,Utilities/boltons,69,20,6,0.8333333333333334,0.6666666666666666,"['boltons.ioutils.SpooledIOBase._checkClosed', 'boltons.ioutils.SpooledStringIO._tell', 'boltons.ioutils.SpooledStringIO._traverse_codepoints', 'boltons.ioutils.SpooledStringIO.buffer', 'boltons.ioutils.SpooledStringIO.tell']",20
DevEval,Utilities/boltons,70,10,1,1.0,1.0,['boltons.iterutils.remap'],10
DevEval,Utilities/boltons,70,15,1,1.0,1.0,['boltons.iterutils.remap'],15
DevEval,Utilities/boltons,70,20,1,1.0,1.0,['boltons.iterutils.remap'],20
DevEval,Utilities/boltons,71,10,2,1.0,0.0,"['boltons.dictutils.ManyToMany.data', 'boltons.dictutils.ManyToMany.inv']",10
DevEval,Utilities/boltons,71,15,2,1.0,0.0,"['boltons.dictutils.ManyToMany.data', 'boltons.dictutils.ManyToMany.inv']",15
DevEval,Utilities/boltons,71,20,2,1.0,0.0,"['boltons.dictutils.ManyToMany.data', 'boltons.dictutils.ManyToMany.inv']",20
DevEval,Utilities/boltons,72,10,4,0.0,0.0,[],10
DevEval,Utilities/boltons,72,15,4,0.25,0.25,['boltons.funcutils.FunctionBuilder._argspec_to_dict'],15
DevEval,Utilities/boltons,72,20,4,0.25,0.25,['boltons.funcutils.FunctionBuilder._argspec_to_dict'],17
DevEval,Utilities/boltons,73,10,3,1.0,0.0,"['boltons.ioutils.MultiFileReader._fileobjs', 'boltons.ioutils.MultiFileReader._index', 'boltons.ioutils.MultiFileReader._joiner']",10
DevEval,Utilities/boltons,73,15,3,1.0,0.0,"['boltons.ioutils.MultiFileReader._fileobjs', 'boltons.ioutils.MultiFileReader._index', 'boltons.ioutils.MultiFileReader._joiner']",15
DevEval,Utilities/boltons,73,20,3,1.0,0.0,"['boltons.ioutils.MultiFileReader._fileobjs', 'boltons.ioutils.MultiFileReader._index', 'boltons.ioutils.MultiFileReader._joiner']",20
DevEval,Utilities/boltons,74,10,4,0.5,0.5,"['boltons.ioutils.SpooledStringIO.buffer', 'boltons.ioutils.SpooledStringIO.read']",10
DevEval,Utilities/boltons,74,15,4,0.5,0.5,"['boltons.ioutils.SpooledStringIO.buffer', 'boltons.ioutils.SpooledStringIO.read']",15
DevEval,Utilities/boltons,74,20,4,0.5,0.5,"['boltons.ioutils.SpooledStringIO.buffer', 'boltons.ioutils.SpooledStringIO.read']",20
DevEval,Utilities/boltons,75,10,4,0.75,0.0,"['boltons.tableutils.Table._data', 'boltons.tableutils.Table._width', 'boltons.tableutils.Table.headers']",10
DevEval,Utilities/boltons,75,15,4,0.75,0.0,"['boltons.tableutils.Table._data', 'boltons.tableutils.Table._width', 'boltons.tableutils.Table.headers']",15
DevEval,Utilities/boltons,75,20,4,0.75,0.0,"['boltons.tableutils.Table._data', 'boltons.tableutils.Table._width', 'boltons.tableutils.Table.headers']",20
DevEval,Utilities/boltons,76,10,12,0.4166666666666667,0.16666666666666666,"['boltons.urlutils.URL.fragment', 'boltons.urlutils.URL.from_parts', 'boltons.urlutils.URL.path_parts', 'boltons.urlutils.URL.query_params', 'boltons.urlutils.URL.scheme']",10
DevEval,Utilities/boltons,76,15,12,0.8333333333333334,0.25,"['boltons.urlutils.URL.__init__', 'boltons.urlutils.URL.fragment', 'boltons.urlutils.URL.from_parts', 'boltons.urlutils.URL.host', 'boltons.urlutils.URL.password', 'boltons.urlutils.URL.path_parts', 'boltons.urlutils.URL.port', 'boltons.urlutils.URL.query_params', 'boltons.urlutils.URL.scheme', 'boltons.urlutils.URL.username']",15
DevEval,Utilities/boltons,76,20,12,0.9166666666666666,0.3333333333333333,"['boltons.urlutils.URL.__init__', 'boltons.urlutils.URL.fragment', 'boltons.urlutils.URL.from_parts', 'boltons.urlutils.URL.host', 'boltons.urlutils.URL.password', 'boltons.urlutils.URL.path', 'boltons.urlutils.URL.path_parts', 'boltons.urlutils.URL.port', 'boltons.urlutils.URL.query_params', 'boltons.urlutils.URL.scheme', 'boltons.urlutils.URL.username']",20
DevEval,Utilities/boltons,77,10,6,0.8333333333333334,0.16666666666666666,"['boltons.funcutils.FunctionBuilder.args', 'boltons.funcutils.FunctionBuilder.kwonlyargs', 'boltons.funcutils.FunctionBuilder.varargs', 'boltons.funcutils.FunctionBuilder.varkw', 'boltons.funcutils.inspect_formatargspec']",10
DevEval,Utilities/boltons,77,15,6,0.8333333333333334,0.16666666666666666,"['boltons.funcutils.FunctionBuilder.args', 'boltons.funcutils.FunctionBuilder.kwonlyargs', 'boltons.funcutils.FunctionBuilder.varargs', 'boltons.funcutils.FunctionBuilder.varkw', 'boltons.funcutils.inspect_formatargspec']",15
DevEval,Utilities/boltons,77,20,6,0.8333333333333334,0.16666666666666666,"['boltons.funcutils.FunctionBuilder.args', 'boltons.funcutils.FunctionBuilder.kwonlyargs', 'boltons.funcutils.FunctionBuilder.varargs', 'boltons.funcutils.FunctionBuilder.varkw', 'boltons.funcutils.inspect_formatargspec']",20
DevEval,Utilities/boltons,78,10,1,0.0,0.0,[],10
DevEval,Utilities/boltons,78,15,1,0.0,0.0,[],10
DevEval,Utilities/boltons,78,20,1,0.0,0.0,[],10
DevEval,Utilities/boltons,79,10,3,0.6666666666666666,0.3333333333333333,"['boltons.statsutils.Stats._get_bin_bounds', 'boltons.statsutils.Stats.data']",10
DevEval,Utilities/boltons,79,15,3,0.6666666666666666,0.3333333333333333,"['boltons.statsutils.Stats._get_bin_bounds', 'boltons.statsutils.Stats.data']",15
DevEval,Utilities/boltons,79,20,3,0.6666666666666666,0.3333333333333333,"['boltons.statsutils.Stats._get_bin_bounds', 'boltons.statsutils.Stats.data']",20
DevEval,Utilities/boltons,80,10,3,1.0,0.6666666666666666,"['boltons.listutils.BarrelList._balance_list', 'boltons.listutils.BarrelList._translate_index', 'boltons.listutils.BarrelList.lists']",10
DevEval,Utilities/boltons,80,15,3,1.0,0.6666666666666666,"['boltons.listutils.BarrelList._balance_list', 'boltons.listutils.BarrelList._translate_index', 'boltons.listutils.BarrelList.lists']",15
DevEval,Utilities/boltons,80,20,3,1.0,0.6666666666666666,"['boltons.listutils.BarrelList._balance_list', 'boltons.listutils.BarrelList._translate_index', 'boltons.listutils.BarrelList.lists']",20
DevEval,Utilities/boltons,81,10,1,0.0,0.0,[],10
DevEval,Utilities/boltons,81,15,1,0.0,0.0,[],11
DevEval,Utilities/boltons,81,20,1,0.0,0.0,[],11
DevEval,Utilities/boltons,82,10,2,1.0,0.0,"['boltons.socketutils.BufferedSocket._send_lock', 'boltons.socketutils.BufferedSocket.sbuf']",10
DevEval,Utilities/boltons,82,15,2,1.0,0.0,"['boltons.socketutils.BufferedSocket._send_lock', 'boltons.socketutils.BufferedSocket.sbuf']",15
DevEval,Utilities/boltons,82,20,2,1.0,0.0,"['boltons.socketutils.BufferedSocket._send_lock', 'boltons.socketutils.BufferedSocket.sbuf']",20
DevEval,Utilities/boltons,83,10,1,0.0,0.0,[],10
DevEval,Utilities/boltons,83,15,1,0.0,0.0,[],15
DevEval,Utilities/boltons,83,20,1,0.0,0.0,[],20
DevEval,Utilities/boltons,84,10,4,1.0,0.25,"['boltons.cacheutils.MinIDMap._clean', 'boltons.cacheutils.MinIDMap.free', 'boltons.cacheutils.MinIDMap.mapping', 'boltons.cacheutils.MinIDMap.ref_map']",8
DevEval,Utilities/boltons,84,15,4,1.0,0.25,"['boltons.cacheutils.MinIDMap._clean', 'boltons.cacheutils.MinIDMap.free', 'boltons.cacheutils.MinIDMap.mapping', 'boltons.cacheutils.MinIDMap.ref_map']",8
DevEval,Utilities/boltons,84,20,4,1.0,0.25,"['boltons.cacheutils.MinIDMap._clean', 'boltons.cacheutils.MinIDMap.free', 'boltons.cacheutils.MinIDMap.mapping', 'boltons.cacheutils.MinIDMap.ref_map']",8
DevEval,Utilities/boltons,85,10,2,1.0,0.0,"['boltons.socketutils.BufferedSocket._recv_lock', 'boltons.socketutils.BufferedSocket.rbuf']",10
DevEval,Utilities/boltons,85,15,2,1.0,0.0,"['boltons.socketutils.BufferedSocket._recv_lock', 'boltons.socketutils.BufferedSocket.rbuf']",15
DevEval,Utilities/boltons,85,20,2,1.0,0.0,"['boltons.socketutils.BufferedSocket._recv_lock', 'boltons.socketutils.BufferedSocket.rbuf']",20
DevEval,Utilities/boltons,86,10,2,0.5,0.0,['boltons.dictutils.OneToOne.inv'],10
DevEval,Utilities/boltons,86,15,2,0.5,0.0,['boltons.dictutils.OneToOne.inv'],15
DevEval,Utilities/boltons,86,20,2,0.5,0.0,['boltons.dictutils.OneToOne.inv'],20
DevEval,Utilities/boltons,87,10,1,1.0,1.0,['boltons.iterutils._validate_positive_int'],10
DevEval,Utilities/boltons,87,15,1,1.0,1.0,['boltons.iterutils._validate_positive_int'],15
DevEval,Utilities/boltons,87,20,1,1.0,1.0,['boltons.iterutils._validate_positive_int'],20
DevEval,Utilities/boltons,88,10,3,0.6666666666666666,0.6666666666666666,"['boltons.urlutils.quote_query_part', 'boltons.urlutils.to_unicode']",10
DevEval,Utilities/boltons,88,15,3,0.6666666666666666,0.6666666666666666,"['boltons.urlutils.quote_query_part', 'boltons.urlutils.to_unicode']",15
DevEval,Utilities/boltons,88,20,3,0.6666666666666666,0.6666666666666666,"['boltons.urlutils.quote_query_part', 'boltons.urlutils.to_unicode']",20
DevEval,Utilities/boltons,89,10,8,0.5,0.375,"['boltons.urlutils.URL.get_authority', 'boltons.urlutils.URL.query_params', 'boltons.urlutils.URL.scheme', 'boltons.urlutils.quote_fragment_part']",10
DevEval,Utilities/boltons,89,15,8,0.75,0.5,"['boltons.urlutils.QueryParamDict.to_text', 'boltons.urlutils.URL.get_authority', 'boltons.urlutils.URL.path_parts', 'boltons.urlutils.URL.query_params', 'boltons.urlutils.URL.scheme', 'boltons.urlutils.quote_fragment_part']",15
DevEval,Utilities/boltons,89,20,8,0.875,0.5,"['boltons.urlutils.QueryParamDict.to_text', 'boltons.urlutils.URL.fragment', 'boltons.urlutils.URL.get_authority', 'boltons.urlutils.URL.path_parts', 'boltons.urlutils.URL.query_params', 'boltons.urlutils.URL.scheme', 'boltons.urlutils.quote_fragment_part']",20
DevEval,Utilities/boltons,90,10,4,0.25,0.0,['boltons.tbutils.text'],10
DevEval,Utilities/boltons,90,15,4,0.25,0.0,['boltons.tbutils.text'],15
DevEval,Utilities/boltons,90,20,4,0.25,0.0,['boltons.tbutils.text'],20
DevEval,Utilities/boltons,91,10,6,1.0,0.5,"['boltons.setutils.IndexedSet._add_dead', 'boltons.setutils.IndexedSet._cull', 'boltons.setutils.IndexedSet._get_real_index', 'boltons.setutils.IndexedSet.item_index_map', 'boltons.setutils.IndexedSet.item_list', 'boltons.setutils._MISSING']",10
DevEval,Utilities/boltons,91,15,6,1.0,0.5,"['boltons.setutils.IndexedSet._add_dead', 'boltons.setutils.IndexedSet._cull', 'boltons.setutils.IndexedSet._get_real_index', 'boltons.setutils.IndexedSet.item_index_map', 'boltons.setutils.IndexedSet.item_list', 'boltons.setutils._MISSING']",15
DevEval,Utilities/boltons,91,20,6,1.0,0.5,"['boltons.setutils.IndexedSet._add_dead', 'boltons.setutils.IndexedSet._cull', 'boltons.setutils.IndexedSet._get_real_index', 'boltons.setutils.IndexedSet.item_index_map', 'boltons.setutils.IndexedSet.item_list', 'boltons.setutils._MISSING']",20
DevEval,Utilities/boltons,92,10,2,0.5,0.0,['boltons.mathutils.bytes'],9
DevEval,Utilities/boltons,92,15,2,0.5,0.0,['boltons.mathutils.bytes'],9
DevEval,Utilities/boltons,92,20,2,0.5,0.0,['boltons.mathutils.bytes'],9
DevEval,Utilities/boltons,93,10,3,1.0,0.3333333333333333,"['boltons.dictutils.ManyToMany.add', 'boltons.dictutils.ManyToMany.data', 'boltons.dictutils.ManyToMany.inv']",10
DevEval,Utilities/boltons,93,15,3,1.0,0.3333333333333333,"['boltons.dictutils.ManyToMany.add', 'boltons.dictutils.ManyToMany.data', 'boltons.dictutils.ManyToMany.inv']",14
DevEval,Utilities/boltons,93,20,3,1.0,0.3333333333333333,"['boltons.dictutils.ManyToMany.add', 'boltons.dictutils.ManyToMany.data', 'boltons.dictutils.ManyToMany.inv']",14
DevEval,Utilities/boltons,94,10,4,0.5,0.25,"['boltons.tableutils.Table.from_data', 'boltons.tableutils._MISSING']",10
DevEval,Utilities/boltons,94,15,4,0.5,0.25,"['boltons.tableutils.Table.from_data', 'boltons.tableutils._MISSING']",14
DevEval,Utilities/boltons,94,20,4,0.5,0.25,"['boltons.tableutils.Table.from_data', 'boltons.tableutils._MISSING']",14
DevEval,Utilities/boltons,95,10,7,0.5714285714285714,0.5714285714285714,"['boltons.ioutils.SpooledBytesIO.buffer', 'boltons.ioutils.SpooledBytesIO.rollover', 'boltons.ioutils.SpooledBytesIO.tell', 'boltons.ioutils.SpooledIOBase._checkClosed']",10
DevEval,Utilities/boltons,95,15,7,0.7142857142857143,0.7142857142857143,"['boltons.ioutils.SpooledBytesIO.buffer', 'boltons.ioutils.SpooledBytesIO.len', 'boltons.ioutils.SpooledBytesIO.rollover', 'boltons.ioutils.SpooledBytesIO.tell', 'boltons.ioutils.SpooledIOBase._checkClosed']",15
DevEval,Utilities/boltons,95,20,7,0.7142857142857143,0.7142857142857143,"['boltons.ioutils.SpooledBytesIO.buffer', 'boltons.ioutils.SpooledBytesIO.len', 'boltons.ioutils.SpooledBytesIO.rollover', 'boltons.ioutils.SpooledBytesIO.tell', 'boltons.ioutils.SpooledIOBase._checkClosed']",15
DevEval,Utilities/boltons,96,10,2,1.0,0.5,"['boltons.cacheutils.LRI._init_ll', 'boltons.cacheutils.LRI._lock']",10
DevEval,Utilities/boltons,96,15,2,1.0,0.5,"['boltons.cacheutils.LRI._init_ll', 'boltons.cacheutils.LRI._lock']",13
DevEval,Utilities/boltons,96,20,2,1.0,0.5,"['boltons.cacheutils.LRI._init_ll', 'boltons.cacheutils.LRI._lock']",13
DevEval,Utilities/boltons,97,10,6,0.8333333333333334,0.16666666666666666,"['boltons.funcutils.FunctionBuilder.args', 'boltons.funcutils.FunctionBuilder.kwonlyargs', 'boltons.funcutils.FunctionBuilder.varargs', 'boltons.funcutils.FunctionBuilder.varkw', 'boltons.funcutils.inspect_formatargspec']",10
DevEval,Utilities/boltons,97,15,6,0.8333333333333334,0.16666666666666666,"['boltons.funcutils.FunctionBuilder.args', 'boltons.funcutils.FunctionBuilder.kwonlyargs', 'boltons.funcutils.FunctionBuilder.varargs', 'boltons.funcutils.FunctionBuilder.varkw', 'boltons.funcutils.inspect_formatargspec']",14
DevEval,Utilities/boltons,97,20,6,0.8333333333333334,0.16666666666666666,"['boltons.funcutils.FunctionBuilder.args', 'boltons.funcutils.FunctionBuilder.kwonlyargs', 'boltons.funcutils.FunctionBuilder.varargs', 'boltons.funcutils.FunctionBuilder.varkw', 'boltons.funcutils.inspect_formatargspec']",14
DevEval,Utilities/boltons,98,10,3,0.3333333333333333,0.3333333333333333,['boltons.cacheutils.ThresholdCounter.add'],7
DevEval,Utilities/boltons,98,15,3,0.3333333333333333,0.3333333333333333,['boltons.cacheutils.ThresholdCounter.add'],7
DevEval,Utilities/boltons,98,20,3,0.3333333333333333,0.3333333333333333,['boltons.cacheutils.ThresholdCounter.add'],7
DevEval,Utilities/boltons,99,10,3,0.6666666666666666,0.0,"['boltons.strutils.bytes', 'boltons.strutils.unicode']",10
DevEval,Utilities/boltons,99,15,3,0.6666666666666666,0.0,"['boltons.strutils.bytes', 'boltons.strutils.unicode']",15
DevEval,Utilities/boltons,99,20,3,0.6666666666666666,0.0,"['boltons.strutils.bytes', 'boltons.strutils.unicode']",15
DevEval,Utilities/boltons,100,10,2,1.0,0.5,"['boltons.urlutils.URL.path_parts', 'boltons.urlutils.to_unicode']",10
DevEval,Utilities/boltons,100,15,2,1.0,0.5,"['boltons.urlutils.URL.path_parts', 'boltons.urlutils.to_unicode']",15
DevEval,Utilities/boltons,100,20,2,1.0,0.5,"['boltons.urlutils.URL.path_parts', 'boltons.urlutils.to_unicode']",20
DevEval,Utilities/boltons,101,10,5,0.6,0.2,"['boltons.iterutils._UNSET', 'boltons.iterutils.basestring', 'boltons.iterutils.is_iterable']",10
DevEval,Utilities/boltons,101,15,5,0.6,0.2,"['boltons.iterutils._UNSET', 'boltons.iterutils.basestring', 'boltons.iterutils.is_iterable']",15
DevEval,Utilities/boltons,101,20,5,0.6,0.2,"['boltons.iterutils._UNSET', 'boltons.iterutils.basestring', 'boltons.iterutils.is_iterable']",20
DevEval,Utilities/boltons,102,10,2,1.0,1.0,"['boltons.ioutils.SpooledBytesIO.buffer', 'boltons.ioutils.SpooledIOBase._checkClosed']",10
DevEval,Utilities/boltons,102,15,2,1.0,1.0,"['boltons.ioutils.SpooledBytesIO.buffer', 'boltons.ioutils.SpooledIOBase._checkClosed']",15
DevEval,Utilities/boltons,102,20,2,1.0,1.0,"['boltons.ioutils.SpooledBytesIO.buffer', 'boltons.ioutils.SpooledIOBase._checkClosed']",20
DevEval,Utilities/boltons,103,10,3,0.3333333333333333,0.3333333333333333,['boltons.tbutils.Callpoint.from_tb'],10
DevEval,Utilities/boltons,103,15,3,0.3333333333333333,0.3333333333333333,['boltons.tbutils.Callpoint.from_tb'],15
DevEval,Utilities/boltons,103,20,3,0.3333333333333333,0.3333333333333333,['boltons.tbutils.Callpoint.from_tb'],20
DevEval,Utilities/gunicorn,10,10,1,0.0,0.0,[],10
DevEval,Utilities/gunicorn,10,15,1,0.0,0.0,[],15
DevEval,Utilities/gunicorn,10,20,1,1.0,0.0,['gunicorn.config.Config.settings'],20
DevEval,Utilities/gunicorn,11,10,5,0.2,0.0,['gunicorn.config.Config.settings'],10
DevEval,Utilities/gunicorn,11,15,5,0.2,0.0,['gunicorn.config.Config.settings'],15
DevEval,Utilities/gunicorn,11,20,5,0.2,0.0,['gunicorn.config.Config.settings'],20
DevEval,Utilities/gunicorn,12,10,1,0.0,0.0,[],10
DevEval,Utilities/gunicorn,12,15,1,0.0,0.0,[],15
DevEval,Utilities/gunicorn,12,20,1,1.0,0.0,['gunicorn.http.unreader.Unreader.buf'],20
DevEval,Utilities/gunicorn,13,10,4,0.0,0.0,[],9
DevEval,Utilities/gunicorn,13,15,4,0.0,0.0,[],9
DevEval,Utilities/gunicorn,13,20,4,0.0,0.0,[],9
DevEval,Utilities/gunicorn,14,10,4,0.25,0.25,['gunicorn.http.unreader.Unreader.unread'],10
DevEval,Utilities/gunicorn,14,15,4,0.5,0.5,"['gunicorn.http.unreader.Unreader.read', 'gunicorn.http.unreader.Unreader.unread']",15
DevEval,Utilities/gunicorn,14,20,4,0.5,0.5,"['gunicorn.http.unreader.Unreader.read', 'gunicorn.http.unreader.Unreader.unread']",20
DevEval,Utilities/gunicorn,15,10,1,0.0,0.0,[],10
DevEval,Utilities/gunicorn,15,15,1,0.0,0.0,[],15
DevEval,Utilities/gunicorn,15,20,1,0.0,0.0,[],15
DevEval,Utilities/gunicorn,16,10,3,0.3333333333333333,0.0,['gunicorn.config.Config.settings'],10
DevEval,Utilities/gunicorn,16,15,3,0.3333333333333333,0.0,['gunicorn.config.Config.settings'],15
DevEval,Utilities/gunicorn,16,20,3,0.3333333333333333,0.0,['gunicorn.config.Config.settings'],20
DevEval,Utilities/gunicorn,17,10,3,1.0,1.0,"['gunicorn.glogging.Logger', 'gunicorn.glogging.Logger.critical', 'gunicorn.instrument.statsd.Statsd.increment']",10
DevEval,Utilities/gunicorn,17,15,3,1.0,1.0,"['gunicorn.glogging.Logger', 'gunicorn.glogging.Logger.critical', 'gunicorn.instrument.statsd.Statsd.increment']",15
DevEval,Utilities/gunicorn,17,20,3,1.0,1.0,"['gunicorn.glogging.Logger', 'gunicorn.glogging.Logger.critical', 'gunicorn.instrument.statsd.Statsd.increment']",20
DevEval,Utilities/gunicorn,18,10,1,1.0,0.0,['gunicorn.config.Config.settings'],10
DevEval,Utilities/gunicorn,18,15,1,1.0,0.0,['gunicorn.config.Config.settings'],15
DevEval,Utilities/gunicorn,18,20,1,1.0,0.0,['gunicorn.config.Config.settings'],20
DevEval,Utilities/gunicorn,19,10,2,0.5,0.5,['gunicorn.config.Setting.set'],10
DevEval,Utilities/gunicorn,19,15,2,0.5,0.5,['gunicorn.config.Setting.set'],12
DevEval,Utilities/gunicorn,19,20,2,0.5,0.5,['gunicorn.config.Setting.set'],12
DevEval,Utilities/gunicorn,20,10,4,0.0,0.0,[],10
DevEval,Utilities/gunicorn,20,15,4,0.25,0.25,['gunicorn.http.unreader.Unreader.read'],15
DevEval,Utilities/gunicorn,20,20,4,0.25,0.25,['gunicorn.http.unreader.Unreader.read'],20
DevEval,Utilities/gunicorn,21,10,2,0.5,0.0,['gunicorn.http.unreader.Unreader.buf'],10
DevEval,Utilities/gunicorn,21,15,2,0.5,0.0,['gunicorn.http.unreader.Unreader.buf'],15
DevEval,Utilities/gunicorn,21,20,2,0.5,0.0,['gunicorn.http.unreader.Unreader.buf'],20
DevEval,Utilities/gunicorn,22,10,4,0.25,0.25,['gunicorn.sock._sock_type'],10
DevEval,Utilities/gunicorn,22,15,4,0.25,0.25,['gunicorn.sock._sock_type'],15
DevEval,Utilities/gunicorn,22,20,4,0.25,0.25,['gunicorn.sock._sock_type'],20
DevEval,Utilities/gunicorn,23,10,4,0.75,0.75,"['gunicorn.glogging.Logger.access', 'gunicorn.instrument.statsd.Statsd.histogram', 'gunicorn.instrument.statsd.Statsd.increment']",10
DevEval,Utilities/gunicorn,23,15,4,0.75,0.75,"['gunicorn.glogging.Logger.access', 'gunicorn.instrument.statsd.Statsd.histogram', 'gunicorn.instrument.statsd.Statsd.increment']",15
DevEval,Utilities/gunicorn,23,20,4,0.75,0.75,"['gunicorn.glogging.Logger.access', 'gunicorn.instrument.statsd.Statsd.histogram', 'gunicorn.instrument.statsd.Statsd.increment']",20
DevEval,Utilities/jc,2,10,4,0.25,0.0,['jc.parsers.xrandr.Mode'],10
DevEval,Utilities/jc,2,15,4,0.25,0.0,['jc.parsers.xrandr.Mode'],15
DevEval,Utilities/jc,2,20,4,0.25,0.0,['jc.parsers.xrandr.Mode'],18
DevEval,Utilities/jc,3,10,14,0.07142857142857142,0.07142857142857142,['jc.lib.all_parser_info'],10
DevEval,Utilities/jc,3,15,14,0.07142857142857142,0.07142857142857142,['jc.lib.all_parser_info'],15
DevEval,Utilities/jc,3,20,14,0.21428571428571427,0.21428571428571427,"['jc.lib.all_parser_info', 'jc.lib.plugin_parser_mod_list', 'jc.lib.standard_parser_mod_list']",20
DevEval,Utilities/jc,4,10,2,0.5,0.0,['jc.utils'],10
DevEval,Utilities/jc,4,15,2,0.5,0.0,['jc.utils'],15
DevEval,Utilities/jc,4,20,2,0.5,0.0,['jc.utils'],20
DevEval,Utilities/jc,5,10,4,0.5,0.25,"['jc.parsers.xrandr.Device', 'jc.parsers.xrandr._parse_device']",10
DevEval,Utilities/jc,5,15,4,0.5,0.25,"['jc.parsers.xrandr.Device', 'jc.parsers.xrandr._parse_device']",15
DevEval,Utilities/jc,5,20,4,0.5,0.25,"['jc.parsers.xrandr.Device', 'jc.parsers.xrandr._parse_device']",18
DevEval,Utilities/jc,6,10,9,0.1111111111111111,0.0,['jc.parsers.xrandr.Model'],10
DevEval,Utilities/jc,6,15,9,0.1111111111111111,0.0,['jc.parsers.xrandr.Model'],14
DevEval,Utilities/jc,6,20,9,0.1111111111111111,0.0,['jc.parsers.xrandr.Model'],14
DevEval,Utilities/jc,7,10,9,0.6666666666666666,0.2222222222222222,"['jc.jc_types.JSONDictType', 'jc.parsers', 'jc.parsers.kv', 'jc.parsers.kv.parse', 'jc.utils', 'jc.utils.compatibility']",10
DevEval,Utilities/jc,7,15,9,0.6666666666666666,0.2222222222222222,"['jc.jc_types.JSONDictType', 'jc.parsers', 'jc.parsers.kv', 'jc.parsers.kv.parse', 'jc.utils', 'jc.utils.compatibility']",15
DevEval,Utilities/jc,7,20,9,0.6666666666666666,0.2222222222222222,"['jc.jc_types.JSONDictType', 'jc.parsers', 'jc.parsers.kv', 'jc.parsers.kv.parse', 'jc.utils', 'jc.utils.compatibility']",19
DevEval,Utilities/mackup,3,10,3,0.6666666666666666,0.3333333333333333,"['mackup.constants.ERROR_UNABLE_TO_FIND_STORAGE', 'mackup.utils.error']",10
DevEval,Utilities/mackup,3,15,3,0.6666666666666666,0.3333333333333333,"['mackup.constants.ERROR_UNABLE_TO_FIND_STORAGE', 'mackup.utils.error']",15
DevEval,Utilities/mackup,3,20,3,0.6666666666666666,0.3333333333333333,"['mackup.constants.ERROR_UNABLE_TO_FIND_STORAGE', 'mackup.utils.error']",20
DevEval,Utilities/mackup,4,10,2,0.0,0.0,[],10
DevEval,Utilities/mackup,4,15,2,0.0,0.0,[],15
DevEval,Utilities/mackup,4,20,2,0.0,0.0,[],20
DevEval,Utilities/mackup,5,10,1,1.0,1.0,['mackup.utils.chmod'],10
DevEval,Utilities/mackup,5,15,1,1.0,1.0,['mackup.utils.chmod'],14
DevEval,Utilities/mackup,5,20,1,1.0,1.0,['mackup.utils.chmod'],14
DevEval,Utilities/mackup,6,10,2,1.0,1.0,"['mackup.utils.remove_acl', 'mackup.utils.remove_immutable_attribute']",10
DevEval,Utilities/mackup,6,15,2,1.0,1.0,"['mackup.utils.remove_acl', 'mackup.utils.remove_immutable_attribute']",14
DevEval,Utilities/mackup,6,20,2,1.0,1.0,"['mackup.utils.remove_acl', 'mackup.utils.remove_immutable_attribute']",14
DevEval,Utilities/mackup,7,10,3,0.6666666666666666,0.3333333333333333,"['mackup.constants.ERROR_UNABLE_TO_FIND_STORAGE', 'mackup.utils.error']",10
DevEval,Utilities/mackup,7,15,3,0.6666666666666666,0.3333333333333333,"['mackup.constants.ERROR_UNABLE_TO_FIND_STORAGE', 'mackup.utils.error']",15
DevEval,Utilities/mackup,7,20,3,0.6666666666666666,0.3333333333333333,"['mackup.constants.ERROR_UNABLE_TO_FIND_STORAGE', 'mackup.utils.error']",20
DevEval,Utilities/mmcv,3,10,6,0.8333333333333334,0.0,"['mmcv.transforms.wrappers.KeyMapper.allow_nonexist_keys', 'mmcv.transforms.wrappers.KeyMapper.auto_remap', 'mmcv.transforms.wrappers.KeyMapper.mapping', 'mmcv.transforms.wrappers.KeyMapper.remapping', 'mmcv.transforms.wrappers.KeyMapper.transforms']",10
DevEval,Utilities/mmcv,3,15,6,0.8333333333333334,0.0,"['mmcv.transforms.wrappers.KeyMapper.allow_nonexist_keys', 'mmcv.transforms.wrappers.KeyMapper.auto_remap', 'mmcv.transforms.wrappers.KeyMapper.mapping', 'mmcv.transforms.wrappers.KeyMapper.remapping', 'mmcv.transforms.wrappers.KeyMapper.transforms']",15
DevEval,Utilities/mmcv,3,20,6,0.8333333333333334,0.0,"['mmcv.transforms.wrappers.KeyMapper.allow_nonexist_keys', 'mmcv.transforms.wrappers.KeyMapper.auto_remap', 'mmcv.transforms.wrappers.KeyMapper.mapping', 'mmcv.transforms.wrappers.KeyMapper.remapping', 'mmcv.transforms.wrappers.KeyMapper.transforms']",20
DevEval,Utilities/mmcv,4,10,5,0.0,0.0,[],10
DevEval,Utilities/mmcv,4,15,5,0.0,0.0,[],15
DevEval,Utilities/mmcv,4,20,5,0.0,0.0,[],20
DevEval,Utilities/praw,3,10,2,1.0,0.0,"['praw.util.token_manager.SQLiteTokenManager._connection', 'praw.util.token_manager.SQLiteTokenManager.key']",10
DevEval,Utilities/praw,3,15,2,1.0,0.0,"['praw.util.token_manager.SQLiteTokenManager._connection', 'praw.util.token_manager.SQLiteTokenManager.key']",15
DevEval,Utilities/praw,3,20,2,1.0,0.0,"['praw.util.token_manager.SQLiteTokenManager._connection', 'praw.util.token_manager.SQLiteTokenManager.key']",20
DevEval,Utilities/praw,4,10,3,1.0,0.3333333333333333,"['praw.models.util.BoundedSet._access', 'praw.models.util.BoundedSet._set', 'praw.models.util.BoundedSet.max_items']",10
DevEval,Utilities/praw,4,15,3,1.0,0.3333333333333333,"['praw.models.util.BoundedSet._access', 'praw.models.util.BoundedSet._set', 'praw.models.util.BoundedSet.max_items']",12
DevEval,Utilities/praw,4,20,3,1.0,0.3333333333333333,"['praw.models.util.BoundedSet._access', 'praw.models.util.BoundedSet._set', 'praw.models.util.BoundedSet.max_items']",12
DevEval,Utilities/praw,5,10,1,1.0,0.0,['praw.util.token_manager.FileTokenManager._filename'],10
DevEval,Utilities/praw,5,15,1,1.0,0.0,['praw.util.token_manager.FileTokenManager._filename'],15
DevEval,Utilities/praw,5,20,1,1.0,0.0,['praw.util.token_manager.FileTokenManager._filename'],20
DevEval,Utilities/praw,6,10,3,1.0,0.0,"['praw.exceptions.RedditErrorItem.error_type', 'praw.exceptions.RedditErrorItem.field', 'praw.exceptions.RedditErrorItem.message']",10
DevEval,Utilities/praw,6,15,3,1.0,0.0,"['praw.exceptions.RedditErrorItem.error_type', 'praw.exceptions.RedditErrorItem.field', 'praw.exceptions.RedditErrorItem.message']",15
DevEval,Utilities/praw,6,20,3,1.0,0.0,"['praw.exceptions.RedditErrorItem.error_type', 'praw.exceptions.RedditErrorItem.field', 'praw.exceptions.RedditErrorItem.message']",20
DevEval,Utilities/praw,7,10,3,0.0,0.0,[],10
DevEval,Utilities/praw,7,15,3,0.0,0.0,[],14
DevEval,Utilities/praw,7,20,3,0.0,0.0,[],14
DevEval,Utilities/praw,8,10,2,1.0,0.0,"['praw.models.util.ExponentialCounter._base', 'praw.models.util.ExponentialCounter._max']",10
DevEval,Utilities/praw,8,15,2,1.0,0.0,"['praw.models.util.ExponentialCounter._base', 'praw.models.util.ExponentialCounter._max']",11
DevEval,Utilities/praw,8,20,2,1.0,0.0,"['praw.models.util.ExponentialCounter._base', 'praw.models.util.ExponentialCounter._max']",11
DevEval,Utilities/praw,9,10,1,1.0,0.0,['praw.util.token_manager.FileTokenManager._filename'],10
DevEval,Utilities/praw,9,15,1,1.0,0.0,['praw.util.token_manager.FileTokenManager._filename'],15
DevEval,Utilities/praw,9,20,1,1.0,0.0,['praw.util.token_manager.FileTokenManager._filename'],20
DevEval,Utilities/praw,10,10,3,1.0,0.0,"['praw.exceptions.RedditErrorItem.error_type', 'praw.exceptions.RedditErrorItem.field', 'praw.exceptions.RedditErrorItem.message']",10
DevEval,Utilities/praw,10,15,3,1.0,0.0,"['praw.exceptions.RedditErrorItem.error_type', 'praw.exceptions.RedditErrorItem.field', 'praw.exceptions.RedditErrorItem.message']",15
DevEval,Utilities/praw,10,20,3,1.0,0.0,"['praw.exceptions.RedditErrorItem.error_type', 'praw.exceptions.RedditErrorItem.field', 'praw.exceptions.RedditErrorItem.message']",20
DevEval,Utilities/praw,11,10,2,1.0,0.0,"['praw.util.token_manager.SQLiteTokenManager._connection', 'praw.util.token_manager.SQLiteTokenManager.key']",10
DevEval,Utilities/praw,11,15,2,1.0,0.0,"['praw.util.token_manager.SQLiteTokenManager._connection', 'praw.util.token_manager.SQLiteTokenManager.key']",15
DevEval,Utilities/praw,11,20,2,1.0,0.0,"['praw.util.token_manager.SQLiteTokenManager._connection', 'praw.util.token_manager.SQLiteTokenManager.key']",20
DevEval,Utilities/praw,12,10,1,1.0,1.0,['praw.util.token_manager.SQLiteTokenManager._set'],10
DevEval,Utilities/praw,12,15,1,1.0,1.0,['praw.util.token_manager.SQLiteTokenManager._set'],15
DevEval,Utilities/praw,12,20,1,1.0,1.0,['praw.util.token_manager.SQLiteTokenManager._set'],20
DevEval,Utilities/praw,13,10,1,1.0,1.0,['praw.util.token_manager.SQLiteTokenManager._get'],10
DevEval,Utilities/praw,13,15,1,1.0,1.0,['praw.util.token_manager.SQLiteTokenManager._get'],15
DevEval,Utilities/praw,13,20,1,1.0,1.0,['praw.util.token_manager.SQLiteTokenManager._get'],20
DevEval,Utilities/praw,14,10,2,1.0,0.0,"['praw.util.token_manager.SQLiteTokenManager._connection', 'praw.util.token_manager.SQLiteTokenManager.key']",10
DevEval,Utilities/praw,14,15,2,1.0,0.0,"['praw.util.token_manager.SQLiteTokenManager._connection', 'praw.util.token_manager.SQLiteTokenManager.key']",15
DevEval,Utilities/praw,14,20,2,1.0,0.0,"['praw.util.token_manager.SQLiteTokenManager._connection', 'praw.util.token_manager.SQLiteTokenManager.key']",20
DevEval,Utilities/pymusic-dl,1,10,1,0.0,0.0,[],10
DevEval,Utilities/pymusic-dl,1,15,1,0.0,0.0,[],15
DevEval,Utilities/pymusic-dl,1,20,1,0.0,0.0,[],20
DevEval,Utilities/pymusic-dl,2,10,7,0.5714285714285714,0.2857142857142857,"['music_dl.song.BasicSong.singer', 'music_dl.song.BasicSong.title', 'music_dl.source.MusicSource.search_thread', 'music_dl.utils.colorize']",10
DevEval,Utilities/pymusic-dl,2,15,7,0.5714285714285714,0.2857142857142857,"['music_dl.song.BasicSong.singer', 'music_dl.song.BasicSong.title', 'music_dl.source.MusicSource.search_thread', 'music_dl.utils.colorize']",15
DevEval,Utilities/pymusic-dl,2,20,7,0.5714285714285714,0.2857142857142857,"['music_dl.song.BasicSong.singer', 'music_dl.song.BasicSong.title', 'music_dl.source.MusicSource.search_thread', 'music_dl.utils.colorize']",20
DevEval,Utilities/sacred,15,10,2,1.0,0.5,"['sacred.experiment.Experiment.default_command', 'sacred.ingredient.Ingredient.command']",10
DevEval,Utilities/sacred,15,15,2,1.0,0.5,"['sacred.experiment.Experiment.default_command', 'sacred.ingredient.Ingredient.command']",15
DevEval,Utilities/sacred,15,20,2,1.0,0.5,"['sacred.experiment.Experiment.default_command', 'sacred.ingredient.Ingredient.command']",20
DevEval,Utilities/sacred,16,10,1,1.0,1.0,['sacred.config.custom_containers.DogmaticDict.fallback'],10
DevEval,Utilities/sacred,16,15,1,1.0,1.0,['sacred.config.custom_containers.DogmaticDict.fallback'],15
DevEval,Utilities/sacred,16,20,1,1.0,1.0,['sacred.config.custom_containers.DogmaticDict.fallback'],16
DevEval,Utilities/sacred,17,10,1,1.0,1.0,['sacred.config.config_scope.is_empty_or_comment'],10
DevEval,Utilities/sacred,17,15,1,1.0,1.0,['sacred.config.config_scope.is_empty_or_comment'],15
DevEval,Utilities/sacred,17,20,1,1.0,1.0,['sacred.config.config_scope.is_empty_or_comment'],17
DevEval,Utilities/sacred,18,10,4,0.25,0.25,['sacred.ingredient.Ingredient.post_process_name'],10
DevEval,Utilities/sacred,18,15,4,0.25,0.25,['sacred.ingredient.Ingredient.post_process_name'],15
DevEval,Utilities/sacred,18,20,4,0.25,0.25,['sacred.ingredient.Ingredient.post_process_name'],20
DevEval,Utilities/sacred,19,10,4,0.25,0.25,['sacred.utils.format_filtered_stacktrace'],10
DevEval,Utilities/sacred,19,15,4,0.25,0.25,['sacred.utils.format_filtered_stacktrace'],15
DevEval,Utilities/sacred,19,20,4,0.25,0.25,['sacred.utils.format_filtered_stacktrace'],20
DevEval,Utilities/sacred,20,10,2,0.5,0.5,['sacred.utils.join_paths'],10
DevEval,Utilities/sacred,20,15,2,0.5,0.5,['sacred.utils.join_paths'],15
DevEval,Utilities/sacred,20,20,2,0.5,0.5,['sacred.utils.join_paths'],20
DevEval,Utilities/sacred,21,10,3,0.3333333333333333,0.3333333333333333,['sacred.ingredient.Ingredient._add_named_config'],10
DevEval,Utilities/sacred,21,15,3,0.3333333333333333,0.3333333333333333,['sacred.ingredient.Ingredient._add_named_config'],15
DevEval,Utilities/sacred,21,20,3,0.3333333333333333,0.3333333333333333,['sacred.ingredient.Ingredient._add_named_config'],20
DevEval,Utilities/sacred,22,10,1,0.0,0.0,[],10
DevEval,Utilities/sacred,22,15,1,0.0,0.0,[],15
DevEval,Utilities/sacred,22,20,1,0.0,0.0,[],20
DevEval,Utilities/sacred,23,10,4,0.5,0.25,"['sacred.ingredient.Ingredient.named_configs', 'sacred.ingredient.Ingredient.traverse_ingredients']",10
DevEval,Utilities/sacred,23,15,4,0.5,0.25,"['sacred.ingredient.Ingredient.named_configs', 'sacred.ingredient.Ingredient.traverse_ingredients']",15
DevEval,Utilities/sacred,23,20,4,0.5,0.25,"['sacred.ingredient.Ingredient.named_configs', 'sacred.ingredient.Ingredient.traverse_ingredients']",20
DevEval,Utilities/sacred,24,10,2,1.0,1.0,"['sacred.utils.iterate_flattened', 'sacred.utils.set_by_dotted_path']",10
DevEval,Utilities/sacred,24,15,2,1.0,1.0,"['sacred.utils.iterate_flattened', 'sacred.utils.set_by_dotted_path']",15
DevEval,Utilities/sacred,24,20,2,1.0,1.0,"['sacred.utils.iterate_flattened', 'sacred.utils.set_by_dotted_path']",20
DevEval,Utilities/sacred,25,10,4,0.25,0.25,['sacred.utils.is_non_empty_dict'],10
DevEval,Utilities/sacred,25,15,4,0.25,0.25,['sacred.utils.is_non_empty_dict'],15
DevEval,Utilities/sacred,25,20,4,0.25,0.25,['sacred.utils.is_non_empty_dict'],16
DevEval,Utilities/sacred,26,10,1,0.0,0.0,[],10
DevEval,Utilities/sacred,26,15,1,0.0,0.0,[],15
DevEval,Utilities/sacred,26,20,1,0.0,0.0,[],17
DevEval,Utilities/sacred,27,10,1,1.0,1.0,['sacred.config.signature.Signature._get_expected_args'],10
DevEval,Utilities/sacred,27,15,1,1.0,1.0,['sacred.config.signature.Signature._get_expected_args'],15
DevEval,Utilities/sacred,27,20,1,1.0,1.0,['sacred.config.signature.Signature._get_expected_args'],18
DevEval,Utilities/sacred,28,10,2,0.0,0.0,[],10
DevEval,Utilities/sacred,28,15,2,0.0,0.0,[],15
DevEval,Utilities/sacred,28,20,2,0.5,0.5,['sacred.dependencies.PackageDependency.__init__'],20
DevEval,Utilities/sacred,29,10,2,0.0,0.0,[],10
DevEval,Utilities/sacred,29,15,2,0.0,0.0,[],15
DevEval,Utilities/sacred,29,20,2,0.5,0.0,['sacred.dependencies.Source.filename'],20
DevEval,Utilities/sacred,30,10,1,1.0,1.0,['sacred.utils.is_prefix'],10
DevEval,Utilities/sacred,30,15,1,1.0,1.0,['sacred.utils.is_prefix'],15
DevEval,Utilities/sacred,30,20,1,1.0,1.0,['sacred.utils.is_prefix'],16
DevEval,Utilities/sacred,31,10,3,0.3333333333333333,0.3333333333333333,['sacred.config.config_files.get_handler'],10
DevEval,Utilities/sacred,31,15,3,0.3333333333333333,0.3333333333333333,['sacred.config.config_files.get_handler'],15
DevEval,Utilities/sacred,31,20,3,0.3333333333333333,0.3333333333333333,['sacred.config.config_files.get_handler'],20
DevEval,Utilities/sacred,32,10,5,0.0,0.0,[],10
DevEval,Utilities/sacred,32,15,5,0.0,0.0,[],15
DevEval,Utilities/sacred,32,20,5,0.2,0.2,['sacred.config.custom_containers.ReadOnlyList'],20
DevEval,Utilities/sacred,33,10,1,1.0,1.0,['sacred.dependencies.convert_path_to_module_parts'],10
DevEval,Utilities/sacred,33,15,1,1.0,1.0,['sacred.dependencies.convert_path_to_module_parts'],15
DevEval,Utilities/sacred,33,20,1,1.0,1.0,['sacred.dependencies.convert_path_to_module_parts'],20
DevEval,Utilities/sacred,34,10,2,0.5,0.5,['sacred.serializer.restore'],10
DevEval,Utilities/sacred,34,15,2,0.5,0.5,['sacred.serializer.restore'],15
DevEval,Utilities/sacred,34,20,2,0.5,0.5,['sacred.serializer.restore'],16
DevEval,Utilities/sacred,35,10,6,1.0,1.0,"['sacred.config.signature.Signature._assert_no_duplicate_args', 'sacred.config.signature.Signature._assert_no_missing_args', 'sacred.config.signature.Signature._assert_no_unexpected_args', 'sacred.config.signature.Signature._assert_no_unexpected_kwargs', 'sacred.config.signature.Signature._fill_in_options', 'sacred.config.signature.Signature._get_expected_args']",10
DevEval,Utilities/sacred,35,15,6,1.0,1.0,"['sacred.config.signature.Signature._assert_no_duplicate_args', 'sacred.config.signature.Signature._assert_no_missing_args', 'sacred.config.signature.Signature._assert_no_unexpected_args', 'sacred.config.signature.Signature._assert_no_unexpected_kwargs', 'sacred.config.signature.Signature._fill_in_options', 'sacred.config.signature.Signature._get_expected_args']",15
DevEval,Utilities/sacred,35,20,6,1.0,1.0,"['sacred.config.signature.Signature._assert_no_duplicate_args', 'sacred.config.signature.Signature._assert_no_missing_args', 'sacred.config.signature.Signature._assert_no_unexpected_args', 'sacred.config.signature.Signature._assert_no_unexpected_kwargs', 'sacred.config.signature.Signature._fill_in_options', 'sacred.config.signature.Signature._get_expected_args']",20
DevEval,Utilities/sacred,36,10,4,0.5,0.25,"['sacred.config.custom_containers.DogmaticDict.fixed', 'sacred.config.custom_containers.DogmaticList']",10
DevEval,Utilities/sacred,36,15,4,0.5,0.25,"['sacred.config.custom_containers.DogmaticDict.fixed', 'sacred.config.custom_containers.DogmaticList']",15
DevEval,Utilities/sacred,36,20,4,0.5,0.25,"['sacred.config.custom_containers.DogmaticDict.fixed', 'sacred.config.custom_containers.DogmaticList']",17
DevEval,Utilities/sacred,37,10,1,1.0,1.0,['sacred.utils.parse_version'],10
DevEval,Utilities/sacred,37,15,1,1.0,1.0,['sacred.utils.parse_version'],10
DevEval,Utilities/sacred,37,20,1,1.0,1.0,['sacred.utils.parse_version'],10
DevEval,Utilities/sacred,38,10,4,0.75,0.75,"['sacred.dependencies.get_commit_if_possible', 'sacred.dependencies.get_digest', 'sacred.dependencies.get_py_file_if_possible']",10
DevEval,Utilities/sacred,38,15,4,0.75,0.75,"['sacred.dependencies.get_commit_if_possible', 'sacred.dependencies.get_digest', 'sacred.dependencies.get_py_file_if_possible']",15
DevEval,Utilities/sacred,38,20,4,0.75,0.75,"['sacred.dependencies.get_commit_if_possible', 'sacred.dependencies.get_digest', 'sacred.dependencies.get_py_file_if_possible']",17
DevEval,Utilities/sacred,39,10,3,0.0,0.0,[],10
DevEval,Utilities/sacred,39,15,3,0.0,0.0,[],15
DevEval,Utilities/sacred,39,20,3,0.0,0.0,[],20
DevEval,Utilities/sacred,40,10,3,0.3333333333333333,0.3333333333333333,['sacred.ingredient.Ingredient.capture'],10
DevEval,Utilities/sacred,40,15,3,0.3333333333333333,0.3333333333333333,['sacred.ingredient.Ingredient.capture'],15
DevEval,Utilities/sacred,40,20,3,0.3333333333333333,0.3333333333333333,['sacred.ingredient.Ingredient.capture'],20
DevEval,Utilities/sacred,41,10,8,0.25,0.25,"['sacred.dependencies.PackageDependency.create', 'sacred.dependencies.get_main_file']",10
DevEval,Utilities/sacred,41,15,8,0.25,0.25,"['sacred.dependencies.PackageDependency.create', 'sacred.dependencies.get_main_file']",15
DevEval,Utilities/sacred,41,20,8,0.375,0.375,"['sacred.dependencies.PackageDependency', 'sacred.dependencies.PackageDependency.create', 'sacred.dependencies.get_main_file']",20
DevEval,Utilities/sacred,42,10,2,0.5,0.5,['sacred.experiment.Experiment._create_run'],10
DevEval,Utilities/sacred,42,15,2,0.5,0.5,['sacred.experiment.Experiment._create_run'],15
DevEval,Utilities/sacred,42,20,2,0.5,0.5,['sacred.experiment.Experiment._create_run'],20
DevEval,Utilities/sacred,43,10,1,1.0,1.0,['sacred.utils.join_paths'],10
DevEval,Utilities/sacred,43,15,1,1.0,1.0,['sacred.utils.join_paths'],15
DevEval,Utilities/sacred,43,20,1,1.0,1.0,['sacred.utils.join_paths'],20
DevEval,Utilities/sacred,44,10,4,0.75,0.5,"['sacred.observers.file_storage.FileStorageObserver.find_or_save', 'sacred.observers.file_storage.FileStorageObserver.run_entry', 'sacred.observers.file_storage.FileStorageObserver.save_json']",10
DevEval,Utilities/sacred,44,15,4,0.75,0.5,"['sacred.observers.file_storage.FileStorageObserver.find_or_save', 'sacred.observers.file_storage.FileStorageObserver.run_entry', 'sacred.observers.file_storage.FileStorageObserver.save_json']",15
DevEval,Utilities/sacred,44,20,4,0.75,0.5,"['sacred.observers.file_storage.FileStorageObserver.find_or_save', 'sacred.observers.file_storage.FileStorageObserver.run_entry', 'sacred.observers.file_storage.FileStorageObserver.save_json']",17
DevEval,Utilities/stellar,2,10,2,0.0,0.0,[],10
DevEval,Utilities/stellar,2,15,2,0.0,0.0,[],15
DevEval,Utilities/stellar,2,20,2,0.0,0.0,[],20
DevEval,Utilities/whereami,1,10,2,1.0,1.0,"['whereami.get_data.get_train_data', 'whereami.pipeline.get_model']",10
DevEval,Utilities/whereami,1,15,2,1.0,1.0,"['whereami.get_data.get_train_data', 'whereami.pipeline.get_model']",15
DevEval,Utilities/whereami,1,20,2,1.0,1.0,"['whereami.get_data.get_train_data', 'whereami.pipeline.get_model']",20
EvoCodeBench,litdata,8,10,4,0.0,0.0,[],10
EvoCodeBench,litdata,8,15,4,0.0,0.0,[],15
EvoCodeBench,litdata,8,20,4,0.0,0.0,[],20
EvoCodeBench,litdata,9,10,13,0.6923076923076923,0.07692307692307693,"['litdata.streaming.dataset.StreamingDataset._state_dict', 'litdata.streaming.dataset.StreamingDataset.current_epoch', 'litdata.streaming.dataset.StreamingDataset.distributed_env', 'litdata.streaming.dataset.StreamingDataset.drop_last', 'litdata.streaming.dataset.StreamingDataset.input_dir', 'litdata.streaming.dataset.StreamingDataset.item_loader', 'litdata.streaming.dataset.StreamingDataset.seed', 'litdata.streaming.dataset.StreamingDataset.shuffle', 'litdata.utilities.env._is_in_dataloader_worker']",10
EvoCodeBench,litdata,9,15,13,0.6923076923076923,0.07692307692307693,"['litdata.streaming.dataset.StreamingDataset._state_dict', 'litdata.streaming.dataset.StreamingDataset.current_epoch', 'litdata.streaming.dataset.StreamingDataset.distributed_env', 'litdata.streaming.dataset.StreamingDataset.drop_last', 'litdata.streaming.dataset.StreamingDataset.input_dir', 'litdata.streaming.dataset.StreamingDataset.item_loader', 'litdata.streaming.dataset.StreamingDataset.seed', 'litdata.streaming.dataset.StreamingDataset.shuffle', 'litdata.utilities.env._is_in_dataloader_worker']",15
EvoCodeBench,litdata,9,20,13,0.6923076923076923,0.07692307692307693,"['litdata.streaming.dataset.StreamingDataset._state_dict', 'litdata.streaming.dataset.StreamingDataset.current_epoch', 'litdata.streaming.dataset.StreamingDataset.distributed_env', 'litdata.streaming.dataset.StreamingDataset.drop_last', 'litdata.streaming.dataset.StreamingDataset.input_dir', 'litdata.streaming.dataset.StreamingDataset.item_loader', 'litdata.streaming.dataset.StreamingDataset.seed', 'litdata.streaming.dataset.StreamingDataset.shuffle', 'litdata.utilities.env._is_in_dataloader_worker']",20
EvoCodeBench,litdata,10,10,1,1.0,0.0,['litdata.streaming.dataset.StreamingDataset._state_dict'],10
EvoCodeBench,litdata,10,15,1,1.0,0.0,['litdata.streaming.dataset.StreamingDataset._state_dict'],15
EvoCodeBench,litdata,10,20,1,1.0,0.0,['litdata.streaming.dataset.StreamingDataset._state_dict'],20
EvoCodeBench,litdata,11,10,14,0.6428571428571429,0.14285714285714285,"['litdata.streaming.dataset.StreamingDataset._state_dict', 'litdata.streaming.dataset.StreamingDataset.drop_last', 'litdata.streaming.dataset.StreamingDataset.input_dir', 'litdata.streaming.dataset.StreamingDataset.item_loader', 'litdata.streaming.dataset.StreamingDataset.seed', 'litdata.streaming.dataset.StreamingDataset.shuffle', 'litdata.streaming.dataset.StreamingDataset.worker_env', 'litdata.streaming.dataset._should_replace_path', 'litdata.streaming.dataset._try_create_cache_dir']",10
EvoCodeBench,litdata,11,15,14,0.7142857142857143,0.14285714285714285,"['litdata.streaming.dataset.StreamingDataset._state_dict', 'litdata.streaming.dataset.StreamingDataset.cache', 'litdata.streaming.dataset.StreamingDataset.drop_last', 'litdata.streaming.dataset.StreamingDataset.input_dir', 'litdata.streaming.dataset.StreamingDataset.item_loader', 'litdata.streaming.dataset.StreamingDataset.seed', 'litdata.streaming.dataset.StreamingDataset.shuffle', 'litdata.streaming.dataset.StreamingDataset.worker_env', 'litdata.streaming.dataset._should_replace_path', 'litdata.streaming.dataset._try_create_cache_dir']",15
EvoCodeBench,litdata,11,20,14,0.7142857142857143,0.14285714285714285,"['litdata.streaming.dataset.StreamingDataset._state_dict', 'litdata.streaming.dataset.StreamingDataset.cache', 'litdata.streaming.dataset.StreamingDataset.drop_last', 'litdata.streaming.dataset.StreamingDataset.input_dir', 'litdata.streaming.dataset.StreamingDataset.item_loader', 'litdata.streaming.dataset.StreamingDataset.seed', 'litdata.streaming.dataset.StreamingDataset.shuffle', 'litdata.streaming.dataset.StreamingDataset.worker_env', 'litdata.streaming.dataset._should_replace_path', 'litdata.streaming.dataset._try_create_cache_dir']",20
EvoCodeBench,litdata,12,10,1,0.0,0.0,[],10
EvoCodeBench,litdata,12,15,1,0.0,0.0,[],15
EvoCodeBench,litdata,12,20,1,0.0,0.0,[],20
EvoCodeBench,litdata,13,10,4,0.25,0.25,['litdata.streaming.client.S3Client.client'],10
EvoCodeBench,litdata,13,15,4,0.25,0.25,['litdata.streaming.client.S3Client.client'],15
EvoCodeBench,litdata,13,20,4,0.25,0.25,['litdata.streaming.client.S3Client.client'],18
EvoCodeBench,litdata,14,10,2,0.0,0.0,[],10
EvoCodeBench,litdata,14,15,2,0.0,0.0,[],15
EvoCodeBench,litdata,14,20,2,0.0,0.0,[],20
EvoCodeBench,litdata,15,10,2,1.0,1.0,"['litdata.streaming.downloader.LocalDownloader', 'litdata.streaming.downloader.LocalDownloader.download_file']",10
EvoCodeBench,litdata,15,15,2,1.0,1.0,"['litdata.streaming.downloader.LocalDownloader', 'litdata.streaming.downloader.LocalDownloader.download_file']",14
EvoCodeBench,litdata,15,20,2,1.0,1.0,"['litdata.streaming.downloader.LocalDownloader', 'litdata.streaming.downloader.LocalDownloader.download_file']",14
EvoCodeBench,litdata,16,10,1,0.0,0.0,[],10
EvoCodeBench,litdata,16,15,1,0.0,0.0,[],15
EvoCodeBench,litdata,16,20,1,0.0,0.0,[],20
EvoCodeBench,litdata,17,10,3,0.0,0.0,[],10
EvoCodeBench,litdata,17,15,3,0.0,0.0,[],15
EvoCodeBench,litdata,17,20,3,0.0,0.0,[],20
EvoCodeBench,litdata,18,10,1,0.0,0.0,[],10
EvoCodeBench,litdata,18,15,1,0.0,0.0,[],15
EvoCodeBench,litdata,18,20,1,0.0,0.0,[],20
EvoCodeBench,litdata,19,10,1,1.0,0.0,['litdata.constants._TORCH_DTYPES_MAPPING'],10
EvoCodeBench,litdata,19,15,1,1.0,0.0,['litdata.constants._TORCH_DTYPES_MAPPING'],13
EvoCodeBench,litdata,19,20,1,1.0,0.0,['litdata.constants._TORCH_DTYPES_MAPPING'],13
EvoCodeBench,litdata,20,10,1,0.0,0.0,[],10
EvoCodeBench,litdata,20,15,1,0.0,0.0,[],13
EvoCodeBench,litdata,20,20,1,0.0,0.0,[],13
EvoCodeBench,litdata,21,10,4,0.75,0.5,"['litdata.streaming.serializers.PILSerializer', 'litdata.streaming.serializers.PILSerializer.deserialize', 'litdata.streaming.serializers._TORCH_VISION_AVAILABLE']",10
EvoCodeBench,litdata,21,15,4,0.75,0.5,"['litdata.streaming.serializers.PILSerializer', 'litdata.streaming.serializers.PILSerializer.deserialize', 'litdata.streaming.serializers._TORCH_VISION_AVAILABLE']",15
EvoCodeBench,litdata,21,20,4,0.75,0.5,"['litdata.streaming.serializers.PILSerializer', 'litdata.streaming.serializers.PILSerializer.deserialize', 'litdata.streaming.serializers._TORCH_VISION_AVAILABLE']",20
EvoCodeBench,litdata,22,10,1,0.0,0.0,[],10
EvoCodeBench,litdata,22,15,1,0.0,0.0,[],13
EvoCodeBench,litdata,22,20,1,0.0,0.0,[],13
EvoCodeBench,litdata,23,10,1,1.0,0.0,['litdata.streaming.serializers.NoHeaderTensorSerializer._dtype'],10
EvoCodeBench,litdata,23,15,1,1.0,0.0,['litdata.streaming.serializers.NoHeaderTensorSerializer._dtype'],13
EvoCodeBench,litdata,23,20,1,1.0,0.0,['litdata.streaming.serializers.NoHeaderTensorSerializer._dtype'],13
EvoCodeBench,litdata,24,10,1,0.0,0.0,[],10
EvoCodeBench,litdata,24,15,1,0.0,0.0,[],15
EvoCodeBench,litdata,24,20,1,0.0,0.0,[],20
EvoCodeBench,litdata,25,10,1,1.0,0.0,['litdata.streaming.serializers.NoHeaderNumpySerializer._dtype'],10
EvoCodeBench,litdata,25,15,1,1.0,0.0,['litdata.streaming.serializers.NoHeaderNumpySerializer._dtype'],15
EvoCodeBench,litdata,25,20,1,1.0,0.0,['litdata.streaming.serializers.NoHeaderNumpySerializer._dtype'],20
EvoCodeBench,litdata,26,10,1,0.0,0.0,[],10
EvoCodeBench,litdata,26,15,1,0.0,0.0,[],15
EvoCodeBench,litdata,26,20,1,0.0,0.0,[],20
EvoCodeBench,litdata,27,10,1,0.0,0.0,[],10
EvoCodeBench,litdata,27,15,1,0.0,0.0,[],15
EvoCodeBench,litdata,27,20,1,0.0,0.0,[],20
EvoCodeBench,litdata,28,10,8,0.875,0.0,"['litdata.streaming.dataloader.StreamingDataLoader._latest_worker_idx', 'litdata.streaming.dataloader.StreamingDataLoader._num_samples_yielded_combined', 'litdata.streaming.dataloader.StreamingDataLoader._num_samples_yielded_streaming', 'litdata.streaming.dataloader.StreamingDataLoader.batch_size', 'litdata.streaming.dataloader.StreamingDataLoader.current_epoch', 'litdata.streaming.dataloader.StreamingDataLoader.num_workers', 'litdata.streaming.dataloader.StreamingDataLoader.restore']",10
EvoCodeBench,litdata,28,15,8,0.875,0.0,"['litdata.streaming.dataloader.StreamingDataLoader._latest_worker_idx', 'litdata.streaming.dataloader.StreamingDataLoader._num_samples_yielded_combined', 'litdata.streaming.dataloader.StreamingDataLoader._num_samples_yielded_streaming', 'litdata.streaming.dataloader.StreamingDataLoader.batch_size', 'litdata.streaming.dataloader.StreamingDataLoader.current_epoch', 'litdata.streaming.dataloader.StreamingDataLoader.num_workers', 'litdata.streaming.dataloader.StreamingDataLoader.restore']",15
EvoCodeBench,litdata,28,20,8,1.0,0.125,"['litdata.streaming.dataloader.StreamingDataLoader._latest_worker_idx', 'litdata.streaming.dataloader.StreamingDataLoader._num_samples_yielded_combined', 'litdata.streaming.dataloader.StreamingDataLoader._num_samples_yielded_streaming', 'litdata.streaming.dataloader.StreamingDataLoader.batch_size', 'litdata.streaming.dataloader.StreamingDataLoader.current_epoch', 'litdata.streaming.dataloader.StreamingDataLoader.num_workers', 'litdata.streaming.dataloader.StreamingDataLoader.restore', 'litdata.streaming.dataset.StreamingDataset']",20
EvoCodeBench,litdata,29,10,2,0.5,0.0,['litdata.streaming.serializers._TORCH_VISION_AVAILABLE'],10
EvoCodeBench,litdata,29,15,2,0.5,0.0,['litdata.streaming.serializers._TORCH_VISION_AVAILABLE'],15
EvoCodeBench,litdata,29,20,2,0.5,0.0,['litdata.streaming.serializers._TORCH_VISION_AVAILABLE'],20
EvoCodeBench,litdata,30,10,6,0.6666666666666666,0.5,"['litdata.streaming.writer.BinaryWriter._serialized_items', 'litdata.streaming.writer.BinaryWriter._should_write', 'litdata.streaming.writer.BinaryWriter.write_chunk', 'litdata.streaming.writer.BinaryWriter.write_chunks_index']",10
EvoCodeBench,litdata,30,15,6,0.6666666666666666,0.5,"['litdata.streaming.writer.BinaryWriter._serialized_items', 'litdata.streaming.writer.BinaryWriter._should_write', 'litdata.streaming.writer.BinaryWriter.write_chunk', 'litdata.streaming.writer.BinaryWriter.write_chunks_index']",15
EvoCodeBench,litdata,30,20,6,0.6666666666666666,0.5,"['litdata.streaming.writer.BinaryWriter._serialized_items', 'litdata.streaming.writer.BinaryWriter._should_write', 'litdata.streaming.writer.BinaryWriter.write_chunk', 'litdata.streaming.writer.BinaryWriter.write_chunks_index']",20
EvoCodeBench,litdata,31,10,9,0.7777777777777778,0.0,"['litdata.streaming.dataloader.StreamingDataLoader._latest_worker_idx', 'litdata.streaming.dataloader.StreamingDataLoader._num_samples_yielded_combined', 'litdata.streaming.dataloader.StreamingDataLoader._num_samples_yielded_streaming', 'litdata.streaming.dataloader.StreamingDataLoader._worker_idx', 'litdata.streaming.dataloader.StreamingDataLoader._worker_idx_iter', 'litdata.streaming.dataloader.StreamingDataLoader.current_epoch', 'litdata.streaming.dataloader.StreamingDataLoader.restore']",10
EvoCodeBench,litdata,31,15,9,0.8888888888888888,0.1111111111111111,"['litdata.streaming.combined.CombinedStreamingDataset', 'litdata.streaming.dataloader.StreamingDataLoader._latest_worker_idx', 'litdata.streaming.dataloader.StreamingDataLoader._num_samples_yielded_combined', 'litdata.streaming.dataloader.StreamingDataLoader._num_samples_yielded_streaming', 'litdata.streaming.dataloader.StreamingDataLoader._worker_idx', 'litdata.streaming.dataloader.StreamingDataLoader._worker_idx_iter', 'litdata.streaming.dataloader.StreamingDataLoader.current_epoch', 'litdata.streaming.dataloader.StreamingDataLoader.restore']",15
EvoCodeBench,litdata,31,20,9,1.0,0.2222222222222222,"['litdata.streaming.combined.CombinedStreamingDataset', 'litdata.streaming.dataloader.StreamingDataLoader._latest_worker_idx', 'litdata.streaming.dataloader.StreamingDataLoader._num_samples_yielded_combined', 'litdata.streaming.dataloader.StreamingDataLoader._num_samples_yielded_streaming', 'litdata.streaming.dataloader.StreamingDataLoader._worker_idx', 'litdata.streaming.dataloader.StreamingDataLoader._worker_idx_iter', 'litdata.streaming.dataloader.StreamingDataLoader.current_epoch', 'litdata.streaming.dataloader.StreamingDataLoader.restore', 'litdata.streaming.dataset.StreamingDataset']",16
EvoCodeBench,litdata,32,10,4,0.5,0.5,"['litdata.streaming.combined._CombinedDatasetIterator.state_dict', 'litdata.streaming.combined._state_dict']",10
EvoCodeBench,litdata,32,15,4,0.5,0.5,"['litdata.streaming.combined._CombinedDatasetIterator.state_dict', 'litdata.streaming.combined._state_dict']",15
EvoCodeBench,litdata,32,20,4,0.5,0.5,"['litdata.streaming.combined._CombinedDatasetIterator.state_dict', 'litdata.streaming.combined._state_dict']",15
EvoCodeBench,litdata,33,10,3,0.3333333333333333,0.0,['litdata.streaming.combined.CombinedStreamingDataset._datasets'],10
EvoCodeBench,litdata,33,15,3,0.3333333333333333,0.0,['litdata.streaming.combined.CombinedStreamingDataset._datasets'],15
EvoCodeBench,litdata,33,20,3,0.3333333333333333,0.0,['litdata.streaming.combined.CombinedStreamingDataset._datasets'],20
EvoCodeBench,litdata,34,10,5,0.6,0.6,"['litdata.streaming.resolver._resolve_datasets', 'litdata.streaming.resolver._resolve_studio', 'litdata.streaming.resolver._resolve_time_template']",10
EvoCodeBench,litdata,34,15,5,0.6,0.6,"['litdata.streaming.resolver._resolve_datasets', 'litdata.streaming.resolver._resolve_studio', 'litdata.streaming.resolver._resolve_time_template']",15
EvoCodeBench,litdata,34,20,5,0.6,0.6,"['litdata.streaming.resolver._resolve_datasets', 'litdata.streaming.resolver._resolve_studio', 'litdata.streaming.resolver._resolve_time_template']",20
EvoCodeBench,litdata,35,10,3,0.0,0.0,[],10
EvoCodeBench,litdata,35,15,3,0.0,0.0,[],15
EvoCodeBench,litdata,35,20,3,0.0,0.0,[],20
EvoCodeBench,litdata,36,10,3,0.0,0.0,[],10
EvoCodeBench,litdata,36,15,3,0.0,0.0,[],15
EvoCodeBench,litdata,36,20,3,0.0,0.0,[],20
EvoCodeBench,litdata,37,10,6,0.3333333333333333,0.16666666666666666,"['litdata.streaming.writer.BinaryWriter._cache_dir', 'litdata.streaming.writer.BinaryWriter._merge_no_wait']",10
EvoCodeBench,litdata,37,15,6,0.3333333333333333,0.16666666666666666,"['litdata.streaming.writer.BinaryWriter._cache_dir', 'litdata.streaming.writer.BinaryWriter._merge_no_wait']",12
EvoCodeBench,litdata,37,20,6,0.3333333333333333,0.16666666666666666,"['litdata.streaming.writer.BinaryWriter._cache_dir', 'litdata.streaming.writer.BinaryWriter._merge_no_wait']",12
EvoCodeBench,litdata,38,10,2,0.0,0.0,[],10
EvoCodeBench,litdata,38,15,2,0.0,0.0,[],15
EvoCodeBench,litdata,38,20,2,0.0,0.0,[],19
EvoCodeBench,litdata,39,10,1,1.0,0.0,['litdata.streaming.reader.PrepareChunksThread._to_delete_queue'],10
EvoCodeBench,litdata,39,15,1,1.0,0.0,['litdata.streaming.reader.PrepareChunksThread._to_delete_queue'],14
EvoCodeBench,litdata,39,20,1,1.0,0.0,['litdata.streaming.reader.PrepareChunksThread._to_delete_queue'],14
EvoCodeBench,litdata,40,10,7,0.2857142857142857,0.0,"['litdata.streaming.reader.BinaryReader._config', 'litdata.streaming.reader.BinaryReader._item_loader']",10
EvoCodeBench,litdata,40,15,7,0.2857142857142857,0.0,"['litdata.streaming.reader.BinaryReader._config', 'litdata.streaming.reader.BinaryReader._item_loader']",15
EvoCodeBench,litdata,40,20,7,0.42857142857142855,0.14285714285714285,"['litdata.streaming.config.ChunksConfig', 'litdata.streaming.reader.BinaryReader._config', 'litdata.streaming.reader.BinaryReader._item_loader']",20
EvoCodeBench,litdata,41,10,1,1.0,0.0,['litdata.streaming.reader.PrepareChunksThread._to_download_queue'],10
EvoCodeBench,litdata,41,15,1,1.0,0.0,['litdata.streaming.reader.PrepareChunksThread._to_download_queue'],15
EvoCodeBench,litdata,41,20,1,1.0,0.0,['litdata.streaming.reader.PrepareChunksThread._to_download_queue'],20
EvoCodeBench,litdata,42,10,2,0.5,0.0,['litdata.streaming.reader.BinaryReader._config'],10
EvoCodeBench,litdata,42,15,2,0.5,0.0,['litdata.streaming.reader.BinaryReader._config'],15
EvoCodeBench,litdata,42,20,2,1.0,0.5,"['litdata.streaming.config.ChunksConfig', 'litdata.streaming.reader.BinaryReader._config']",20
EvoCodeBench,litdata,43,10,19,0.2631578947368421,0.15789473684210525,"['litdata.streaming.reader.BinaryReader._config', 'litdata.streaming.reader.BinaryReader._item_loader', 'litdata.streaming.reader.BinaryReader._try_load_config', 'litdata.streaming.reader.BinaryReader.config', 'litdata.streaming.reader.PrepareChunksThread.download']",10
EvoCodeBench,litdata,43,15,19,0.2631578947368421,0.15789473684210525,"['litdata.streaming.reader.BinaryReader._config', 'litdata.streaming.reader.BinaryReader._item_loader', 'litdata.streaming.reader.BinaryReader._try_load_config', 'litdata.streaming.reader.BinaryReader.config', 'litdata.streaming.reader.PrepareChunksThread.download']",15
EvoCodeBench,litdata,43,20,19,0.2631578947368421,0.15789473684210525,"['litdata.streaming.reader.BinaryReader._config', 'litdata.streaming.reader.BinaryReader._item_loader', 'litdata.streaming.reader.BinaryReader._try_load_config', 'litdata.streaming.reader.BinaryReader.config', 'litdata.streaming.reader.PrepareChunksThread.download']",20
EvoCodeBench,litdata,44,10,3,0.6666666666666666,0.6666666666666666,"['litdata.utilities.broadcast._ImmutableDistributedMap', 'litdata.utilities.broadcast._ImmutableDistributedMap.set_and_get']",10
EvoCodeBench,litdata,44,15,3,0.6666666666666666,0.6666666666666666,"['litdata.utilities.broadcast._ImmutableDistributedMap', 'litdata.utilities.broadcast._ImmutableDistributedMap.set_and_get']",15
EvoCodeBench,litdata,44,20,3,0.6666666666666666,0.6666666666666666,"['litdata.utilities.broadcast._ImmutableDistributedMap', 'litdata.utilities.broadcast._ImmutableDistributedMap.set_and_get']",20
EvoCodeBench,litdata,45,10,3,0.0,0.0,[],10
EvoCodeBench,litdata,45,15,3,0.0,0.0,[],15
EvoCodeBench,litdata,45,20,3,0.0,0.0,[],19
EvoCodeBench,litdata,46,10,1,1.0,1.0,['litdata.processing.functions._get_indexed_paths'],10
EvoCodeBench,litdata,46,15,1,1.0,1.0,['litdata.processing.functions._get_indexed_paths'],15
EvoCodeBench,litdata,46,20,1,1.0,1.0,['litdata.processing.functions._get_indexed_paths'],20
EvoCodeBench,litdata,47,10,1,1.0,1.0,['litdata.processing.utilities.optimize_dns'],10
EvoCodeBench,litdata,47,15,1,1.0,1.0,['litdata.processing.utilities.optimize_dns'],10
EvoCodeBench,litdata,47,20,1,1.0,1.0,['litdata.processing.utilities.optimize_dns'],10
EvoCodeBench,litdata,48,10,2,0.0,0.0,[],10
EvoCodeBench,litdata,48,15,2,0.0,0.0,[],15
EvoCodeBench,litdata,48,20,2,0.0,0.0,[],20
EvoCodeBench,litdata,49,10,5,0.4,0.2,"['litdata.processing.functions.LambdaDataTransformRecipe._device', 'litdata.processing.functions.LambdaDataTransformRecipe._find_device']",10
EvoCodeBench,litdata,49,15,5,0.4,0.2,"['litdata.processing.functions.LambdaDataTransformRecipe._device', 'litdata.processing.functions.LambdaDataTransformRecipe._find_device']",15
EvoCodeBench,litdata,49,20,5,0.4,0.2,"['litdata.processing.functions.LambdaDataTransformRecipe._device', 'litdata.processing.functions.LambdaDataTransformRecipe._find_device']",20
EvoCodeBench,litdata,50,10,2,0.5,0.5,['litdata.streaming.client.S3Client.client'],10
EvoCodeBench,litdata,50,15,2,0.5,0.5,['litdata.streaming.client.S3Client.client'],15
EvoCodeBench,litdata,50,20,2,1.0,1.0,"['litdata.streaming.client.S3Client', 'litdata.streaming.client.S3Client.client']",20
EvoCodeBench,litdata,51,10,16,0.4375,0.375,"['litdata.constants._IS_IN_STUDIO', 'litdata.processing.data_processor.DataProcessor.run', 'litdata.processing.functions.LambdaDataChunkRecipe.__init__', 'litdata.processing.functions._get_input_dir', 'litdata.processing.utilities.optimize_dns_context', 'litdata.streaming.resolver._execute', 'litdata.streaming.resolver._resolve_dir']",10
EvoCodeBench,litdata,51,15,16,0.5625,0.5,"['litdata.constants._IS_IN_STUDIO', 'litdata.processing.data_processor.DataProcessor.run', 'litdata.processing.functions.LambdaDataChunkRecipe.__init__', 'litdata.processing.functions._get_default_num_workers', 'litdata.processing.functions._get_input_dir', 'litdata.processing.utilities.optimize_dns_context', 'litdata.streaming.resolver._assert_dir_has_index_file', 'litdata.streaming.resolver._execute', 'litdata.streaming.resolver._resolve_dir']",15
EvoCodeBench,litdata,51,20,16,0.6875,0.625,"['litdata.constants._IS_IN_STUDIO', 'litdata.processing.data_processor.DataProcessor', 'litdata.processing.data_processor.DataProcessor.run', 'litdata.processing.functions.LambdaDataChunkRecipe', 'litdata.processing.functions.LambdaDataChunkRecipe.__init__', 'litdata.processing.functions._get_default_num_workers', 'litdata.processing.functions._get_input_dir', 'litdata.processing.utilities.optimize_dns_context', 'litdata.streaming.resolver._assert_dir_has_index_file', 'litdata.streaming.resolver._execute', 'litdata.streaming.resolver._resolve_dir']",20
EvoCodeBench,litdata,52,10,16,0.375,0.3125,"['litdata.constants._IS_IN_STUDIO', 'litdata.processing.data_processor.DataProcessor.run', 'litdata.processing.functions._get_default_num_workers', 'litdata.processing.functions._get_input_dir', 'litdata.streaming.resolver._execute', 'litdata.streaming.resolver._resolve_dir']",10
EvoCodeBench,litdata,52,15,16,0.5,0.4375,"['litdata.constants._IS_IN_STUDIO', 'litdata.processing.data_processor.DataProcessor.run', 'litdata.processing.functions._get_default_num_workers', 'litdata.processing.functions._get_input_dir', 'litdata.processing.utilities.optimize_dns_context', 'litdata.streaming.resolver._assert_dir_is_empty', 'litdata.streaming.resolver._execute', 'litdata.streaming.resolver._resolve_dir']",15
EvoCodeBench,litdata,52,20,16,0.625,0.5625,"['litdata.constants._IS_IN_STUDIO', 'litdata.processing.data_processor.DataProcessor', 'litdata.processing.data_processor.DataProcessor.run', 'litdata.processing.functions._get_default_num_workers', 'litdata.processing.functions._get_input_dir', 'litdata.processing.utilities.optimize_dns_context', 'litdata.streaming.dataloader.StreamingDataLoader', 'litdata.streaming.resolver._assert_dir_is_empty', 'litdata.streaming.resolver._execute', 'litdata.streaming.resolver._resolve_dir']",20
EvoCodeBench,litdata,53,10,3,0.6666666666666666,0.6666666666666666,"['litdata.processing.data_processor._wait_for_disk_usage_higher_than_threshold', 'litdata.streaming.client.S3Client.client']",10
EvoCodeBench,litdata,53,15,3,0.6666666666666666,0.6666666666666666,"['litdata.processing.data_processor._wait_for_disk_usage_higher_than_threshold', 'litdata.streaming.client.S3Client.client']",15
EvoCodeBench,litdata,53,20,3,1.0,1.0,"['litdata.processing.data_processor._wait_for_disk_usage_higher_than_threshold', 'litdata.streaming.client.S3Client', 'litdata.streaming.client.S3Client.client']",20
EvoCodeBench,litdata,54,10,2,0.5,0.5,['litdata.streaming.client.S3Client.client'],10
EvoCodeBench,litdata,54,15,2,0.5,0.5,['litdata.streaming.client.S3Client.client'],15
EvoCodeBench,litdata,54,20,2,0.5,0.5,['litdata.streaming.client.S3Client.client'],20
EvoCodeBench,litdata,55,10,3,1.0,1.0,"['litdata.processing.data_processor._get_node_rank', 'litdata.processing.data_processor._get_num_nodes', 'litdata.utilities.packing._pack_greedily']",10
EvoCodeBench,litdata,55,15,3,1.0,1.0,"['litdata.processing.data_processor._get_node_rank', 'litdata.processing.data_processor._get_num_nodes', 'litdata.utilities.packing._pack_greedily']",15
EvoCodeBench,litdata,55,20,3,1.0,1.0,"['litdata.processing.data_processor._get_node_rank', 'litdata.processing.data_processor._get_num_nodes', 'litdata.utilities.packing._pack_greedily']",20
EvoCodeBench,litdata,56,10,2,1.0,1.0,"['litdata.processing.data_processor._get_node_rank', 'litdata.processing.data_processor._get_num_nodes']",10
EvoCodeBench,litdata,56,15,2,1.0,1.0,"['litdata.processing.data_processor._get_node_rank', 'litdata.processing.data_processor._get_num_nodes']",15
EvoCodeBench,litdata,56,20,2,1.0,1.0,"['litdata.processing.data_processor._get_node_rank', 'litdata.processing.data_processor._get_num_nodes']",20
EvoCodeBench,litdata,57,10,2,1.0,1.0,"['litdata.processing.data_processor._get_cache_data_dir', 'litdata.processing.data_processor._get_cache_dir']",10
EvoCodeBench,litdata,57,15,2,1.0,1.0,"['litdata.processing.data_processor._get_cache_data_dir', 'litdata.processing.data_processor._get_cache_dir']",15
EvoCodeBench,litdata,57,20,2,1.0,1.0,"['litdata.processing.data_processor._get_cache_data_dir', 'litdata.processing.data_processor._get_cache_dir']",20
EvoCodeBench,litdata,58,10,1,1.0,1.0,['litdata.processing.data_processor._get_num_bytes'],10
EvoCodeBench,litdata,58,15,1,1.0,1.0,['litdata.processing.data_processor._get_num_bytes'],15
EvoCodeBench,litdata,58,20,1,1.0,1.0,['litdata.processing.data_processor._get_num_bytes'],20
EvoCodeBench,litdata,59,10,1,1.0,0.0,['litdata.constants._IS_IN_STUDIO'],10
EvoCodeBench,litdata,59,15,1,1.0,0.0,['litdata.constants._IS_IN_STUDIO'],15
EvoCodeBench,litdata,59,20,1,1.0,0.0,['litdata.constants._IS_IN_STUDIO'],20
EvoCodeBench,EasyVolcap,2,10,5,0.6,0.2,"['easyvolcap.utils.egl_utils.eglContextManager.resize', 'easyvolcap.utils.viewer_utils.Camera.H', 'easyvolcap.utils.viewer_utils.Camera.W']",10
EvoCodeBench,EasyVolcap,2,15,5,0.6,0.2,"['easyvolcap.utils.egl_utils.eglContextManager.resize', 'easyvolcap.utils.viewer_utils.Camera.H', 'easyvolcap.utils.viewer_utils.Camera.W']",15
EvoCodeBench,EasyVolcap,2,20,5,0.8,0.4,"['easyvolcap.utils.egl_utils.eglContextManager.resize', 'easyvolcap.utils.viewer_utils.Camera', 'easyvolcap.utils.viewer_utils.Camera.H', 'easyvolcap.utils.viewer_utils.Camera.W']",20
EvoCodeBench,EasyVolcap,3,10,18,0.1111111111111111,0.1111111111111111,"['easyvolcap.utils.gl_utils.Mesh.upload_gl_uniforms', 'easyvolcap.utils.gl_utils.Mesh.use_gl_program']",10
EvoCodeBench,EasyVolcap,3,15,18,0.1111111111111111,0.1111111111111111,"['easyvolcap.utils.gl_utils.Mesh.upload_gl_uniforms', 'easyvolcap.utils.gl_utils.Mesh.use_gl_program']",15
EvoCodeBench,EasyVolcap,3,20,18,0.16666666666666666,0.16666666666666666,"['easyvolcap.utils.gl_utils.Mesh.upload_gl_uniforms', 'easyvolcap.utils.gl_utils.Mesh.use_gl_program', 'easyvolcap.utils.viewer_utils.Camera']",20
EvoCodeBench,EasyVolcap,4,10,3,0.0,0.0,[],10
EvoCodeBench,EasyVolcap,4,15,3,0.0,0.0,[],15
EvoCodeBench,EasyVolcap,4,20,3,0.0,0.0,[],20
EvoCodeBench,EasyVolcap,5,10,2,0.5,0.5,['easyvolcap.utils.fcds_utils.warn_once_about_pulsar_fxfy'],10
EvoCodeBench,EasyVolcap,5,15,2,0.5,0.5,['easyvolcap.utils.fcds_utils.warn_once_about_pulsar_fxfy'],15
EvoCodeBench,EasyVolcap,5,20,2,0.5,0.5,['easyvolcap.utils.fcds_utils.warn_once_about_pulsar_fxfy'],20
EvoCodeBench,EasyVolcap,6,10,8,0.375,0.125,"['easyvolcap.utils.gl_utils.Quad.H', 'easyvolcap.utils.gl_utils.Quad.W', 'easyvolcap.utils.gl_utils.Quad.blit']",10
EvoCodeBench,EasyVolcap,6,15,8,0.375,0.125,"['easyvolcap.utils.gl_utils.Quad.H', 'easyvolcap.utils.gl_utils.Quad.W', 'easyvolcap.utils.gl_utils.Quad.blit']",11
EvoCodeBench,EasyVolcap,6,20,8,0.375,0.125,"['easyvolcap.utils.gl_utils.Quad.H', 'easyvolcap.utils.gl_utils.Quad.W', 'easyvolcap.utils.gl_utils.Quad.blit']",11
EvoCodeBench,EasyVolcap,7,10,8,0.125,0.125,['easyvolcap.utils.fcds_utils.get_pytorch3d_ndc_K'],10
EvoCodeBench,EasyVolcap,7,15,8,0.125,0.125,['easyvolcap.utils.fcds_utils.get_pytorch3d_ndc_K'],15
EvoCodeBench,EasyVolcap,7,20,8,0.125,0.125,['easyvolcap.utils.fcds_utils.get_pytorch3d_ndc_K'],20
EvoCodeBench,EasyVolcap,8,10,3,0.6666666666666666,0.0,"['easyvolcap.utils.gl_utils.Quad.H', 'easyvolcap.utils.gl_utils.Quad.W']",10
EvoCodeBench,EasyVolcap,8,15,3,0.6666666666666666,0.0,"['easyvolcap.utils.gl_utils.Quad.H', 'easyvolcap.utils.gl_utils.Quad.W']",15
EvoCodeBench,EasyVolcap,8,20,3,0.6666666666666666,0.0,"['easyvolcap.utils.gl_utils.Quad.H', 'easyvolcap.utils.gl_utils.Quad.W']",20
EvoCodeBench,EasyVolcap,9,10,1,1.0,1.0,['easyvolcap.utils.prop_utils.searchsorted'],10
EvoCodeBench,EasyVolcap,9,15,1,1.0,1.0,['easyvolcap.utils.prop_utils.searchsorted'],15
EvoCodeBench,EasyVolcap,9,20,1,1.0,1.0,['easyvolcap.utils.prop_utils.searchsorted'],18
EvoCodeBench,EasyVolcap,10,10,2,0.5,0.5,['easyvolcap.utils.prop_utils.matchup_channels'],10
EvoCodeBench,EasyVolcap,10,15,2,0.5,0.5,['easyvolcap.utils.prop_utils.matchup_channels'],15
EvoCodeBench,EasyVolcap,10,20,2,0.5,0.5,['easyvolcap.utils.prop_utils.matchup_channels'],20
EvoCodeBench,EasyVolcap,11,10,1,1.0,1.0,['easyvolcap.utils.prop_utils.matchup_channels'],10
EvoCodeBench,EasyVolcap,11,15,1,1.0,1.0,['easyvolcap.utils.prop_utils.matchup_channels'],15
EvoCodeBench,EasyVolcap,11,20,1,1.0,1.0,['easyvolcap.utils.prop_utils.matchup_channels'],20
EvoCodeBench,EasyVolcap,12,10,3,1.0,1.0,"['easyvolcap.utils.prop_utils.integrate_weights', 'easyvolcap.utils.prop_utils.interpolate', 'easyvolcap.utils.prop_utils.matchup_channels']",10
EvoCodeBench,EasyVolcap,12,15,3,1.0,1.0,"['easyvolcap.utils.prop_utils.integrate_weights', 'easyvolcap.utils.prop_utils.interpolate', 'easyvolcap.utils.prop_utils.matchup_channels']",15
EvoCodeBench,EasyVolcap,12,20,3,1.0,1.0,"['easyvolcap.utils.prop_utils.integrate_weights', 'easyvolcap.utils.prop_utils.interpolate', 'easyvolcap.utils.prop_utils.matchup_channels']",20
EvoCodeBench,EasyVolcap,13,10,1,1.0,1.0,['easyvolcap.utils.prop_utils.invert_cdf'],10
EvoCodeBench,EasyVolcap,13,15,1,1.0,1.0,['easyvolcap.utils.prop_utils.invert_cdf'],15
EvoCodeBench,EasyVolcap,13,20,1,1.0,1.0,['easyvolcap.utils.prop_utils.invert_cdf'],20
EvoCodeBench,EasyVolcap,14,10,1,1.0,1.0,['easyvolcap.utils.prop_utils.matchup_channels'],10
EvoCodeBench,EasyVolcap,14,15,1,1.0,1.0,['easyvolcap.utils.prop_utils.matchup_channels'],15
EvoCodeBench,EasyVolcap,14,20,1,1.0,1.0,['easyvolcap.utils.prop_utils.matchup_channels'],20
EvoCodeBench,EasyVolcap,15,10,1,1.0,1.0,['easyvolcap.utils.prop_utils.searchsorted'],10
EvoCodeBench,EasyVolcap,15,15,1,1.0,1.0,['easyvolcap.utils.prop_utils.searchsorted'],15
EvoCodeBench,EasyVolcap,15,20,1,1.0,1.0,['easyvolcap.utils.prop_utils.searchsorted'],20
EvoCodeBench,EasyVolcap,16,10,1,0.0,0.0,[],10
EvoCodeBench,EasyVolcap,16,15,1,0.0,0.0,[],15
EvoCodeBench,EasyVolcap,16,20,1,0.0,0.0,[],20
EvoCodeBench,EasyVolcap,17,10,2,0.0,0.0,[],10
EvoCodeBench,EasyVolcap,17,15,2,0.0,0.0,[],15
EvoCodeBench,EasyVolcap,17,20,2,0.0,0.0,[],20
EvoCodeBench,EasyVolcap,18,10,1,0.0,0.0,[],10
EvoCodeBench,EasyVolcap,18,15,1,0.0,0.0,[],15
EvoCodeBench,EasyVolcap,18,20,1,0.0,0.0,[],20
EvoCodeBench,EasyVolcap,19,10,2,0.0,0.0,[],10
EvoCodeBench,EasyVolcap,19,15,2,0.0,0.0,[],15
EvoCodeBench,EasyVolcap,19,20,2,0.0,0.0,[],20
EvoCodeBench,EasyVolcap,20,10,37,0.0,0.0,[],10
EvoCodeBench,EasyVolcap,20,15,37,0.0,0.0,[],15
EvoCodeBench,EasyVolcap,20,20,37,0.0,0.0,[],20
EvoCodeBench,UniRef,6,10,7,0.2857142857142857,0.2857142857142857,"['detectron2.export.flatten.DictSchema', 'detectron2.export.flatten.IdentitySchema.flatten']",10
EvoCodeBench,UniRef,6,15,7,0.5714285714285714,0.5714285714285714,"['detectron2.export.flatten.DictSchema', 'detectron2.export.flatten.IdentitySchema', 'detectron2.export.flatten.IdentitySchema.flatten', 'detectron2.export.flatten.InstancesSchema']",15
EvoCodeBench,UniRef,6,20,7,0.8571428571428571,0.8571428571428571,"['detectron2.export.flatten.DictSchema', 'detectron2.export.flatten.IdentitySchema', 'detectron2.export.flatten.IdentitySchema.flatten', 'detectron2.export.flatten.InstancesSchema', 'detectron2.export.flatten.ListSchema', 'detectron2.export.flatten.TupleSchema']",17
EvoCodeBench,UniRef,7,10,4,0.5,0.5,"['detectron2.export.torchscript_patch._add_instances_conversion_methods', 'detectron2.export.torchscript_patch._gen_instance_module']",10
EvoCodeBench,UniRef,7,15,4,0.5,0.5,"['detectron2.export.torchscript_patch._add_instances_conversion_methods', 'detectron2.export.torchscript_patch._gen_instance_module']",15
EvoCodeBench,UniRef,7,20,4,0.5,0.5,"['detectron2.export.torchscript_patch._add_instances_conversion_methods', 'detectron2.export.torchscript_patch._gen_instance_module']",20
EvoCodeBench,UniRef,8,10,3,1.0,0.6666666666666666,"['detectron2.data.detection_utils._apply_exif_orientation', 'detectron2.data.detection_utils.convert_PIL_to_numpy', 'detectron2.utils.file_io.PathManager']",10
EvoCodeBench,UniRef,8,15,3,1.0,0.6666666666666666,"['detectron2.data.detection_utils._apply_exif_orientation', 'detectron2.data.detection_utils.convert_PIL_to_numpy', 'detectron2.utils.file_io.PathManager']",12
EvoCodeBench,UniRef,8,20,3,1.0,0.6666666666666666,"['detectron2.data.detection_utils._apply_exif_orientation', 'detectron2.data.detection_utils.convert_PIL_to_numpy', 'detectron2.utils.file_io.PathManager']",12
EvoCodeBench,UniRef,9,10,1,1.0,1.0,['detectron2.data.detection_utils.transform_keypoint_annotations'],10
EvoCodeBench,UniRef,9,15,1,1.0,1.0,['detectron2.data.detection_utils.transform_keypoint_annotations'],15
EvoCodeBench,UniRef,9,20,1,1.0,1.0,['detectron2.data.detection_utils.transform_keypoint_annotations'],20
EvoCodeBench,UniRef,10,10,1,1.0,0.0,['detectron2.data.transforms.transform.RotationTransform.rm_coords'],10
EvoCodeBench,UniRef,10,15,1,1.0,0.0,['detectron2.data.transforms.transform.RotationTransform.rm_coords'],15
EvoCodeBench,UniRef,10,20,1,1.0,0.0,['detectron2.data.transforms.transform.RotationTransform.rm_coords'],17
EvoCodeBench,UniRef,11,10,2,0.0,0.0,[],10
EvoCodeBench,UniRef,11,15,2,0.0,0.0,[],15
EvoCodeBench,UniRef,11,20,2,0.0,0.0,[],20
EvoCodeBench,UniRef,12,10,1,0.0,0.0,[],10
EvoCodeBench,UniRef,12,15,1,0.0,0.0,[],15
EvoCodeBench,UniRef,12,20,1,0.0,0.0,[],15
EvoCodeBench,UniRef,13,10,15,0.4,0.13333333333333333,"['detectron2.utils.visualizer.VisImage.height', 'detectron2.utils.visualizer.VisImage.reset_image', 'detectron2.utils.visualizer.VisImage.width', 'detectron2.utils.visualizer.Visualizer.metadata', 'detectron2.utils.visualizer.Visualizer.output', 'detectron2.utils.visualizer.Visualizer.overlay_instances']",10
EvoCodeBench,UniRef,13,15,15,0.4666666666666667,0.2,"['detectron2.utils.visualizer.VisImage.height', 'detectron2.utils.visualizer.VisImage.reset_image', 'detectron2.utils.visualizer.VisImage.width', 'detectron2.utils.visualizer.Visualizer._create_grayscale_image', 'detectron2.utils.visualizer.Visualizer.metadata', 'detectron2.utils.visualizer.Visualizer.output', 'detectron2.utils.visualizer.Visualizer.overlay_instances']",15
EvoCodeBench,UniRef,13,20,15,0.5333333333333333,0.26666666666666666,"['detectron2.utils.visualizer.VisImage.height', 'detectron2.utils.visualizer.VisImage.reset_image', 'detectron2.utils.visualizer.VisImage.width', 'detectron2.utils.visualizer.Visualizer._create_grayscale_image', 'detectron2.utils.visualizer.Visualizer.metadata', 'detectron2.utils.visualizer.Visualizer.output', 'detectron2.utils.visualizer.Visualizer.overlay_instances', 'detectron2.utils.visualizer._create_text_labels']",20
EvoCodeBench,UniRef,14,10,1,0.0,0.0,[],10
EvoCodeBench,UniRef,14,15,1,0.0,0.0,[],15
EvoCodeBench,UniRef,14,20,1,0.0,0.0,[],20
EvoCodeBench,UniRef,15,10,11,0.6363636363636364,0.36363636363636365,"['detectron2.utils.visualizer.Visualizer._instance_mode', 'detectron2.utils.visualizer.Visualizer._jitter', 'detectron2.utils.visualizer.Visualizer.draw_panoptic_seg', 'detectron2.utils.visualizer.Visualizer.metadata', 'detectron2.utils.visualizer.Visualizer.output', 'detectron2.utils.visualizer.Visualizer.overlay_instances', 'detectron2.utils.visualizer._create_text_labels']",10
EvoCodeBench,UniRef,15,15,11,0.6363636363636364,0.36363636363636365,"['detectron2.utils.visualizer.Visualizer._instance_mode', 'detectron2.utils.visualizer.Visualizer._jitter', 'detectron2.utils.visualizer.Visualizer.draw_panoptic_seg', 'detectron2.utils.visualizer.Visualizer.metadata', 'detectron2.utils.visualizer.Visualizer.output', 'detectron2.utils.visualizer.Visualizer.overlay_instances', 'detectron2.utils.visualizer._create_text_labels']",15
EvoCodeBench,UniRef,15,20,11,0.7272727272727273,0.36363636363636365,"['detectron2.utils.file_io.PathManager', 'detectron2.utils.visualizer.Visualizer._instance_mode', 'detectron2.utils.visualizer.Visualizer._jitter', 'detectron2.utils.visualizer.Visualizer.draw_panoptic_seg', 'detectron2.utils.visualizer.Visualizer.metadata', 'detectron2.utils.visualizer.Visualizer.output', 'detectron2.utils.visualizer.Visualizer.overlay_instances', 'detectron2.utils.visualizer._create_text_labels']",20
EvoCodeBench,UniRef,16,10,13,0.5384615384615384,0.46153846153846156,"['detectron2.utils.colormap.random_color', 'detectron2.utils.visualizer.GenericMask.mask', 'detectron2.utils.visualizer.GenericMask.polygons', 'detectron2.utils.visualizer.Visualizer._change_color_brightness', 'detectron2.utils.visualizer.Visualizer._draw_text_in_mask', 'detectron2.utils.visualizer.Visualizer.draw_polygon', 'detectron2.utils.visualizer.Visualizer.output']",10
EvoCodeBench,UniRef,16,15,13,0.5384615384615384,0.46153846153846156,"['detectron2.utils.colormap.random_color', 'detectron2.utils.visualizer.GenericMask.mask', 'detectron2.utils.visualizer.GenericMask.polygons', 'detectron2.utils.visualizer.Visualizer._change_color_brightness', 'detectron2.utils.visualizer.Visualizer._draw_text_in_mask', 'detectron2.utils.visualizer.Visualizer.draw_polygon', 'detectron2.utils.visualizer.Visualizer.output']",15
EvoCodeBench,UniRef,16,20,13,0.5384615384615384,0.46153846153846156,"['detectron2.utils.colormap.random_color', 'detectron2.utils.visualizer.GenericMask.mask', 'detectron2.utils.visualizer.GenericMask.polygons', 'detectron2.utils.visualizer.Visualizer._change_color_brightness', 'detectron2.utils.visualizer.Visualizer._draw_text_in_mask', 'detectron2.utils.visualizer.Visualizer.draw_polygon', 'detectron2.utils.visualizer.Visualizer.output']",20
EvoCodeBench,UniRef,17,10,1,1.0,1.0,['detectron2.utils.testing.convert_scripted_instances'],10
EvoCodeBench,UniRef,17,15,1,1.0,1.0,['detectron2.utils.testing.convert_scripted_instances'],13
EvoCodeBench,UniRef,17,20,1,1.0,1.0,['detectron2.utils.testing.convert_scripted_instances'],13
EvoCodeBench,UniRef,18,10,1,1.0,0.0,['detectron2.structures.rotated_boxes.RotatedBoxes.tensor'],10
EvoCodeBench,UniRef,18,15,1,1.0,0.0,['detectron2.structures.rotated_boxes.RotatedBoxes.tensor'],15
EvoCodeBench,UniRef,18,20,1,1.0,0.0,['detectron2.structures.rotated_boxes.RotatedBoxes.tensor'],20
EvoCodeBench,UniRef,19,10,1,0.0,0.0,[],10
EvoCodeBench,UniRef,19,15,1,0.0,0.0,[],13
EvoCodeBench,UniRef,19,20,1,0.0,0.0,[],13
EvoCodeBench,UniRef,20,10,3,0.3333333333333333,0.3333333333333333,['detectron2.modeling.roi_heads.fast_rcnn.FastRCNNOutputLayers.box_reg_loss'],10
EvoCodeBench,UniRef,20,15,3,0.3333333333333333,0.3333333333333333,['detectron2.modeling.roi_heads.fast_rcnn.FastRCNNOutputLayers.box_reg_loss'],15
EvoCodeBench,UniRef,20,20,3,0.3333333333333333,0.3333333333333333,['detectron2.modeling.roi_heads.fast_rcnn.FastRCNNOutputLayers.box_reg_loss'],20
EvoCodeBench,UniRef,21,10,3,0.0,0.0,[],10
EvoCodeBench,UniRef,21,15,3,0.0,0.0,[],15
EvoCodeBench,UniRef,21,20,3,0.0,0.0,[],20
EvoCodeBench,UniRef,22,10,2,0.5,0.0,['detectron2.modeling.box_regression.Box2BoxTransform.weights'],10
EvoCodeBench,UniRef,22,15,2,0.5,0.0,['detectron2.modeling.box_regression.Box2BoxTransform.weights'],15
EvoCodeBench,UniRef,22,20,2,0.5,0.0,['detectron2.modeling.box_regression.Box2BoxTransform.weights'],20
EvoCodeBench,UniRef,23,10,2,1.0,0.5,"['detectron2.structures.rotated_boxes.RotatedBoxes.normalize_angles', 'detectron2.structures.rotated_boxes.RotatedBoxes.tensor']",9
EvoCodeBench,UniRef,23,15,2,1.0,0.5,"['detectron2.structures.rotated_boxes.RotatedBoxes.normalize_angles', 'detectron2.structures.rotated_boxes.RotatedBoxes.tensor']",9
EvoCodeBench,UniRef,23,20,2,1.0,0.5,"['detectron2.structures.rotated_boxes.RotatedBoxes.normalize_angles', 'detectron2.structures.rotated_boxes.RotatedBoxes.tensor']",9
EvoCodeBench,tanuki_py,2,10,1,1.0,1.0,['tanuki.validator.Validator.check_type'],10
EvoCodeBench,tanuki_py,2,15,1,1.0,1.0,['tanuki.validator.Validator.check_type'],15
EvoCodeBench,tanuki_py,2,20,1,1.0,1.0,['tanuki.validator.Validator.check_type'],20
EvoCodeBench,tanuki_py,3,10,5,0.0,0.0,[],10
EvoCodeBench,tanuki_py,3,15,5,0.0,0.0,[],15
EvoCodeBench,tanuki_py,3,20,5,0.0,0.0,[],20
EvoCodeBench,tanuki_py,4,10,4,1.0,0.25,"['tanuki.bloom_filter.BloomFilter.bit_array', 'tanuki.bloom_filter.BloomFilter.hash_count', 'tanuki.bloom_filter.BloomFilter.hash_functions', 'tanuki.bloom_filter.BloomFilter.size']",10
EvoCodeBench,tanuki_py,4,15,4,1.0,0.25,"['tanuki.bloom_filter.BloomFilter.bit_array', 'tanuki.bloom_filter.BloomFilter.hash_count', 'tanuki.bloom_filter.BloomFilter.hash_functions', 'tanuki.bloom_filter.BloomFilter.size']",15
EvoCodeBench,tanuki_py,4,20,4,1.0,0.25,"['tanuki.bloom_filter.BloomFilter.bit_array', 'tanuki.bloom_filter.BloomFilter.hash_count', 'tanuki.bloom_filter.BloomFilter.hash_functions', 'tanuki.bloom_filter.BloomFilter.size']",20
EvoCodeBench,tanuki_py,5,10,7,0.8571428571428571,0.2857142857142857,"['tanuki.bloom_filter.BloomFilter.bit_array', 'tanuki.bloom_filter.BloomFilter.indices', 'tanuki.bloom_filter.BloomFilter.init_bit_array', 'tanuki.bloom_filter.BloomFilter.persistence', 'tanuki.bloom_filter.BloomFilter.save', 'tanuki.bloom_filter.BloomFilter.size']",10
EvoCodeBench,tanuki_py,5,15,7,0.8571428571428571,0.2857142857142857,"['tanuki.bloom_filter.BloomFilter.bit_array', 'tanuki.bloom_filter.BloomFilter.indices', 'tanuki.bloom_filter.BloomFilter.init_bit_array', 'tanuki.bloom_filter.BloomFilter.persistence', 'tanuki.bloom_filter.BloomFilter.save', 'tanuki.bloom_filter.BloomFilter.size']",15
EvoCodeBench,tanuki_py,5,20,7,0.8571428571428571,0.2857142857142857,"['tanuki.bloom_filter.BloomFilter.bit_array', 'tanuki.bloom_filter.BloomFilter.indices', 'tanuki.bloom_filter.BloomFilter.init_bit_array', 'tanuki.bloom_filter.BloomFilter.persistence', 'tanuki.bloom_filter.BloomFilter.save', 'tanuki.bloom_filter.BloomFilter.size']",20
EvoCodeBench,tanuki_py,6,10,4,1.0,0.25,"['tanuki.bloom_filter.BloomFilter.bit_array', 'tanuki.bloom_filter.BloomFilter.hash_count', 'tanuki.bloom_filter.BloomFilter.hash_functions', 'tanuki.bloom_filter.BloomFilter.size']",10
EvoCodeBench,tanuki_py,6,15,4,1.0,0.25,"['tanuki.bloom_filter.BloomFilter.bit_array', 'tanuki.bloom_filter.BloomFilter.hash_count', 'tanuki.bloom_filter.BloomFilter.hash_functions', 'tanuki.bloom_filter.BloomFilter.size']",15
EvoCodeBench,tanuki_py,6,20,4,1.0,0.25,"['tanuki.bloom_filter.BloomFilter.bit_array', 'tanuki.bloom_filter.BloomFilter.hash_count', 'tanuki.bloom_filter.BloomFilter.hash_functions', 'tanuki.bloom_filter.BloomFilter.size']",20
EvoCodeBench,tanuki_py,7,10,10,0.2,0.1,"['tanuki.language_models.llm_configs.model_config_factory.ModelConfigFactory.create_config', 'tanuki.models.function_config.FunctionConfig.nr_of_training_runs']",10
EvoCodeBench,tanuki_py,7,15,10,0.2,0.1,"['tanuki.language_models.llm_configs.model_config_factory.ModelConfigFactory.create_config', 'tanuki.models.function_config.FunctionConfig.nr_of_training_runs']",15
EvoCodeBench,tanuki_py,7,20,10,0.2,0.1,"['tanuki.language_models.llm_configs.model_config_factory.ModelConfigFactory.create_config', 'tanuki.models.function_config.FunctionConfig.nr_of_training_runs']",20
EvoCodeBench,tanuki_py,8,10,4,0.75,0.25,"['tanuki.language_models.openai_api.LLM_GENERATION_PARAMETERS', 'tanuki.language_models.openai_api.OpenAI_API.api_key', 'tanuki.language_models.openai_api.OpenAI_API.check_api_key']",10
EvoCodeBench,tanuki_py,8,15,4,0.75,0.25,"['tanuki.language_models.openai_api.LLM_GENERATION_PARAMETERS', 'tanuki.language_models.openai_api.OpenAI_API.api_key', 'tanuki.language_models.openai_api.OpenAI_API.check_api_key']",15
EvoCodeBench,tanuki_py,8,20,4,0.75,0.25,"['tanuki.language_models.openai_api.LLM_GENERATION_PARAMETERS', 'tanuki.language_models.openai_api.OpenAI_API.api_key', 'tanuki.language_models.openai_api.OpenAI_API.check_api_key']",20
EvoCodeBench,tanuki_py,9,10,9,0.4444444444444444,0.4444444444444444,"['tanuki.function_modeler.FunctionModeler.get_models', 'tanuki.language_models.language_model_manager.LanguageModelManager.construct_prompt', 'tanuki.language_models.language_model_manager.LanguageModelManager.suitable_for_finetuning_token_check', 'tanuki.utils.approximate_token_count']",10
EvoCodeBench,tanuki_py,9,15,9,0.6666666666666666,0.5555555555555556,"['tanuki.function_modeler.FunctionModeler.get_models', 'tanuki.language_models.language_model_manager.LanguageModelManager.choose_model_from_tokens', 'tanuki.language_models.language_model_manager.LanguageModelManager.construct_prompt', 'tanuki.language_models.language_model_manager.LanguageModelManager.initialized_functions', 'tanuki.language_models.language_model_manager.LanguageModelManager.suitable_for_finetuning_token_check', 'tanuki.utils.approximate_token_count']",15
EvoCodeBench,tanuki_py,9,20,9,0.6666666666666666,0.5555555555555556,"['tanuki.function_modeler.FunctionModeler.get_models', 'tanuki.language_models.language_model_manager.LanguageModelManager.choose_model_from_tokens', 'tanuki.language_models.language_model_manager.LanguageModelManager.construct_prompt', 'tanuki.language_models.language_model_manager.LanguageModelManager.initialized_functions', 'tanuki.language_models.language_model_manager.LanguageModelManager.suitable_for_finetuning_token_check', 'tanuki.utils.approximate_token_count']",20
EvoCodeBench,ollama-python,1,10,5,0.4,0.4,"['ollama._client.Client._request_stream', 'ollama._client._encode_image']",10
EvoCodeBench,ollama-python,1,15,5,0.4,0.4,"['ollama._client.Client._request_stream', 'ollama._client._encode_image']",15
EvoCodeBench,ollama-python,1,20,5,0.4,0.4,"['ollama._client.Client._request_stream', 'ollama._client._encode_image']",20
EvoCodeBench,ollama-python,2,10,1,1.0,1.0,['ollama._client.Client._request_stream'],10
EvoCodeBench,ollama-python,2,15,1,1.0,1.0,['ollama._client.Client._request_stream'],15
EvoCodeBench,ollama-python,2,20,1,1.0,1.0,['ollama._client.Client._request_stream'],20
EvoCodeBench,ollama-python,3,10,4,0.25,0.25,['ollama._client.Client._request_stream'],10
EvoCodeBench,ollama-python,3,15,4,0.5,0.5,"['ollama._client.Client._request_stream', 'ollama._client._encode_image']",15
EvoCodeBench,ollama-python,3,20,4,0.5,0.5,"['ollama._client.Client._request_stream', 'ollama._client._encode_image']",20
EvoCodeBench,ollama-python,4,10,1,1.0,1.0,['ollama._client.Client._request_stream'],10
EvoCodeBench,ollama-python,4,15,1,1.0,1.0,['ollama._client.Client._request_stream'],15
EvoCodeBench,ollama-python,4,20,1,1.0,1.0,['ollama._client.Client._request_stream'],20
EvoCodeBench,ollama-python,5,10,4,0.5,0.5,"['ollama._client.Client._request_stream', 'ollama._client._as_path']",10
EvoCodeBench,ollama-python,5,15,4,0.75,0.75,"['ollama._client.Client._parse_modelfile', 'ollama._client.Client._request_stream', 'ollama._client._as_path']",15
EvoCodeBench,ollama-python,5,20,4,0.75,0.75,"['ollama._client.Client._parse_modelfile', 'ollama._client.Client._request_stream', 'ollama._client._as_path']",20
EvoCodeBench,ollama-python,6,10,2,0.0,0.0,[],10
EvoCodeBench,ollama-python,6,15,2,0.0,0.0,[],15
EvoCodeBench,ollama-python,6,20,2,0.0,0.0,[],20
EvoCodeBench,ollama-python,7,10,4,0.25,0.25,['ollama._client.AsyncClient._request_stream'],10
EvoCodeBench,ollama-python,7,15,4,0.5,0.5,"['ollama._client.AsyncClient._request_stream', 'ollama._client._encode_image']",15
EvoCodeBench,ollama-python,7,20,4,0.5,0.5,"['ollama._client.AsyncClient._request_stream', 'ollama._client._encode_image']",20
EvoCodeBench,ollama-python,8,10,1,1.0,1.0,['ollama._client.AsyncClient._request_stream'],10
EvoCodeBench,ollama-python,8,15,1,1.0,1.0,['ollama._client.AsyncClient._request_stream'],15
EvoCodeBench,ollama-python,8,20,1,1.0,1.0,['ollama._client.AsyncClient._request_stream'],20
EvoCodeBench,ollama-python,9,10,5,0.4,0.4,"['ollama._client.AsyncClient._request_stream', 'ollama._client._encode_image']",10
EvoCodeBench,ollama-python,9,15,5,0.4,0.4,"['ollama._client.AsyncClient._request_stream', 'ollama._client._encode_image']",15
EvoCodeBench,ollama-python,9,20,5,0.4,0.4,"['ollama._client.AsyncClient._request_stream', 'ollama._client._encode_image']",20
EvoCodeBench,ollama-python,10,10,1,1.0,1.0,['ollama._client.AsyncClient._request_stream'],10
EvoCodeBench,ollama-python,10,15,1,1.0,1.0,['ollama._client.AsyncClient._request_stream'],15
EvoCodeBench,ollama-python,10,20,1,1.0,1.0,['ollama._client.AsyncClient._request_stream'],20
EvoCodeBench,ollama-python,11,10,2,0.5,0.5,['ollama._client.AsyncClient._request'],10
EvoCodeBench,ollama-python,11,15,2,0.5,0.5,['ollama._client.AsyncClient._request'],15
EvoCodeBench,ollama-python,11,20,2,0.5,0.5,['ollama._client.AsyncClient._request'],20
EvoCodeBench,ollama-python,12,10,4,0.5,0.5,"['ollama._client.AsyncClient._request_stream', 'ollama._client._as_path']",10
EvoCodeBench,ollama-python,12,15,4,0.75,0.75,"['ollama._client.AsyncClient._parse_modelfile', 'ollama._client.AsyncClient._request_stream', 'ollama._client._as_path']",15
EvoCodeBench,ollama-python,12,20,4,0.75,0.75,"['ollama._client.AsyncClient._parse_modelfile', 'ollama._client.AsyncClient._request_stream', 'ollama._client._as_path']",20
