project,project_task_id,namespace,dep_count,old_hits,old_task_dr,new_hits,new_dr,new_exact_dr,graph_nodes,class_nodes,old_scored_functions,target_node_count,new_hit_list,source_graph
Communications/IMAPClient,1,imapclient.imap_utf7.encode,0,0,,0,,,15,0,15,0,[],<external_root>/testRepoSummaryOut/DevEval/Communications/IMAPClient/graph_results_all/PageRank-15-subgraph/task_1_rank.gml
Communications/IMAPClient,2,imapclient.version._imapclient_version_string,0,0,,0,,,15,1,14,0,[],<external_root>/testRepoSummaryOut/DevEval/Communications/IMAPClient/graph_results_all/PageRank-15-subgraph/task_2_rank.gml
Communications/IMAPClient,3,imapclient.imapclient.IMAPClient.expunge,5,4,0.8,4,0.8,0.4,15,1,14,0,"[""imapclient.imapclient.IMAPClient._command_and_check"", ""imapclient.imapclient.IMAPClient._imap"", ""imapclient.imapclient.IMAPClient.use_uid"", ""imapclient.imapclient.join_message_ids""]",<external_root>/testRepoSummaryOut/DevEval/Communications/IMAPClient/graph_results_all/PageRank-15-subgraph/task_3_rank.gml
Communications/IMAPClient,4,imapclient.imapclient.IMAPClient.thread,7,4,0.5714285714285714,4,0.5714285714285714,0.5714285714285714,15,1,14,0,"[""imapclient.imapclient.IMAPClient._raw_command_untagged"", ""imapclient.imapclient._normalise_search_criteria"", ""imapclient.response_parser.parse_response"", ""imapclient.util.to_bytes""]",<external_root>/testRepoSummaryOut/DevEval/Communications/IMAPClient/graph_results_all/PageRank-15-subgraph/task_4_rank.gml
Communications/IMAPClient,5,imapclient.imapclient.IMAPClient.append,6,2,0.3333333333333333,2,0.3333333333333333,0.3333333333333333,15,1,14,0,"[""imapclient.datetime_util.datetime_to_INTERNALDATE"", ""imapclient.imapclient.IMAPClient._normalise_folder""]",<external_root>/testRepoSummaryOut/DevEval/Communications/IMAPClient/graph_results_all/PageRank-15-subgraph/task_5_rank.gml
Communications/IMAPClient,6,imapclient.imapclient.IMAPClient.setacl,2,2,1.0,2,1.0,1.0,15,1,14,0,"[""imapclient.imapclient.IMAPClient._command_and_check"", ""imapclient.imapclient.IMAPClient._normalise_folder""]",<external_root>/testRepoSummaryOut/DevEval/Communications/IMAPClient/graph_results_all/PageRank-15-subgraph/task_6_rank.gml
Communications/IMAPClient,7,imapclient.imapclient.IMAPClient._proc_folder_list,4,1,0.25,1,0.25,0.0,15,1,14,0,"[""imapclient.imapclient.IMAPClient.folder_encode""]",<external_root>/testRepoSummaryOut/DevEval/Communications/IMAPClient/graph_results_all/PageRank-15-subgraph/task_7_rank.gml
Communications/IMAPClient,8,imapclient.response_lexer.TokenSource.current_literal,2,1,0.5,1,0.5,0.0,15,1,14,0,"[""imapclient.response_lexer.Lexer.current_source""]",<external_root>/testRepoSummaryOut/DevEval/Communications/IMAPClient/graph_results_all/PageRank-15-subgraph/task_8_rank.gml
Communications/IMAPClient,9,imapclient.datetime_util.format_criteria_date,1,0,0.0,0,0.0,0.0,15,0,15,0,[],<external_root>/testRepoSummaryOut/DevEval/Communications/IMAPClient/graph_results_all/PageRank-15-subgraph/task_9_rank.gml
Communications/IMAPClient,10,imapclient.imap_utf7.decode,3,1,0.3333333333333333,1,0.3333333333333333,0.3333333333333333,15,0,15,0,"[""imapclient.imap_utf7.base64_utf7_decode""]",<external_root>/testRepoSummaryOut/DevEval/Communications/IMAPClient/graph_results_all/PageRank-15-subgraph/task_10_rank.gml
Communications/IMAPClient,11,imapclient.imapclient.IMAPClient.folder_status,5,2,0.4,2,0.4,0.4,15,1,14,0,"[""imapclient.imapclient.IMAPClient._command_and_check"", ""imapclient.imapclient.IMAPClient._normalise_folder""]",<external_root>/testRepoSummaryOut/DevEval/Communications/IMAPClient/graph_results_all/PageRank-15-subgraph/task_11_rank.gml
Communications/IMAPClient,12,imapclient.imapclient.IMAPClient.unselect_folder,2,2,1.0,2,1.0,0.0,15,1,14,0,"[""imapclient.imapclient.IMAPClient._imap"", ""imapclient.imapclient.logger""]",<external_root>/testRepoSummaryOut/DevEval/Communications/IMAPClient/graph_results_all/PageRank-15-subgraph/task_12_rank.gml
Communications/IMAPClient,13,imapclient.imapclient.IMAPClient.get_gmail_labels,2,2,1.0,2,1.0,1.0,15,1,14,0,"[""imapclient.imapclient.IMAPClient._filter_fetch_dict"", ""imapclient.imapclient.IMAPClient.fetch""]",<external_root>/testRepoSummaryOut/DevEval/Communications/IMAPClient/graph_results_all/PageRank-15-subgraph/task_13_rank.gml
Communications/IMAPClient,14,imapclient.imapclient.IMAPClient.enable,5,3,0.6,3,0.6,0.4,15,1,14,0,"[""imapclient.imapclient.IMAPClient._imap"", ""imapclient.imapclient.IMAPClient._raw_command_untagged"", ""imapclient.imapclient.IMAPClient.capabilities""]",<external_root>/testRepoSummaryOut/DevEval/Communications/IMAPClient/graph_results_all/PageRank-15-subgraph/task_14_rank.gml
Communications/IMAPClient,15,imapclient.imapclient._normalise_search_criteria,7,1,0.14285714285714285,1,0.14285714285714285,0.14285714285714285,15,2,13,0,"[""imapclient.util.to_bytes""]",<external_root>/testRepoSummaryOut/DevEval/Communications/IMAPClient/graph_results_all/PageRank-15-subgraph/task_15_rank.gml
Communications/IMAPClient,16,imapclient.imapclient.IMAPClient.get_flags,2,2,1.0,2,1.0,1.0,15,1,14,0,"[""imapclient.imapclient.IMAPClient._filter_fetch_dict"", ""imapclient.imapclient.IMAPClient.fetch""]",<external_root>/testRepoSummaryOut/DevEval/Communications/IMAPClient/graph_results_all/PageRank-15-subgraph/task_16_rank.gml
Communications/IMAPClient,17,imapclient.imapclient.IMAPClient.idle_done,4,3,0.75,3,0.75,0.25,15,1,14,0,"[""imapclient.imapclient.IMAPClient._consume_until_tagged_response"", ""imapclient.imapclient.IMAPClient._imap"", ""imapclient.imapclient.logger""]",<external_root>/testRepoSummaryOut/DevEval/Communications/IMAPClient/graph_results_all/PageRank-15-subgraph/task_17_rank.gml
Communications/IMAPClient,18,imapclient.imapclient.IMAPClient.noop,2,2,1.0,2,1.0,0.5,15,1,14,0,"[""imapclient.imapclient.IMAPClient._consume_until_tagged_response"", ""imapclient.imapclient.IMAPClient._imap""]",<external_root>/testRepoSummaryOut/DevEval/Communications/IMAPClient/graph_results_all/PageRank-15-subgraph/task_18_rank.gml
Communications/IMAPClient,19,imapclient.imapclient.IMAPClient.starttls,11,3,0.2727272727272727,3,0.2727272727272727,0.0,15,1,14,0,"[""imapclient.imapclient.IMAPClient._imap"", ""imapclient.imapclient.IMAPClient.host"", ""imapclient.imapclient.IMAPClient.ssl""]",<external_root>/testRepoSummaryOut/DevEval/Communications/IMAPClient/graph_results_all/PageRank-15-subgraph/task_19_rank.gml
Communications/IMAPClient,20,imapclient.imapclient.IMAPClient.set_quota,4,4,1.0,4,1.0,1.0,15,1,14,0,"[""imapclient.imapclient.IMAPClient._raw_command_untagged"", ""imapclient.imapclient._parse_quota"", ""imapclient.imapclient._quote"", ""imapclient.util.to_bytes""]",<external_root>/testRepoSummaryOut/DevEval/Communications/IMAPClient/graph_results_all/PageRank-15-subgraph/task_20_rank.gml
Communications/IMAPClient,21,imapclient.imapclient.IMAPClient.sort,4,3,0.75,3,0.75,0.75,15,1,14,0,"[""imapclient.imapclient.IMAPClient._raw_command_untagged"", ""imapclient.imapclient._normalise_search_criteria"", ""imapclient.util.to_bytes""]",<external_root>/testRepoSummaryOut/DevEval/Communications/IMAPClient/graph_results_all/PageRank-15-subgraph/task_21_rank.gml
Communications/IMAPClient,22,imapclient.util.assert_imap_protocol,2,0,0.0,0,0.0,0.0,15,1,14,0,[],<external_root>/testRepoSummaryOut/DevEval/Communications/IMAPClient/graph_results_all/PageRank-15-subgraph/task_22_rank.gml
Communications/IMAPClient,23,imapclient.imapclient.IMAPClient.get_quota_root,7,4,0.5714285714285714,4,0.5714285714285714,0.5714285714285714,15,1,14,0,"[""imapclient.imapclient.IMAPClient._raw_command_untagged"", ""imapclient.imapclient._parse_quota"", ""imapclient.response_parser.parse_response"", ""imapclient.util.to_unicode""]",<external_root>/testRepoSummaryOut/DevEval/Communications/IMAPClient/graph_results_all/PageRank-15-subgraph/task_23_rank.gml
Communications/IMAPClient,24,imapclient.imapclient.IMAPClient.getacl,4,2,0.5,2,0.5,0.5,15,1,14,0,"[""imapclient.imapclient.IMAPClient._command_and_check"", ""imapclient.imapclient.IMAPClient._normalise_folder""]",<external_root>/testRepoSummaryOut/DevEval/Communications/IMAPClient/graph_results_all/PageRank-15-subgraph/task_24_rank.gml
Communications/IMAPClient,25,imapclient.imapclient.IMAPClient.idle_check,8,4,0.5,4,0.5,0.375,15,1,14,0,"[""imapclient.imapclient.IMAPClient._imap"", ""imapclient.imapclient.IMAPClient._set_read_timeout"", ""imapclient.imapclient.IMAPClient.socket"", ""imapclient.imapclient._parse_untagged_response""]",<external_root>/testRepoSummaryOut/DevEval/Communications/IMAPClient/graph_results_all/PageRank-15-subgraph/task_25_rank.gml
Communications/IMAPClient,26,imapclient.imapclient.IMAPClient.select_folder,4,3,0.75,3,0.75,0.5,15,1,14,0,"[""imapclient.imapclient.IMAPClient._command_and_check"", ""imapclient.imapclient.IMAPClient._imap"", ""imapclient.imapclient.IMAPClient._normalise_folder""]",<external_root>/testRepoSummaryOut/DevEval/Communications/IMAPClient/graph_results_all/PageRank-15-subgraph/task_26_rank.gml
Communications/IMAPClient,27,imapclient.datetime_util.parse_to_datetime,3,2,0.6666666666666666,2,0.6666666666666666,0.6666666666666666,15,0,15,0,"[""imapclient.datetime_util._munge"", ""imapclient.datetime_util.datetime_to_native""]",<external_root>/testRepoSummaryOut/DevEval/Communications/IMAPClient/graph_results_all/PageRank-15-subgraph/task_27_rank.gml
Communications/IMAPClient,28,imapclient.imapclient.IMAPClient.idle,4,3,0.75,3,0.75,0.0,15,1,14,0,"[""imapclient.exceptions.IMAPClientError"", ""imapclient.imapclient.IMAPClient._idle_tag"", ""imapclient.imapclient.IMAPClient._imap""]",<external_root>/testRepoSummaryOut/DevEval/Communications/IMAPClient/graph_results_all/PageRank-15-subgraph/task_28_rank.gml
Communications/IMAPClient,29,imapclient.datetime_util.datetime_to_INTERNALDATE,3,1,0.3333333333333333,2,0.6666666666666666,0.6666666666666666,15,1,14,0,"[""imapclient.fixed_offset.FixedOffset"", ""imapclient.fixed_offset.FixedOffset.for_system""]",<external_root>/testRepoSummaryOut/DevEval/Communications/IMAPClient/graph_results_all/PageRank-15-subgraph/task_29_rank.gml
Communications/IMAPClient,30,imapclient.imapclient.IMAPClient.multiappend,2,1,0.5,1,0.5,0.5,15,1,14,0,"[""imapclient.imapclient.IMAPClient._normalise_folder""]",<external_root>/testRepoSummaryOut/DevEval/Communications/IMAPClient/graph_results_all/PageRank-15-subgraph/task_30_rank.gml
Communications/IMAPClient,31,imapclient.imapclient.IMAPClient._consume_until_tagged_response,3,3,1.0,3,1.0,0.6666666666666666,15,1,14,0,"[""imapclient.imapclient.IMAPClient._checkok"", ""imapclient.imapclient.IMAPClient._imap"", ""imapclient.imapclient._parse_untagged_response""]",<external_root>/testRepoSummaryOut/DevEval/Communications/IMAPClient/graph_results_all/PageRank-15-subgraph/task_31_rank.gml
Communications/IMAPClient,32,imapclient.imapclient.IMAPClient.shutdown,3,3,1.0,3,1.0,0.3333333333333333,15,1,14,0,"[""imapclient.imapclient.IMAPClient._imap"", ""imapclient.imapclient.logger"", ""imapclient.tls.IMAP4_TLS.shutdown""]",<external_root>/testRepoSummaryOut/DevEval/Communications/IMAPClient/graph_results_all/PageRank-15-subgraph/task_32_rank.gml
Communications/IMAPClient,33,imapclient.fixed_offset.FixedOffset.for_system,1,0,0.0,1,1.0,1.0,15,1,14,0,"[""imapclient.fixed_offset.FixedOffset.__init__""]",<external_root>/testRepoSummaryOut/DevEval/Communications/IMAPClient/graph_results_all/PageRank-15-subgraph/task_33_rank.gml
Communications/PySimpleSOAP,1,pysimplesoap.simplexml.SimpleXMLElement.as_xml,1,1,1.0,1,1.0,0.0,15,1,14,0,"[""pysimplesoap.simplexml.SimpleXMLElement.__document""]",<external_root>/testRepoSummaryOut/DevEval/Communications/PySimpleSOAP/graph_results_all/PageRank-15-subgraph/task_1_rank.gml
Communications/PySimpleSOAP,2,pysimplesoap.simplexml.SimpleXMLElement.add_child,8,6,0.75,7,0.875,0.125,12,2,10,0,"[""pysimplesoap.simplexml.SimpleXMLElement.__document"", ""pysimplesoap.simplexml.SimpleXMLElement.__init__"", ""pysimplesoap.simplexml.SimpleXMLElement.__jetty"", ""pysimplesoap.simplexml.SimpleXMLElement.__namespaces_map"", ""pysimplesoap.simplexml.SimpleXMLElement.__ns"", ""pysimplesoap.simplexml.SimpleXMLElement.__prefix"", ""pysimplesoap.simplexml.basestring""]",<external_root>/testRepoSummaryOut/DevEval/Communications/PySimpleSOAP/graph_results_all/PageRank-15-subgraph/task_2_rank.gml
Communications/Wikipedia-API,1,wikipediaapi.WikipediaPage.__repr__,3,1,0.3333333333333333,1,0.3333333333333333,0.3333333333333333,15,2,13,1,"[""wikipediaapi.WikipediaPage.title""]",<external_root>/testRepoSummaryOut/DevEval/Communications/Wikipedia-API/graph_results_all/PageRank-15-subgraph/task_1_rank.gml
Communications/Wikipedia-API,2,wikipediaapi.WikipediaPage.section_by_title,4,1,0.25,2,0.5,0.5,15,3,12,0,"[""wikipediaapi.WikipediaPage._fetch"", ""wikipediaapi.WikipediaPageSection""]",<external_root>/testRepoSummaryOut/DevEval/Communications/Wikipedia-API/graph_results_all/PageRank-15-subgraph/task_2_rank.gml
Communications/Wikipedia-API,3,wikipediaapi.WikipediaPage.sections_by_title,4,1,0.25,2,0.5,0.5,15,3,12,0,"[""wikipediaapi.WikipediaPage._fetch"", ""wikipediaapi.WikipediaPageSection""]",<external_root>/testRepoSummaryOut/DevEval/Communications/Wikipedia-API/graph_results_all/PageRank-15-subgraph/task_3_rank.gml
Communications/Wikipedia-API,4,wikipediaapi.WikipediaPage.categorymembers,4,1,0.25,1,0.25,0.25,15,3,12,1,"[""wikipediaapi.WikipediaPage._fetch""]",<external_root>/testRepoSummaryOut/DevEval/Communications/Wikipedia-API/graph_results_all/PageRank-15-subgraph/task_4_rank.gml
Communications/Wikipedia-API,5,wikipediaapi.WikipediaPage.text,2,2,1.0,2,1.0,1.0,15,3,12,1,"[""wikipediaapi.WikipediaPage.sections"", ""wikipediaapi.WikipediaPage.summary""]",<external_root>/testRepoSummaryOut/DevEval/Communications/Wikipedia-API/graph_results_all/PageRank-15-subgraph/task_5_rank.gml
Communications/Wikipedia-API,6,wikipediaapi.Wikipedia.page,6,1,0.16666666666666666,1,0.16666666666666666,0.16666666666666666,15,1,14,1,"[""wikipediaapi.WikipediaPage.__init__""]",<external_root>/testRepoSummaryOut/DevEval/Communications/Wikipedia-API/graph_results_all/PageRank-15-subgraph/task_6_rank.gml
Communications/Wikipedia-API,7,wikipediaapi.WikipediaPage.backlinks,4,1,0.25,1,0.25,0.25,15,3,12,1,"[""wikipediaapi.WikipediaPage._fetch""]",<external_root>/testRepoSummaryOut/DevEval/Communications/Wikipedia-API/graph_results_all/PageRank-15-subgraph/task_7_rank.gml
Communications/Wikipedia-API,8,wikipediaapi.WikipediaPage.sections,4,1,0.25,2,0.5,0.5,15,3,12,1,"[""wikipediaapi.WikipediaPage._fetch"", ""wikipediaapi.WikipediaPageSection""]",<external_root>/testRepoSummaryOut/DevEval/Communications/Wikipedia-API/graph_results_all/PageRank-15-subgraph/task_8_rank.gml
Communications/Wikipedia-API,9,wikipediaapi.WikipediaPage._fetch,2,0,0.0,0,0.0,0.0,15,3,12,1,[],<external_root>/testRepoSummaryOut/DevEval/Communications/Wikipedia-API/graph_results_all/PageRank-15-subgraph/task_9_rank.gml
Communications/Wikipedia-API,10,wikipediaapi.Wikipedia.article,4,1,0.25,1,0.25,0.25,15,1,14,1,"[""wikipediaapi.Wikipedia.page""]",<external_root>/testRepoSummaryOut/DevEval/Communications/Wikipedia-API/graph_results_all/PageRank-15-subgraph/task_10_rank.gml
Communications/Wikipedia-API,11,wikipediaapi.WikipediaPage.langlinks,4,1,0.25,1,0.25,0.25,15,2,13,1,"[""wikipediaapi.WikipediaPage._fetch""]",<external_root>/testRepoSummaryOut/DevEval/Communications/Wikipedia-API/graph_results_all/PageRank-15-subgraph/task_11_rank.gml
Communications/Wikipedia-API,12,wikipediaapi.WikipediaPageSection.__repr__,4,0,0.0,0,0.0,0.0,15,3,12,1,[],<external_root>/testRepoSummaryOut/DevEval/Communications/Wikipedia-API/graph_results_all/PageRank-15-subgraph/task_12_rank.gml
Communications/Wikipedia-API,13,wikipediaapi.WikipediaPage.links,4,1,0.25,1,0.25,0.25,15,3,12,1,"[""wikipediaapi.WikipediaPage._fetch""]",<external_root>/testRepoSummaryOut/DevEval/Communications/Wikipedia-API/graph_results_all/PageRank-15-subgraph/task_13_rank.gml
Communications/chatette,1,chatette.utils.sample_indulgent,0,0,,0,,,15,2,13,0,[],<external_root>/testRepoSummaryOut/DevEval/Communications/chatette/graph_results_all/PageRank-15-subgraph/task_1_rank.gml
Communications/chatette,2,chatette.utils.rchop,0,0,,0,,,15,1,14,0,[],<external_root>/testRepoSummaryOut/DevEval/Communications/chatette/graph_results_all/PageRank-15-subgraph/task_2_rank.gml
Communications/chatette,3,chatette.utils.str_to_bool,0,0,,0,,,15,0,15,0,[],<external_root>/testRepoSummaryOut/DevEval/Communications/chatette/graph_results_all/PageRank-15-subgraph/task_3_rank.gml
Communications/chatette,4,chatette.utils.min_if_exist,0,0,,0,,,15,0,15,0,[],<external_root>/testRepoSummaryOut/DevEval/Communications/chatette/graph_results_all/PageRank-15-subgraph/task_4_rank.gml
Communications/chatette,5,chatette.utils.append_to_list_in_dict,0,0,,0,,,15,0,15,0,[],<external_root>/testRepoSummaryOut/DevEval/Communications/chatette/graph_results_all/PageRank-15-subgraph/task_5_rank.gml
Communications/chatette,6,chatette.utils.extend_list_in_dict,0,0,,0,,,15,7,8,0,[],<external_root>/testRepoSummaryOut/DevEval/Communications/chatette/graph_results_all/PageRank-15-subgraph/task_6_rank.gml
Communications/chatette,7,chatette.cli.interactive_commands.command_strategy.CommandStrategy._is_end_regex,0,0,,0,,,15,1,14,0,[],<external_root>/testRepoSummaryOut/DevEval/Communications/chatette/graph_results_all/PageRank-15-subgraph/task_7_rank.gml
Communications/chatette,8,chatette.cli.interactive_commands.command_strategy.CommandStrategy.execute,0,0,,0,,,15,1,14,0,[],<external_root>/testRepoSummaryOut/DevEval/Communications/chatette/graph_results_all/PageRank-15-subgraph/task_8_rank.gml
Communications/chatette,9,chatette.cli.interactive_commands.unhide_command.UnhideCommand.execute,11,6,0.5454545454545454,6,0.5454545454545454,0.5454545454545454,15,0,15,0,"[""chatette.cli.interactive_commands.command_strategy.CommandStrategy.get_regex_name"", ""chatette.cli.interactive_commands.command_strategy.CommandStrategy.get_unit_type_from_str"", ""chatette.cli.interactive_commands.command_strategy.CommandStrategy.split_exact_unit_name"", ""chatette.cli.interactive_commands.unhide_command.UnhideCommand.execute_on_unit"", ""chatette.cli.terminal_writer.TerminalWriter.error_log"", ""chatette.cli.terminal_writer.TerminalWriter.write""]",<external_root>/testRepoSummaryOut/DevEval/Communications/chatette/graph_results_all/PageRank-15-subgraph/task_9_rank.gml
Communications/chatette,10,chatette.parsing.SlotDefBuilder.create_concrete,9,3,0.3333333333333333,3,0.3333333333333333,0.3333333333333333,15,1,14,1,"[""chatette.parsing.UnitDefBuilder._build_modifiers_repr"", ""chatette.parsing.UnitDefBuilder._check_information"", ""chatette.utils.Singleton.get_or_create""]",<external_root>/testRepoSummaryOut/DevEval/Communications/chatette/graph_results_all/PageRank-15-subgraph/task_10_rank.gml
Communications/chatette,11,chatette.cli.interactive_commands.command_strategy.CommandStrategy.find_redirection_file_path,6,0,0.0,0,0.0,0.0,15,1,14,0,[],<external_root>/testRepoSummaryOut/DevEval/Communications/chatette/graph_results_all/PageRank-15-subgraph/task_11_rank.gml
Communications/chatette,12,chatette.parsing.IntentDefBuilder.create_concrete,11,3,0.2727272727272727,3,0.2727272727272727,0.2727272727272727,15,4,11,1,"[""chatette.parsing.UnitDefBuilder._build_modifiers_repr"", ""chatette.parsing.UnitDefBuilder._check_information"", ""chatette.utils.Singleton.get_or_create""]",<external_root>/testRepoSummaryOut/DevEval/Communications/chatette/graph_results_all/PageRank-15-subgraph/task_12_rank.gml
Communications/chatette,13,chatette.parsing.UnitDefBuilder._build_modifiers_repr,4,1,0.25,1,0.25,0.0,15,2,13,1,"[""chatette.modifiers.representation.ModifiersRepresentation.argument_name""]",<external_root>/testRepoSummaryOut/DevEval/Communications/chatette/graph_results_all/PageRank-15-subgraph/task_13_rank.gml
Communications/chatette,14,chatette.utils.cast_to_unicode,1,0,0.0,0,0.0,0.0,15,4,11,0,[],<external_root>/testRepoSummaryOut/DevEval/Communications/chatette/graph_results_all/PageRank-15-subgraph/task_14_rank.gml
Communications/chatette,15,chatette.parsing.AliasDefBuilder.create_concrete,9,3,0.3333333333333333,3,0.3333333333333333,0.3333333333333333,15,4,11,1,"[""chatette.parsing.UnitDefBuilder._build_modifiers_repr"", ""chatette.parsing.UnitDefBuilder._check_information"", ""chatette.utils.Singleton.get_or_create""]",<external_root>/testRepoSummaryOut/DevEval/Communications/chatette/graph_results_all/PageRank-15-subgraph/task_15_rank.gml
Communications/chatette,16,chatette.cli.terminal_writer.TerminalWriter.write,3,3,1.0,3,1.0,0.0,15,1,14,0,"[""chatette.cli.terminal_writer.TerminalWriter._file_mode"", ""chatette.cli.terminal_writer.TerminalWriter.buffered_text"", ""chatette.cli.terminal_writer.TerminalWriter.redirection_file_path""]",<external_root>/testRepoSummaryOut/DevEval/Communications/chatette/graph_results_all/PageRank-15-subgraph/task_16_rank.gml
Communications/chatette,17,chatette.parsing.ChoiceBuilder.create_concrete,5,2,0.4,2,0.4,0.4,15,4,11,1,"[""chatette.parsing.ItemBuilder._build_modifiers_repr"", ""chatette.parsing.ItemBuilder._check_information""]",<external_root>/testRepoSummaryOut/DevEval/Communications/chatette/graph_results_all/PageRank-15-subgraph/task_17_rank.gml
Communications/chatette,18,chatette.cli.interactive_commands.command_strategy.CommandStrategy.get_unit_type_from_str,7,0,0.0,0,0.0,0.0,15,1,14,0,[],<external_root>/testRepoSummaryOut/DevEval/Communications/chatette/graph_results_all/PageRank-15-subgraph/task_18_rank.gml
Communications/chatette,19,chatette.parsing.UnitRefBuilder.create_concrete,6,3,0.5,3,0.5,0.5,15,3,12,1,"[""chatette.parsing.UnitRefBuilder._build_modifiers_repr"", ""chatette.parsing.UnitRefBuilder._check_information"", ""chatette.units.modifiable.unit_reference.UnitReference""]",<external_root>/testRepoSummaryOut/DevEval/Communications/chatette/graph_results_all/PageRank-15-subgraph/task_19_rank.gml
Communications/chatette,20,chatette.utils.Singleton.reset_instance,1,0,0.0,0,0.0,0.0,15,5,10,0,[],<external_root>/testRepoSummaryOut/DevEval/Communications/chatette/graph_results_all/PageRank-15-subgraph/task_20_rank.gml
Communications/chatette,21,chatette.parsing.UnitRefBuilder._build_modifiers_repr,6,1,0.16666666666666666,1,0.16666666666666666,0.0,15,3,12,1,"[""chatette.modifiers.representation.ModifiersRepresentation.argument_value""]",<external_root>/testRepoSummaryOut/DevEval/Communications/chatette/graph_results_all/PageRank-15-subgraph/task_21_rank.gml
Communications/chatette,22,chatette.adapters.factory.create_adapter,3,1,0.3333333333333333,0,0.0,0.0,15,0,15,0,[],<external_root>/testRepoSummaryOut/DevEval/Communications/chatette/graph_results_all/PageRank-15-subgraph/task_22_rank.gml
Communications/ehforwarderbot,1,ehforwarderbot.utils.get_config_path,5,3,0.6,3,0.6,0.4,11,3,8,0,"[""ehforwarderbot.types.ModuleID"", ""ehforwarderbot.utils.get_base_path"", ""ehforwarderbot.utils.get_data_path""]",<external_root>/testRepoSummaryOut/DevEval/Communications/ehforwarderbot/graph_results_all/PageRank-15-subgraph/task_1_rank.gml
Communications/ehforwarderbot,2,ehforwarderbot.chat.Chat.add_member,5,3,0.6,3,0.6,0.2,15,2,13,0,"[""ehforwarderbot.chat.Chat.members"", ""ehforwarderbot.chat.ChatMember.__init__"", ""ehforwarderbot.types.ChatID""]",<external_root>/testRepoSummaryOut/DevEval/Communications/ehforwarderbot/graph_results_all/PageRank-15-subgraph/task_2_rank.gml
Communications/ehforwarderbot,3,ehforwarderbot.utils.get_custom_modules_path,1,1,1.0,1,1.0,1.0,11,1,10,0,"[""ehforwarderbot.utils.get_base_path""]",<external_root>/testRepoSummaryOut/DevEval/Communications/ehforwarderbot/graph_results_all/PageRank-15-subgraph/task_3_rank.gml
Communications/ehforwarderbot,4,ehforwarderbot.chat.PrivateChat.verify,4,2,0.5,3,0.75,0.5,15,3,12,0,"[""ehforwarderbot.chat.Chat"", ""ehforwarderbot.chat.Chat.members"", ""ehforwarderbot.chat.ChatMember""]",<external_root>/testRepoSummaryOut/DevEval/Communications/ehforwarderbot/graph_results_all/PageRank-15-subgraph/task_4_rank.gml
Communications/ehforwarderbot,5,ehforwarderbot.chat.Chat.add_system_member,5,4,0.8,3,0.6,0.2,15,2,13,0,"[""ehforwarderbot.chat.Chat.make_system_member"", ""ehforwarderbot.chat.Chat.members"", ""ehforwarderbot.types.ChatID""]",<external_root>/testRepoSummaryOut/DevEval/Communications/ehforwarderbot/graph_results_all/PageRank-15-subgraph/task_5_rank.gml
Communications/hbmqtt,1,hbmqtt.codecs.bytes_to_int,0,0,,0,,,15,0,15,0,[],<external_root>/testRepoSummaryOut/DevEval/Communications/hbmqtt/graph_results_all/PageRank-15-subgraph/task_1_rank.gml
Communications/hbmqtt,2,hbmqtt.plugins.manager.PluginManager.get_plugin,1,1,1.0,1,1.0,0.0,15,1,14,0,"[""hbmqtt.plugins.manager.PluginManager._plugins""]",<external_root>/testRepoSummaryOut/DevEval/Communications/hbmqtt/graph_results_all/PageRank-15-subgraph/task_2_rank.gml
Communications/hbmqtt,3,hbmqtt.codecs.encode_string,1,1,1.0,1,1.0,1.0,15,0,15,0,"[""hbmqtt.codecs.int_to_bytes""]",<external_root>/testRepoSummaryOut/DevEval/Communications/hbmqtt/graph_results_all/PageRank-15-subgraph/task_3_rank.gml
Communications/hl7,1,hl7.datatypes.parse_datetime,3,0,0.0,1,0.3333333333333333,0.3333333333333333,15,1,14,0,"[""hl7.datatypes._UTCOffset""]",<external_root>/testRepoSummaryOut/DevEval/Communications/hl7/graph_results_all/PageRank-15-subgraph/task_1_rank.gml
Communications/hl7,2,hl7.client.MLLPClient.send,2,1,0.5,1,0.5,0.0,15,1,14,0,"[""hl7.client.MLLPClient.socket""]",<external_root>/testRepoSummaryOut/DevEval/Communications/hl7/graph_results_all/PageRank-15-subgraph/task_2_rank.gml
Communications/hl7,3,hl7.client.MLLPClient.send_message,6,2,0.3333333333333333,2,0.3333333333333333,0.16666666666666666,15,1,14,0,"[""hl7.client.MLLPClient.encoding"", ""hl7.client.MLLPClient.send""]",<external_root>/testRepoSummaryOut/DevEval/Communications/hl7/graph_results_all/PageRank-15-subgraph/task_3_rank.gml
Communications/hl7,4,hl7.datatypes._UTCOffset.tzname,1,1,1.0,1,1.0,0.0,15,6,9,0,"[""hl7.datatypes._UTCOffset.minutes""]",<external_root>/testRepoSummaryOut/DevEval/Communications/hl7/graph_results_all/PageRank-15-subgraph/task_4_rank.gml
Communications/hl7,5,hl7.parser._ParsePlan.next,5,5,1.0,5,1.0,0.0,15,1,14,0,"[""hl7.parser._ParsePlan.containers"", ""hl7.parser._ParsePlan.esc"", ""hl7.parser._ParsePlan.factory"", ""hl7.parser._ParsePlan.separator"", ""hl7.parser._ParsePlan.separators""]",<external_root>/testRepoSummaryOut/DevEval/Communications/hl7/graph_results_all/PageRank-15-subgraph/task_5_rank.gml
Communications/hl7,6,hl7.version.get_version,1,0,0.0,0,0.0,0.0,15,6,9,0,[],<external_root>/testRepoSummaryOut/DevEval/Communications/hl7/graph_results_all/PageRank-15-subgraph/task_6_rank.gml
Communications/hl7,7,hl7.parser._ParsePlan.container,4,4,1.0,4,1.0,0.0,15,1,14,0,"[""hl7.parser._ParsePlan.containers"", ""hl7.parser._ParsePlan.esc"", ""hl7.parser._ParsePlan.factory"", ""hl7.parser._ParsePlan.separators""]",<external_root>/testRepoSummaryOut/DevEval/Communications/hl7/graph_results_all/PageRank-15-subgraph/task_7_rank.gml
Communications/twilio-fatisar,1,twilio.base.deserialize.decimal,0,0,,0,,,12,4,8,0,[],<external_root>/testRepoSummaryOut/DevEval/Communications/twilio-fatisar/graph_results_all/PageRank-15-subgraph/task_1_rank.gml
Communications/twilio-fatisar,2,twilio.base.deserialize.integer,0,0,,0,,,15,4,11,0,[],<external_root>/testRepoSummaryOut/DevEval/Communications/twilio-fatisar/graph_results_all/PageRank-15-subgraph/task_2_rank.gml
Communications/twilio-fatisar,3,twilio.base.serialize.object,0,0,,0,,,15,0,15,0,[],<external_root>/testRepoSummaryOut/DevEval/Communications/twilio-fatisar/graph_results_all/PageRank-15-subgraph/task_3_rank.gml
Communications/twilio-fatisar,4,twilio.base.serialize.map,0,0,,0,,,13,4,9,0,[],<external_root>/testRepoSummaryOut/DevEval/Communications/twilio-fatisar/graph_results_all/PageRank-15-subgraph/task_4_rank.gml
Communications/twilio-fatisar,5,twilio.base.obsolete.deprecated_method,0,0,,0,,,15,0,15,0,[],<external_root>/testRepoSummaryOut/DevEval/Communications/twilio-fatisar/graph_results_all/PageRank-15-subgraph/task_5_rank.gml
Communications/twilio-fatisar,6,twilio.twiml.voice_response.Dial.client,3,1,0.3333333333333333,2,0.6666666666666666,0.6666666666666666,9,4,5,0,"[""twilio.twiml.voice_response.Client"", ""twilio.twiml.voice_response.Client.__init__""]",<external_root>/testRepoSummaryOut/DevEval/Communications/twilio-fatisar/graph_results_all/PageRank-15-subgraph/task_6_rank.gml
Communications/twilio-fatisar,7,twilio.twiml.voice_response.VoiceResponse.gather,3,0,0.0,0,0.0,0.0,15,1,14,0,[],<external_root>/testRepoSummaryOut/DevEval/Communications/twilio-fatisar/graph_results_all/PageRank-15-subgraph/task_7_rank.gml
Communications/twilio-fatisar,8,twilio.base.deserialize.iso8601_date,1,0,0.0,0,0.0,0.0,10,2,8,0,[],<external_root>/testRepoSummaryOut/DevEval/Communications/twilio-fatisar/graph_results_all/PageRank-15-subgraph/task_8_rank.gml
Communications/twilio-fatisar,9,twilio.base.serialize.iso8601_date,2,1,0.5,1,0.5,0.0,10,2,8,0,"[""twilio.base.values.unset""]",<external_root>/testRepoSummaryOut/DevEval/Communications/twilio-fatisar/graph_results_all/PageRank-15-subgraph/task_9_rank.gml
Communications/twilio-fatisar,10,twilio.twiml.voice_response.Gather.say,3,0,0.0,0,0.0,0.0,15,2,13,0,[],<external_root>/testRepoSummaryOut/DevEval/Communications/twilio-fatisar/graph_results_all/PageRank-15-subgraph/task_10_rank.gml
Communications/twilio-fatisar,11,twilio.twiml.TwiML.append,1,1,1.0,1,1.0,1.0,15,2,13,1,"[""twilio.twiml.TwiML.nest""]",<external_root>/testRepoSummaryOut/DevEval/Communications/twilio-fatisar/graph_results_all/PageRank-15-subgraph/task_11_rank.gml
Communications/twilio-fatisar,12,twilio.base.serialize.prefixed_collapsible_map,2,1,0.5,1,0.5,0.0,15,6,9,0,"[""twilio.base.values.unset""]",<external_root>/testRepoSummaryOut/DevEval/Communications/twilio-fatisar/graph_results_all/PageRank-15-subgraph/task_12_rank.gml
Communications/twilio-fatisar,13,twilio.twiml.voice_response.VoiceResponse.enqueue,3,0,0.0,0,0.0,0.0,15,2,13,0,[],<external_root>/testRepoSummaryOut/DevEval/Communications/twilio-fatisar/graph_results_all/PageRank-15-subgraph/task_13_rank.gml
Communications/twilio-fatisar,14,twilio.jwt.taskrouter.capabilities.WorkerCapabilityToken.allow_update_activities,2,1,0.5,1,0.5,0.5,15,3,12,0,"[""twilio.jwt.taskrouter.capabilities.WorkerCapabilityToken.resource_url""]",<external_root>/testRepoSummaryOut/DevEval/Communications/twilio-fatisar/graph_results_all/PageRank-15-subgraph/task_14_rank.gml
Communications/twilio-fatisar,15,twilio.twiml.voice_response.Dial.sip,3,1,0.3333333333333333,2,0.6666666666666666,0.6666666666666666,15,7,8,0,"[""twilio.twiml.voice_response.Sip"", ""twilio.twiml.voice_response.Sip.__init__""]",<external_root>/testRepoSummaryOut/DevEval/Communications/twilio-fatisar/graph_results_all/PageRank-15-subgraph/task_15_rank.gml
Communications/twilio-fatisar,16,twilio.twiml.messaging_response.MessagingResponse.message,3,0,0.0,0,0.0,0.0,15,0,15,0,[],<external_root>/testRepoSummaryOut/DevEval/Communications/twilio-fatisar/graph_results_all/PageRank-15-subgraph/task_16_rank.gml
Communications/twilio-fatisar,17,twilio.twiml.voice_response.VoiceResponse.dial,3,0,0.0,0,0.0,0.0,15,4,11,0,[],<external_root>/testRepoSummaryOut/DevEval/Communications/twilio-fatisar/graph_results_all/PageRank-15-subgraph/task_17_rank.gml
Communications/twilio-fatisar,18,twilio.twiml.voice_response.VoiceResponse.say,3,0,0.0,0,0.0,0.0,15,2,13,0,[],<external_root>/testRepoSummaryOut/DevEval/Communications/twilio-fatisar/graph_results_all/PageRank-15-subgraph/task_18_rank.gml
Communications/twilio-fatisar,19,twilio.jwt.Jwt.to_jwt,5,3,0.6,3,0.6,0.4,15,2,13,1,"[""twilio.jwt"", ""twilio.jwt.Jwt.headers"", ""twilio.jwt.Jwt.payload""]",<external_root>/testRepoSummaryOut/DevEval/Communications/twilio-fatisar/graph_results_all/PageRank-15-subgraph/task_19_rank.gml
Communications/twilio-fatisar,20,twilio.base.serialize.iso8601_datetime,2,1,0.5,1,0.5,0.0,15,0,15,0,"[""twilio.base.values.unset""]",<external_root>/testRepoSummaryOut/DevEval/Communications/twilio-fatisar/graph_results_all/PageRank-15-subgraph/task_20_rank.gml
Communications/twilio-fatisar,21,twilio.jwt.access_token.AccessToken.add_grant,2,0,0.0,0,0.0,0.0,15,2,13,1,[],<external_root>/testRepoSummaryOut/DevEval/Communications/twilio-fatisar/graph_results_all/PageRank-15-subgraph/task_21_rank.gml
Communications/twilio-fatisar,22,twilio.jwt.client.ClientCapabilityToken.allow_client_outgoing,4,1,0.25,2,0.5,0.5,15,4,11,1,"[""twilio.jwt.client.ScopeURI"", ""twilio.jwt.client.ScopeURI.add_param""]",<external_root>/testRepoSummaryOut/DevEval/Communications/twilio-fatisar/graph_results_all/PageRank-15-subgraph/task_22_rank.gml
Communications/twilio-fatisar,23,twilio.jwt.client.ScopeURI.to_payload,3,0,0.0,0,0.0,0.0,13,6,7,1,[],<external_root>/testRepoSummaryOut/DevEval/Communications/twilio-fatisar/graph_results_all/PageRank-15-subgraph/task_23_rank.gml
Communications/twilio-fatisar,24,twilio.jwt.client.ClientCapabilityToken.allow_event_stream,4,1,0.25,2,0.5,0.5,15,2,13,1,"[""twilio.jwt.client.ScopeURI"", ""twilio.jwt.client.ScopeURI.add_param""]",<external_root>/testRepoSummaryOut/DevEval/Communications/twilio-fatisar/graph_results_all/PageRank-15-subgraph/task_24_rank.gml
Communications/twilio-fatisar,25,twilio.twiml.voice_response.VoiceResponse.sms,3,1,0.3333333333333333,1,0.3333333333333333,0.3333333333333333,15,1,14,0,"[""twilio.twiml.voice_response.Sms.__init__""]",<external_root>/testRepoSummaryOut/DevEval/Communications/twilio-fatisar/graph_results_all/PageRank-15-subgraph/task_25_rank.gml
Communications/twilio-fatisar,26,twilio.twiml.voice_response.Dial.conference,3,0,0.0,0,0.0,0.0,15,1,14,0,[],<external_root>/testRepoSummaryOut/DevEval/Communications/twilio-fatisar/graph_results_all/PageRank-15-subgraph/task_26_rank.gml
Communications/twilio-fatisar,27,twilio.twiml.voice_response.Dial.queue,3,1,0.3333333333333333,2,0.6666666666666666,0.6666666666666666,15,4,11,0,"[""twilio.twiml.voice_response.Queue"", ""twilio.twiml.voice_response.Queue.__init__""]",<external_root>/testRepoSummaryOut/DevEval/Communications/twilio-fatisar/graph_results_all/PageRank-15-subgraph/task_27_rank.gml
Communications/twilio-fatisar,28,twilio.base.deserialize.iso8601_datetime,1,0,0.0,0,0.0,0.0,10,2,8,0,[],<external_root>/testRepoSummaryOut/DevEval/Communications/twilio-fatisar/graph_results_all/PageRank-15-subgraph/task_28_rank.gml
Communications/twilio-fatisar,29,twilio.jwt.client.ClientCapabilityToken._generate_payload,3,1,0.3333333333333333,1,0.3333333333333333,0.3333333333333333,15,2,13,1,"[""twilio.jwt.client.ScopeURI.add_param""]",<external_root>/testRepoSummaryOut/DevEval/Communications/twilio-fatisar/graph_results_all/PageRank-15-subgraph/task_29_rank.gml
Communications/twilio-fatisar,30,twilio.jwt.client.ClientCapabilityToken.allow_client_incoming,4,0,0.0,1,0.25,0.25,15,2,13,1,"[""twilio.jwt.client.ScopeURI""]",<external_root>/testRepoSummaryOut/DevEval/Communications/twilio-fatisar/graph_results_all/PageRank-15-subgraph/task_30_rank.gml
Communications/twtxt,1,twtxt.config.Config.following,3,1,0.3333333333333333,1,0.3333333333333333,0.0,15,1,14,0,"[""twtxt.config.Config.cfg""]",<external_root>/testRepoSummaryOut/DevEval/Communications/twtxt/graph_results_all/PageRank-15-subgraph/task_1_rank.gml
Communications/twtxt,2,twtxt.config.Config.create_config,2,1,0.5,1,0.5,0.5,15,1,14,0,"[""twtxt.config.Config.write_config""]",<external_root>/testRepoSummaryOut/DevEval/Communications/twtxt/graph_results_all/PageRank-15-subgraph/task_2_rank.gml
Communications/twtxt,3,twtxt.config.Config.options,2,1,0.5,1,0.5,0.0,15,1,14,0,"[""twtxt.config.Config.cfg""]",<external_root>/testRepoSummaryOut/DevEval/Communications/twtxt/graph_results_all/PageRank-15-subgraph/task_3_rank.gml
Communications/twtxt,4,twtxt.config.Config.from_file,2,1,0.5,1,0.5,0.5,15,1,14,0,"[""twtxt.config.Config.check_config_sanity""]",<external_root>/testRepoSummaryOut/DevEval/Communications/twtxt/graph_results_all/PageRank-15-subgraph/task_4_rank.gml
Communications/twtxt,5,twtxt.config.Config.discover,3,1,0.3333333333333333,1,0.3333333333333333,0.3333333333333333,15,1,14,0,"[""twtxt.config.Config.from_file""]",<external_root>/testRepoSummaryOut/DevEval/Communications/twtxt/graph_results_all/PageRank-15-subgraph/task_5_rank.gml
Communications/twtxt,6,twtxt.models.Tweet.relative_datetime,1,1,1.0,1,1.0,0.0,15,2,13,0,"[""twtxt.models.Tweet.created_at""]",<external_root>/testRepoSummaryOut/DevEval/Communications/twtxt/graph_results_all/PageRank-15-subgraph/task_6_rank.gml
Communications/twtxt,7,twtxt.parser.parse_tweets,2,2,1.0,2,1.0,0.5,15,1,14,0,"[""twtxt.parser.logger"", ""twtxt.parser.parse_tweet""]",<external_root>/testRepoSummaryOut/DevEval/Communications/twtxt/graph_results_all/PageRank-15-subgraph/task_7_rank.gml
Communications/twtxt,8,twtxt.mentions.format_mentions,2,1,0.5,1,0.5,0.0,15,0,15,0,"[""twtxt.mentions.mention_re""]",<external_root>/testRepoSummaryOut/DevEval/Communications/twtxt/graph_results_all/PageRank-15-subgraph/task_8_rank.gml
Communications/zulip-term,1,zulipterminal.helper.display_error_if_present,0,0,,0,,,15,1,14,0,[],<external_root>/testRepoSummaryOut/DevEval/Communications/zulip-term/graph_results_all/PageRank-15-subgraph/task_1_rank.gml
Communications/zulip-term,2,zulipterminal.ui_tools.buttons.MessageLinkButton._decode_message_id,0,0,,0,,,15,1,14,0,[],<external_root>/testRepoSummaryOut/DevEval/Communications/zulip-term/graph_results_all/PageRank-15-subgraph/task_2_rank.gml
Communications/zulip-term,3,zulipterminal.ui_tools.buttons.MessageLinkButton.handle_narrow_link,0,0,,0,,,15,1,14,0,[],<external_root>/testRepoSummaryOut/DevEval/Communications/zulip-term/graph_results_all/PageRank-15-subgraph/task_3_rank.gml
Communications/zulip-term,4,zulipterminal.config.color.color_properties,0,0,,0,,,15,0,15,0,[],<external_root>/testRepoSummaryOut/DevEval/Communications/zulip-term/graph_results_all/PageRank-15-subgraph/task_4_rank.gml
Communications/zulip-term,5,zulipterminal.ui_tools.utils.is_muted,3,1,0.3333333333333333,1,0.3333333333333333,0.3333333333333333,15,0,15,0,"[""zulipterminal.model.Model.is_muted_topic""]",<external_root>/testRepoSummaryOut/DevEval/Communications/zulip-term/graph_results_all/PageRank-15-subgraph/task_5_rank.gml
Communications/zulip-term,6,zulipterminal.ui_tools.boxes.WriteBox.stream_box_view,6,3,0.5,3,0.5,0.3333333333333333,15,1,14,0,"[""zulipterminal.ui_tools.boxes.WriteBox._set_stream_write_box_style"", ""zulipterminal.ui_tools.boxes.WriteBox._setup_common_stream_compose"", ""zulipterminal.ui_tools.boxes.WriteBox.model""]",<external_root>/testRepoSummaryOut/DevEval/Communications/zulip-term/graph_results_all/PageRank-15-subgraph/task_6_rank.gml
Communications/zulip-term,7,zulipterminal.server_url.near_message_url,3,2,0.6666666666666666,2,0.6666666666666666,0.6666666666666666,15,1,14,0,"[""zulipterminal.server_url.near_pm_message_url"", ""zulipterminal.server_url.near_stream_message_url""]",<external_root>/testRepoSummaryOut/DevEval/Communications/zulip-term/graph_results_all/PageRank-15-subgraph/task_7_rank.gml
Communications/zulip-term,8,zulipterminal.ui_tools.buttons.MessageLinkButton._validate_and_patch_stream_data,4,2,0.5,2,0.5,0.5,15,0,15,0,"[""zulipterminal.model.Model.is_valid_stream"", ""zulipterminal.model.Model.stream_id_from_name""]",<external_root>/testRepoSummaryOut/DevEval/Communications/zulip-term/graph_results_all/PageRank-15-subgraph/task_8_rank.gml
Communications/zulip-term,9,zulipterminal.ui_tools.buttons.TopButton.keypress,3,2,0.6666666666666666,2,0.6666666666666666,0.3333333333333333,15,0,15,0,"[""zulipterminal.config.keys.is_command_key"", ""zulipterminal.urwid_types.urwid_Size""]",<external_root>/testRepoSummaryOut/DevEval/Communications/zulip-term/graph_results_all/PageRank-15-subgraph/task_9_rank.gml
Communications/zulip-term,10,zulipterminal.helper.open_media,2,2,1.0,2,1.0,1.0,15,0,15,0,"[""zulipterminal.core.Controller.report_error"", ""zulipterminal.platform_code.successful_GUI_return_code""]",<external_root>/testRepoSummaryOut/DevEval/Communications/zulip-term/graph_results_all/PageRank-15-subgraph/task_10_rank.gml
Communications/zulip-term,11,zulipterminal.ui_tools.buttons.MessageLinkButton._switch_narrow_to,3,2,0.6666666666666666,2,0.6666666666666666,0.6666666666666666,15,0,15,0,"[""zulipterminal.core.Controller.narrow_to_stream"", ""zulipterminal.core.Controller.narrow_to_topic""]",<external_root>/testRepoSummaryOut/DevEval/Communications/zulip-term/graph_results_all/PageRank-15-subgraph/task_11_rank.gml
Communications/zulip-term,12,zulipterminal.ui_tools.boxes.WriteBox._to_box_autocomplete,2,1,0.5,1,0.5,0.5,15,1,14,0,"[""zulipterminal.ui_tools.boxes.WriteBox._process_typeaheads""]",<external_root>/testRepoSummaryOut/DevEval/Communications/zulip-term/graph_results_all/PageRank-15-subgraph/task_12_rank.gml
Communications/zulip-term,13,zulipterminal.ui_tools.buttons.MessageLinkButton._parse_narrow_link,3,1,0.3333333333333333,1,0.3333333333333333,0.3333333333333333,15,1,14,0,"[""zulipterminal.helper.hash_util_decode""]",<external_root>/testRepoSummaryOut/DevEval/Communications/zulip-term/graph_results_all/PageRank-15-subgraph/task_13_rank.gml
Communications/zulip-term,14,zulipterminal.ui_tools.boxes.WriteBox.stream_box_edit_view,8,4,0.5,4,0.5,0.25,15,1,14,0,"[""zulipterminal.ui_tools.boxes.WriteBox._set_stream_write_box_style"", ""zulipterminal.ui_tools.boxes.WriteBox._setup_common_stream_compose"", ""zulipterminal.ui_tools.boxes.WriteBox.header_write_box"", ""zulipterminal.ui_tools.boxes.WriteBox.model""]",<external_root>/testRepoSummaryOut/DevEval/Communications/zulip-term/graph_results_all/PageRank-15-subgraph/task_14_rank.gml
Communications/zulip-term,15,zulipterminal.ui_tools.boxes.WriteBox._topic_box_autocomplete,5,3,0.6,3,0.6,0.6,15,1,14,0,"[""zulipterminal.helper.match_topics"", ""zulipterminal.model.Model.topics_in_stream"", ""zulipterminal.ui_tools.boxes.WriteBox._process_typeaheads""]",<external_root>/testRepoSummaryOut/DevEval/Communications/zulip-term/graph_results_all/PageRank-15-subgraph/task_15_rank.gml
Communications/zulip-term,16,zulipterminal.helper.get_unused_fence,1,0,0.0,0,0.0,0.0,15,1,14,0,[],<external_root>/testRepoSummaryOut/DevEval/Communications/zulip-term/graph_results_all/PageRank-15-subgraph/task_16_rank.gml
Communications/zulip-term,17,zulipterminal.helper.canonicalize_color,2,0,0.0,0,0.0,0.0,15,3,12,0,[],<external_root>/testRepoSummaryOut/DevEval/Communications/zulip-term/graph_results_all/PageRank-15-subgraph/task_17_rank.gml
Communications/zulip-term,18,zulipterminal.ui_tools.boxes.WriteBox.generic_autocomplete,7,4,0.5714285714285714,4,0.5714285714285714,0.5714285714285714,15,1,14,0,"[""zulipterminal.ui_tools.boxes.WriteBox._process_typeaheads"", ""zulipterminal.ui_tools.boxes.WriteBox.autocomplete_groups"", ""zulipterminal.ui_tools.boxes.WriteBox.autocomplete_users"", ""zulipterminal.ui_tools.boxes.WriteBox.validate_and_patch_autocomplete_stream_and_topic""]",<external_root>/testRepoSummaryOut/DevEval/Communications/zulip-term/graph_results_all/PageRank-15-subgraph/task_18_rank.gml
Communications/zulip-term,19,zulipterminal.server_url.encode_stream,1,1,1.0,1,1.0,1.0,15,0,15,0,"[""zulipterminal.server_url.hash_util_encode""]",<external_root>/testRepoSummaryOut/DevEval/Communications/zulip-term/graph_results_all/PageRank-15-subgraph/task_19_rank.gml
Communications/zulip-term,20,zulipterminal.ui_tools.buttons.MessageLinkButton._validate_narrow_link,2,0,0.0,0,0.0,0.0,15,1,14,0,[],<external_root>/testRepoSummaryOut/DevEval/Communications/zulip-term/graph_results_all/PageRank-15-subgraph/task_20_rank.gml
Communications/zulip-term,21,zulipterminal.ui_tools.boxes.WriteBox._stream_box_autocomplete,3,2,0.6666666666666666,2,0.6666666666666666,0.6666666666666666,15,1,14,0,"[""zulipterminal.helper.match_stream"", ""zulipterminal.ui_tools.boxes.WriteBox._process_typeaheads""]",<external_root>/testRepoSummaryOut/DevEval/Communications/zulip-term/graph_results_all/PageRank-15-subgraph/task_21_rank.gml
Communications/zulip-term,22,zulipterminal.config.themes.add_pygments_style,2,1,0.5,1,0.5,0.0,15,0,15,0,"[""zulipterminal.config.themes.ThemeSpec""]",<external_root>/testRepoSummaryOut/DevEval/Communications/zulip-term/graph_results_all/PageRank-15-subgraph/task_22_rank.gml
Communications/zulip-term,23,zulipterminal.platform_code.normalized_file_path,1,1,1.0,1,1.0,0.0,15,1,14,0,"[""zulipterminal.platform_code.PLATFORM""]",<external_root>/testRepoSummaryOut/DevEval/Communications/zulip-term/graph_results_all/PageRank-15-subgraph/task_23_rank.gml
Communications/zulip-term,24,zulipterminal.config.themes.parse_themefile,3,2,0.6666666666666666,2,0.6666666666666666,0.0,15,0,15,0,"[""zulipterminal.config.themes.REQUIRED_STYLES"", ""zulipterminal.config.themes.ThemeSpec""]",<external_root>/testRepoSummaryOut/DevEval/Communications/zulip-term/graph_results_all/PageRank-15-subgraph/task_24_rank.gml
Communications/zulip-term,25,zulipterminal.ui_tools.boxes.WriteBox.update_recipients,3,2,0.6666666666666666,2,0.6666666666666666,0.3333333333333333,15,1,14,0,"[""zulipterminal.ui_tools.boxes.WriteBox._set_regular_and_typing_recipient_user_ids"", ""zulipterminal.ui_tools.boxes.WriteBox.recipient_emails""]",<external_root>/testRepoSummaryOut/DevEval/Communications/zulip-term/graph_results_all/PageRank-15-subgraph/task_25_rank.gml
Communications/zulip-term,26,zulipterminal.config.themes.complete_and_incomplete_themes,1,1,1.0,1,1.0,0.0,15,0,15,0,"[""zulipterminal.config.themes.THEMES""]",<external_root>/testRepoSummaryOut/DevEval/Communications/zulip-term/graph_results_all/PageRank-15-subgraph/task_26_rank.gml
Communications/zulip-term,27,zulipterminal.ui_tools.buttons.TopButton.update_widget,6,0,0.0,0,0.0,0.0,15,2,13,0,[],<external_root>/testRepoSummaryOut/DevEval/Communications/zulip-term/graph_results_all/PageRank-15-subgraph/task_27_rank.gml
Communications/zulip-term,28,zulipterminal.config.keys.commands_for_random_tips,2,1,0.5,1,0.5,0.0,15,0,15,0,"[""zulipterminal.config.keys.KEY_BINDINGS""]",<external_root>/testRepoSummaryOut/DevEval/Communications/zulip-term/graph_results_all/PageRank-15-subgraph/task_28_rank.gml
Communications/zulip-term,29,zulipterminal.ui_tools.boxes.PanelSearchBox.reset_search_text,1,0,0.0,0,0.0,0.0,15,0,15,0,[],<external_root>/testRepoSummaryOut/DevEval/Communications/zulip-term/graph_results_all/PageRank-15-subgraph/task_29_rank.gml
Communications/zulip-term,30,zulipterminal.ui_tools.boxes.PanelSearchBox.valid_char,1,0,0.0,0,0.0,0.0,15,2,13,0,[],<external_root>/testRepoSummaryOut/DevEval/Communications/zulip-term/graph_results_all/PageRank-15-subgraph/task_30_rank.gml
Communications/zulip-term,31,zulipterminal.config.themes.validate_colors,3,1,0.3333333333333333,1,0.3333333333333333,0.0,15,0,15,0,"[""zulipterminal.config.themes.THEMES""]",<external_root>/testRepoSummaryOut/DevEval/Communications/zulip-term/graph_results_all/PageRank-15-subgraph/task_31_rank.gml
Communications/zulip-term,32,zulipterminal.ui_tools.boxes.WriteBox._set_stream_write_box_style,8,2,0.25,2,0.25,0.125,15,1,14,0,"[""zulipterminal.model.Model.stream_access_type"", ""zulipterminal.ui_tools.boxes.WriteBox.model""]",<external_root>/testRepoSummaryOut/DevEval/Communications/zulip-term/graph_results_all/PageRank-15-subgraph/task_32_rank.gml
Communications/zulip-term,33,zulipterminal.ui_tools.buttons.TopButton.update_count,4,1,0.25,1,0.25,0.25,15,3,12,0,"[""zulipterminal.ui_tools.buttons.TopButton.update_widget""]",<external_root>/testRepoSummaryOut/DevEval/Communications/zulip-term/graph_results_all/PageRank-15-subgraph/task_33_rank.gml
Communications/zulip-term,34,zulipterminal.platform_code.successful_GUI_return_code,1,1,1.0,1,1.0,0.0,15,1,14,0,"[""zulipterminal.platform_code.PLATFORM""]",<external_root>/testRepoSummaryOut/DevEval/Communications/zulip-term/graph_results_all/PageRank-15-subgraph/task_34_rank.gml
Communications/zulip-term,35,zulipterminal.config.keys.is_command_key,2,1,0.5,1,0.5,0.0,15,0,15,0,"[""zulipterminal.config.keys.KEY_BINDINGS""]",<external_root>/testRepoSummaryOut/DevEval/Communications/zulip-term/graph_results_all/PageRank-15-subgraph/task_35_rank.gml
Communications/zulip-term,36,zulipterminal.config.keys.keys_for_command,2,1,0.5,1,0.5,0.0,15,0,15,0,"[""zulipterminal.config.keys.KEY_BINDINGS""]",<external_root>/testRepoSummaryOut/DevEval/Communications/zulip-term/graph_results_all/PageRank-15-subgraph/task_36_rank.gml
Database/alembic,1,alembic.script.write_hooks.register,0,0,,0,,,11,2,9,0,[],<external_root>/testRepoSummaryOut/DevEval/Database/alembic/graph_results_all/PageRank-15-subgraph/task_1_rank.gml
Database/alembic,2,alembic.operations.ops.DropColumnOp.from_column_and_tablename,3,1,0.3333333333333333,2,0.6666666666666666,0.6666666666666666,15,1,14,0,"[""alembic.operations.ops.AddColumnOp"", ""alembic.operations.ops.AddColumnOp.from_column_and_tablename""]",<external_root>/testRepoSummaryOut/DevEval/Database/alembic/graph_results_all/PageRank-15-subgraph/task_2_rank.gml
Database/alembic,3,alembic.util.sqla_compat._get_constraint_final_name,1,0,0.0,0,0.0,0.0,15,1,14,0,[],<external_root>/testRepoSummaryOut/DevEval/Database/alembic/graph_results_all/PageRank-15-subgraph/task_3_rank.gml
Database/alembic,4,alembic.script.revision.RevisionMap.get_revision,5,2,0.4,2,0.4,0.4,15,1,14,0,"[""alembic.script.revision.RevisionMap._resolve_revision_number"", ""alembic.script.revision.RevisionMap._revision_for_ident""]",<external_root>/testRepoSummaryOut/DevEval/Database/alembic/graph_results_all/PageRank-15-subgraph/task_4_rank.gml
Database/alembic,5,alembic.testing.env.multi_heads_fixture,5,1,0.2,1,0.2,0.2,15,0,15,0,"[""alembic.testing.env.write_script""]",<external_root>/testRepoSummaryOut/DevEval/Database/alembic/graph_results_all/PageRank-15-subgraph/task_5_rank.gml
Database/alembic,6,alembic.operations.ops.DropColumnOp.to_column,7,4,0.5714285714285714,4,0.5714285714285714,0.14285714285714285,15,3,12,0,"[""alembic.operations.ops.AddColumnOp.column"", ""alembic.operations.ops.DropColumnOp._reverse"", ""alembic.operations.schemaobj"", ""alembic.operations.schemaobj.SchemaObjects.column""]",<external_root>/testRepoSummaryOut/DevEval/Database/alembic/graph_results_all/PageRank-15-subgraph/task_6_rank.gml
Database/alembic,7,alembic.command.upgrade,6,0,0.0,0,0.0,0.0,15,3,12,0,[],<external_root>/testRepoSummaryOut/DevEval/Database/alembic/graph_results_all/PageRank-15-subgraph/task_7_rank.gml
Database/alembic,8,alembic.script.revision.Revision._all_down_revisions,5,1,0.2,1,0.2,0.0,15,1,14,0,"[""alembic.script.revision.Revision.down_revision""]",<external_root>/testRepoSummaryOut/DevEval/Database/alembic/graph_results_all/PageRank-15-subgraph/task_8_rank.gml
Database/alembic,9,alembic.autogenerate.compare._compare_server_default,15,4,0.26666666666666666,4,0.26666666666666666,0.26666666666666666,15,0,15,0,"[""alembic.autogenerate.compare._compare_computed_default"", ""alembic.autogenerate.compare._compare_identity_default"", ""alembic.autogenerate.compare._render_server_default_for_compare"", ""alembic.autogenerate.compare._warn_computed_not_supported""]",<external_root>/testRepoSummaryOut/DevEval/Database/alembic/graph_results_all/PageRank-15-subgraph/task_9_rank.gml
Database/alembic,10,alembic.operations.ops.DropConstraintOp.to_constraint,7,1,0.14285714285714285,1,0.14285714285714285,0.0,15,1,14,0,"[""alembic.util.sqla_compat""]",<external_root>/testRepoSummaryOut/DevEval/Database/alembic/graph_results_all/PageRank-15-subgraph/task_10_rank.gml
Database/alembic,11,alembic.operations.ops.DropTableOp.from_table,3,1,0.3333333333333333,2,0.6666666666666666,0.6666666666666666,15,1,14,0,"[""alembic.operations.ops.CreateTableOp"", ""alembic.operations.ops.CreateTableOp.from_table""]",<external_root>/testRepoSummaryOut/DevEval/Database/alembic/graph_results_all/PageRank-15-subgraph/task_11_rank.gml
Database/alembic,12,alembic.command.ensure_version,4,0,0.0,0,0.0,0.0,15,2,13,0,[],<external_root>/testRepoSummaryOut/DevEval/Database/alembic/graph_results_all/PageRank-15-subgraph/task_12_rank.gml
Database/alembic,13,alembic.testing.fixtures.capture_engine_context_buffer,3,1,0.3333333333333333,1,0.3333333333333333,0.3333333333333333,15,5,10,0,"[""alembic.testing.env._sqlite_file_db""]",<external_root>/testRepoSummaryOut/DevEval/Database/alembic/graph_results_all/PageRank-15-subgraph/task_13_rank.gml
Database/alembic,14,alembic.operations.ops.DropConstraintOp.from_constraint,6,2,0.3333333333333333,3,0.5,0.3333333333333333,15,1,14,0,"[""alembic.operations.ops.AddConstraintOp"", ""alembic.operations.ops.AddConstraintOp.from_constraint"", ""alembic.util.sqla_compat""]",<external_root>/testRepoSummaryOut/DevEval/Database/alembic/graph_results_all/PageRank-15-subgraph/task_14_rank.gml
Database/alembic,15,alembic.operations.schemaobj.SchemaObjects.index,1,0,0.0,0,0.0,0.0,15,2,13,0,[],<external_root>/testRepoSummaryOut/DevEval/Database/alembic/graph_results_all/PageRank-15-subgraph/task_15_rank.gml
Database/alembic,16,alembic.autogenerate.api.compare_metadata,4,2,0.5,2,0.5,0.5,15,0,15,0,"[""alembic.autogenerate.api.produce_migrations"", ""alembic.operations.ops.OpContainer.as_diffs""]",<external_root>/testRepoSummaryOut/DevEval/Database/alembic/graph_results_all/PageRank-15-subgraph/task_16_rank.gml
Database/alembic,17,alembic.testing.env._write_config_file,2,2,1.0,2,1.0,0.5,15,0,15,0,"[""alembic.config.Config.config_file_name"", ""alembic.testing.env._testing_config""]",<external_root>/testRepoSummaryOut/DevEval/Database/alembic/graph_results_all/PageRank-15-subgraph/task_17_rank.gml
Database/alembic,18,alembic.operations.ops.CreateIndexOp.from_index,3,0,0.0,1,0.3333333333333333,0.3333333333333333,15,2,13,0,"[""alembic.operations.ops.CreateIndexOp.__init__""]",<external_root>/testRepoSummaryOut/DevEval/Database/alembic/graph_results_all/PageRank-15-subgraph/task_18_rank.gml
Database/alembic,19,alembic.script.revision.RevisionMap._topological_sort,4,2,0.5,2,0.5,0.5,15,1,14,0,"[""alembic.script.revision.Revision._versioned_down_revisions"", ""alembic.script.revision.RevisionMap._revision_map""]",<external_root>/testRepoSummaryOut/DevEval/Database/alembic/graph_results_all/PageRank-15-subgraph/task_19_rank.gml
Database/alembic,20,alembic.operations.ops.DropIndexOp.to_index,10,2,0.2,2,0.2,0.1,15,1,14,0,"[""alembic.operations.schemaobj"", ""alembic.operations.schemaobj.SchemaObjects.index""]",<external_root>/testRepoSummaryOut/DevEval/Database/alembic/graph_results_all/PageRank-15-subgraph/task_20_rank.gml
Database/alembic,21,alembic.operations.schemaobj.SchemaObjects.unique_constraint,3,0,0.0,0,0.0,0.0,15,2,13,0,[],<external_root>/testRepoSummaryOut/DevEval/Database/alembic/graph_results_all/PageRank-15-subgraph/task_21_rank.gml
Database/alembic,22,alembic.command.merge,10,0,0.0,0,0.0,0.0,15,2,13,0,[],<external_root>/testRepoSummaryOut/DevEval/Database/alembic/graph_results_all/PageRank-15-subgraph/task_22_rank.gml
Database/alembic,23,alembic.operations.ops.AlterColumnOp.to_diff_tuple,11,0,0.0,0,0.0,0.0,15,0,15,0,[],<external_root>/testRepoSummaryOut/DevEval/Database/alembic/graph_results_all/PageRank-15-subgraph/task_23_rank.gml
Database/alembic,24,alembic.config.Config.print_stdout,4,2,0.5,2,0.5,0.25,15,0,15,0,"[""alembic.util"", ""alembic.util.messaging.write_outstream""]",<external_root>/testRepoSummaryOut/DevEval/Database/alembic/graph_results_all/PageRank-15-subgraph/task_24_rank.gml
Database/alembic,25,alembic.testing.env._no_sql_testing_config,2,2,1.0,2,1.0,1.0,15,0,15,0,"[""alembic.testing.env._get_staging_directory"", ""alembic.testing.env._write_config_file""]",<external_root>/testRepoSummaryOut/DevEval/Database/alembic/graph_results_all/PageRank-15-subgraph/task_25_rank.gml
Database/alembic,26,alembic.command.history,5,0,0.0,0,0.0,0.0,15,0,15,0,[],<external_root>/testRepoSummaryOut/DevEval/Database/alembic/graph_results_all/PageRank-15-subgraph/task_26_rank.gml
Database/alembic,27,alembic.testing.env.env_file_fixture,3,1,0.3333333333333333,1,0.3333333333333333,0.0,15,1,14,0,"[""alembic.util""]",<external_root>/testRepoSummaryOut/DevEval/Database/alembic/graph_results_all/PageRank-15-subgraph/task_27_rank.gml
Database/alembic,28,alembic.script.revision.RevisionMap.get_revisions,4,3,0.75,3,0.75,0.25,15,1,14,0,"[""alembic.script.revision.RevisionMap._resolve_revision_number"", ""alembic.script.revision._GetRevArg"", ""alembic.script.revision._RevisionOrBase""]",<external_root>/testRepoSummaryOut/DevEval/Database/alembic/graph_results_all/PageRank-15-subgraph/task_28_rank.gml
Database/alembic,29,alembic.autogenerate.render._render_unique_constraint,3,1,0.3333333333333333,1,0.3333333333333333,0.3333333333333333,15,2,13,0,"[""alembic.autogenerate.render._user_defined_render""]",<external_root>/testRepoSummaryOut/DevEval/Database/alembic/graph_results_all/PageRank-15-subgraph/task_29_rank.gml
Database/alembic,30,alembic.operations.ops.DropTableOp.to_table,13,2,0.15384615384615385,2,0.15384615384615385,0.07692307692307693,15,2,13,0,"[""alembic.operations.schemaobj"", ""alembic.operations.schemaobj.SchemaObjects.table""]",<external_root>/testRepoSummaryOut/DevEval/Database/alembic/graph_results_all/PageRank-15-subgraph/task_30_rank.gml
Database/alembic,31,alembic.testing.fixtures.capture_db,1,0,0.0,0,0.0,0.0,15,4,11,0,[],<external_root>/testRepoSummaryOut/DevEval/Database/alembic/graph_results_all/PageRank-15-subgraph/task_31_rank.gml
Database/alembic,32,alembic.autogenerate.render._render_check_constraint,5,4,0.8,4,0.8,0.8,15,0,15,0,"[""alembic.autogenerate.render._render_gen_name"", ""alembic.autogenerate.render._render_potential_expr"", ""alembic.autogenerate.render._sqlalchemy_autogenerate_prefix"", ""alembic.autogenerate.render._user_defined_render""]",<external_root>/testRepoSummaryOut/DevEval/Database/alembic/graph_results_all/PageRank-15-subgraph/task_32_rank.gml
Database/alembic,33,alembic.operations.ops.CreateTableOp.from_table,1,0,0.0,0,0.0,0.0,15,2,13,0,[],<external_root>/testRepoSummaryOut/DevEval/Database/alembic/graph_results_all/PageRank-15-subgraph/task_33_rank.gml
Database/alembic,34,alembic.operations.ops.DropColumnOp.reverse,6,2,0.3333333333333333,3,0.5,0.3333333333333333,15,3,12,0,"[""alembic.operations.ops.AddColumnOp"", ""alembic.operations.ops.AddColumnOp.column"", ""alembic.operations.ops.AddColumnOp.from_column_and_tablename""]",<external_root>/testRepoSummaryOut/DevEval/Database/alembic/graph_results_all/PageRank-15-subgraph/task_34_rank.gml
Database/alembic,35,alembic.testing.env.three_rev_fixture,5,1,0.2,1,0.2,0.2,15,0,15,0,"[""alembic.testing.env.write_script""]",<external_root>/testRepoSummaryOut/DevEval/Database/alembic/graph_results_all/PageRank-15-subgraph/task_35_rank.gml
Database/alembic,36,alembic.script.write_hooks._invoke,3,2,0.6666666666666666,2,0.6666666666666666,0.0,11,2,9,0,"[""alembic.script.write_hooks._registry"", ""alembic.util""]",<external_root>/testRepoSummaryOut/DevEval/Database/alembic/graph_results_all/PageRank-15-subgraph/task_36_rank.gml
Database/alembic,37,alembic.autogenerate.api.AutogenContext._within_batch,1,0,0.0,0,0.0,0.0,15,4,11,0,[],<external_root>/testRepoSummaryOut/DevEval/Database/alembic/graph_results_all/PageRank-15-subgraph/task_37_rank.gml
Database/alembic,38,alembic.operations.ops.CreatePrimaryKeyOp.to_constraint,9,2,0.2222222222222222,2,0.2222222222222222,0.1111111111111111,15,0,15,0,"[""alembic.operations.schemaobj"", ""alembic.operations.schemaobj.SchemaObjects.primary_key_constraint""]",<external_root>/testRepoSummaryOut/DevEval/Database/alembic/graph_results_all/PageRank-15-subgraph/task_38_rank.gml
Database/alembic,39,alembic.autogenerate.render._render_constraint,5,1,0.2,1,0.2,0.0,12,3,9,0,"[""alembic.util""]",<external_root>/testRepoSummaryOut/DevEval/Database/alembic/graph_results_all/PageRank-15-subgraph/task_39_rank.gml
Database/alembic,40,alembic.script.revision.RevisionMap.add_revision,19,2,0.10526315789473684,3,0.15789473684210525,0.15789473684210525,15,2,13,0,"[""alembic.script.revision.Revision"", ""alembic.script.revision.RevisionMap._revision_map"", ""alembic.script.revision.RevisionMap.bases""]",<external_root>/testRepoSummaryOut/DevEval/Database/alembic/graph_results_all/PageRank-15-subgraph/task_40_rank.gml
Database/alembic,41,alembic.script.revision.RevisionMap.iterate_revisions,6,1,0.16666666666666666,1,0.16666666666666666,0.16666666666666666,15,1,14,0,"[""alembic.script.revision.RevisionMap.get_revision""]",<external_root>/testRepoSummaryOut/DevEval/Database/alembic/graph_results_all/PageRank-15-subgraph/task_41_rank.gml
Database/alembic,42,alembic.command.downgrade,6,1,0.16666666666666666,1,0.16666666666666666,0.0,15,0,15,0,"[""alembic.util""]",<external_root>/testRepoSummaryOut/DevEval/Database/alembic/graph_results_all/PageRank-15-subgraph/task_42_rank.gml
Database/alembic,43,alembic.util.sqla_compat._connectable_has_table,1,1,1.0,1,1.0,0.0,15,3,12,0,"[""alembic.util.sqla_compat.sqla_14""]",<external_root>/testRepoSummaryOut/DevEval/Database/alembic/graph_results_all/PageRank-15-subgraph/task_43_rank.gml
Database/alembic,44,alembic.script.revision.Revision._normalized_down_revisions,5,1,0.2,1,0.2,0.0,15,1,14,0,"[""alembic.script.revision.Revision.down_revision""]",<external_root>/testRepoSummaryOut/DevEval/Database/alembic/graph_results_all/PageRank-15-subgraph/task_44_rank.gml
Database/alembic,45,alembic.autogenerate.render._render_server_default,8,4,0.5,4,0.5,0.5,15,0,15,0,"[""alembic.autogenerate.render._render_computed"", ""alembic.autogenerate.render._render_identity"", ""alembic.autogenerate.render._render_potential_expr"", ""alembic.autogenerate.render._user_defined_render""]",<external_root>/testRepoSummaryOut/DevEval/Database/alembic/graph_results_all/PageRank-15-subgraph/task_45_rank.gml
Database/alembic,46,alembic.operations.ops.AddColumnOp.reverse,5,1,0.2,2,0.4,0.4,15,1,14,0,"[""alembic.operations.ops.DropColumnOp"", ""alembic.operations.ops.DropColumnOp.from_column_and_tablename""]",<external_root>/testRepoSummaryOut/DevEval/Database/alembic/graph_results_all/PageRank-15-subgraph/task_46_rank.gml
Database/alembic,47,alembic.command.stamp,8,1,0.125,1,0.125,0.0,13,3,10,0,"[""alembic.script.revision._RevIdType""]",<external_root>/testRepoSummaryOut/DevEval/Database/alembic/graph_results_all/PageRank-15-subgraph/task_47_rank.gml
Database/alembic,48,alembic.operations.ops.DropIndexOp.from_index,3,2,0.6666666666666666,2,0.6666666666666666,0.6666666666666666,15,3,12,0,"[""alembic.operations.ops.CreateIndexOp"", ""alembic.operations.ops.CreateIndexOp.from_index""]",<external_root>/testRepoSummaryOut/DevEval/Database/alembic/graph_results_all/PageRank-15-subgraph/task_48_rank.gml
Database/alembic,49,alembic.script.revision.RevisionMap.filter_for_lineage,2,0,0.0,0,0.0,0.0,15,1,14,0,[],<external_root>/testRepoSummaryOut/DevEval/Database/alembic/graph_results_all/PageRank-15-subgraph/task_49_rank.gml
Database/alembic,50,alembic.config.Config.set_section_option,1,1,1.0,1,1.0,1.0,13,1,12,0,"[""alembic.config.Config.file_config""]",<external_root>/testRepoSummaryOut/DevEval/Database/alembic/graph_results_all/PageRank-15-subgraph/task_50_rank.gml
Database/alembic,51,alembic.script.revision.RevisionMap.heads,2,1,0.5,1,0.5,0.5,15,1,14,0,"[""alembic.script.revision.RevisionMap._revision_map""]",<external_root>/testRepoSummaryOut/DevEval/Database/alembic/graph_results_all/PageRank-15-subgraph/task_51_rank.gml
Database/asyncpg,1,asyncpg._testbase.TestCase.assertLoopErrorHandlerCalled,1,0,0.0,0,0.0,0.0,9,2,7,1,[],<external_root>/testRepoSummaryOut/DevEval/Database/asyncpg/graph_results_all/PageRank-15-subgraph/task_1_rank.gml
Database/awesome-autodl,1,awesome_autodl.autodl_topic2papers,1,1,1.0,1,1.0,1.0,15,2,13,1,"[""awesome_autodl.autodl_topic2path""]",<external_root>/testRepoSummaryOut/DevEval/Database/awesome-autodl/graph_results_all/PageRank-15-subgraph/task_1_rank.gml
Database/awesome-autodl,2,awesome_autodl.get_bib_abbrv_obj,1,1,1.0,1,1.0,1.0,15,1,14,1,"[""awesome_autodl.get_bib_abbrv_file""]",<external_root>/testRepoSummaryOut/DevEval/Database/awesome-autodl/graph_results_all/PageRank-15-subgraph/task_2_rank.gml
Database/bplustree,1,bplustree.memory.open_file_in_dir,0,0,,0,,,15,2,13,0,[],<external_root>/testRepoSummaryOut/DevEval/Database/bplustree/graph_results_all/PageRank-15-subgraph/task_1_rank.gml
Database/bplustree,2,bplustree.memory.FileMemory.read_transaction,0,0,,0,,,15,2,13,0,[],<external_root>/testRepoSummaryOut/DevEval/Database/bplustree/graph_results_all/PageRank-15-subgraph/task_2_rank.gml
Database/bplustree,3,bplustree.utils.pairwise,0,0,,0,,,15,3,12,0,[],<external_root>/testRepoSummaryOut/DevEval/Database/bplustree/graph_results_all/PageRank-15-subgraph/task_3_rank.gml
Database/bplustree,4,bplustree.utils.iter_slice,0,0,,0,,,15,1,14,0,[],<external_root>/testRepoSummaryOut/DevEval/Database/bplustree/graph_results_all/PageRank-15-subgraph/task_4_rank.gml
Database/bplustree,5,bplustree.serializer.StrSerializer.serialize,0,0,,0,,,15,5,10,0,[],<external_root>/testRepoSummaryOut/DevEval/Database/bplustree/graph_results_all/PageRank-15-subgraph/task_5_rank.gml
Database/bplustree,6,bplustree.memory.WAL.checkpoint,9,8,0.8888888888888888,8,0.8888888888888888,0.2222222222222222,15,2,13,0,"[""bplustree.memory.WAL._committed_pages"", ""bplustree.memory.WAL._dir_fd"", ""bplustree.memory.WAL._fd"", ""bplustree.memory.WAL._not_committed_pages"", ""bplustree.memory.WAL._page_size"", ""bplustree.memory.fsync_file_and_dir"", ""bplustree.memory.logger"", ""bplustree.memory.read_from_file""]",<external_root>/testRepoSummaryOut/DevEval/Database/bplustree/graph_results_all/PageRank-15-subgraph/task_6_rank.gml
Database/bplustree,7,bplustree.memory.FileMemory.get_node,8,2,0.25,2,0.25,0.125,15,2,13,0,"[""bplustree.memory.FileMemory._read_page"", ""bplustree.memory.FileMemory._tree_conf""]",<external_root>/testRepoSummaryOut/DevEval/Database/bplustree/graph_results_all/PageRank-15-subgraph/task_7_rank.gml
Database/bplustree,8,bplustree.memory.FileMemory.next_available_page,1,0,0.0,0,0.0,0.0,15,3,12,0,[],<external_root>/testRepoSummaryOut/DevEval/Database/bplustree/graph_results_all/PageRank-15-subgraph/task_8_rank.gml
Database/bplustree,9,bplustree.node.Node.dump,7,1,0.14285714285714285,1,0.14285714285714285,0.0,15,3,12,0,"[""bplustree.node.Node.entries""]",<external_root>/testRepoSummaryOut/DevEval/Database/bplustree/graph_results_all/PageRank-15-subgraph/task_9_rank.gml
Database/bplustree,10,bplustree.tree.BPlusTree._left_record_node,6,4,0.6666666666666666,4,0.6666666666666666,0.5,15,1,14,0,"[""bplustree.memory.FileMemory.get_node"", ""bplustree.node.Node.smallest_entry"", ""bplustree.tree.BPlusTree._mem"", ""bplustree.tree.BPlusTree._root_node""]",<external_root>/testRepoSummaryOut/DevEval/Database/bplustree/graph_results_all/PageRank-15-subgraph/task_10_rank.gml
Database/bplustree,11,bplustree.node.Node.from_page_data,11,5,0.45454545454545453,6,0.5454545454545454,0.45454545454545453,15,1,14,0,"[""bplustree.const.TreeConf"", ""bplustree.node.InternalNode.__init__"", ""bplustree.node.LeafNode"", ""bplustree.node.LeafNode.__init__"", ""bplustree.node.LonelyRootNode.__init__"", ""bplustree.node.RootNode.__init__""]",<external_root>/testRepoSummaryOut/DevEval/Database/bplustree/graph_results_all/PageRank-15-subgraph/task_11_rank.gml
Database/bplustree,12,bplustree.entry.Reference.__repr__,3,3,1.0,3,1.0,0.0,15,1,14,0,"[""bplustree.entry.Reference.after"", ""bplustree.entry.Reference.before"", ""bplustree.entry.Reference.key""]",<external_root>/testRepoSummaryOut/DevEval/Database/bplustree/graph_results_all/PageRank-15-subgraph/task_12_rank.gml
Database/bplustree,13,bplustree.memory.FileMemory.get_metadata,8,3,0.375,3,0.375,0.125,15,2,13,0,"[""bplustree.const.TreeConf"", ""bplustree.memory.FileMemory._read_page"", ""bplustree.memory.FileMemory._tree_conf""]",<external_root>/testRepoSummaryOut/DevEval/Database/bplustree/graph_results_all/PageRank-15-subgraph/task_13_rank.gml
Database/bplustree,14,bplustree.memory.FileMemory.set_metadata,6,2,0.3333333333333333,2,0.3333333333333333,0.0,15,3,12,0,"[""bplustree.const.TreeConf"", ""bplustree.memory.FileMemory._tree_conf""]",<external_root>/testRepoSummaryOut/DevEval/Database/bplustree/graph_results_all/PageRank-15-subgraph/task_14_rank.gml
Database/bplustree,15,bplustree.entry.Record.dump,9,6,0.6666666666666666,6,0.6666666666666666,0.1111111111111111,15,3,12,0,"[""bplustree.entry.Record._tree_conf"", ""bplustree.entry.Record.key"", ""bplustree.entry.Record.overflow_page"", ""bplustree.entry.Record.value"", ""bplustree.serializer"", ""bplustree.serializer.Serializer.serialize""]",<external_root>/testRepoSummaryOut/DevEval/Database/bplustree/graph_results_all/PageRank-15-subgraph/task_15_rank.gml
Database/bplustree,16,bplustree.memory.WAL.commit,4,2,0.5,2,0.5,0.25,15,2,13,0,"[""bplustree.memory.WAL._add_frame"", ""bplustree.memory.WAL._not_committed_pages""]",<external_root>/testRepoSummaryOut/DevEval/Database/bplustree/graph_results_all/PageRank-15-subgraph/task_16_rank.gml
Database/bplustree,17,bplustree.memory.WAL.rollback,4,2,0.5,2,0.5,0.25,15,2,13,0,"[""bplustree.memory.WAL._add_frame"", ""bplustree.memory.WAL._not_committed_pages""]",<external_root>/testRepoSummaryOut/DevEval/Database/bplustree/graph_results_all/PageRank-15-subgraph/task_17_rank.gml
Database/bplustree,18,bplustree.node.Node._find_entry_index,3,1,0.3333333333333333,1,0.3333333333333333,0.0,15,1,14,0,"[""bplustree.node.Node.entries""]",<external_root>/testRepoSummaryOut/DevEval/Database/bplustree/graph_results_all/PageRank-15-subgraph/task_18_rank.gml
Database/bplustree,19,bplustree.tree.BPlusTree._root_node,5,2,0.4,2,0.4,0.2,15,1,14,0,"[""bplustree.memory.FileMemory.get_node"", ""bplustree.tree.BPlusTree._mem""]",<external_root>/testRepoSummaryOut/DevEval/Database/bplustree/graph_results_all/PageRank-15-subgraph/task_19_rank.gml
Database/csvs-to-sqlite,1,csvs_to_sqlite.utils.table_exists,0,0,,0,,,15,2,13,0,[],<external_root>/testRepoSummaryOut/DevEval/Database/csvs-to-sqlite/graph_results_all/PageRank-15-subgraph/task_1_rank.gml
Database/csvs-to-sqlite,2,csvs_to_sqlite.utils.refactor_dataframes,3,2,0.6666666666666666,3,1.0,1.0,15,2,13,0,"[""csvs_to_sqlite.utils.LookupTable"", ""csvs_to_sqlite.utils.LookupTable.__init__"", ""csvs_to_sqlite.utils.LookupTable.id_for_value""]",<external_root>/testRepoSummaryOut/DevEval/Database/csvs-to-sqlite/graph_results_all/PageRank-15-subgraph/task_2_rank.gml
Database/datasette,1,datasette.filters.where_filters,0,0,,0,,,15,0,15,0,[],<external_root>/testRepoSummaryOut/DevEval/Database/datasette/graph_results_all/PageRank-15-subgraph/task_1_rank.gml
Database/datasette,2,datasette.utils.path_with_added_args,0,0,,0,,,15,1,14,1,[],<external_root>/testRepoSummaryOut/DevEval/Database/datasette/graph_results_all/PageRank-15-subgraph/task_2_rank.gml
Database/datasette,3,datasette.utils.path_with_replaced_args,0,0,,0,,,15,1,14,1,[],<external_root>/testRepoSummaryOut/DevEval/Database/datasette/graph_results_all/PageRank-15-subgraph/task_3_rank.gml
Database/datasette,4,datasette.utils.format_bytes,0,0,,0,,,15,5,10,1,[],<external_root>/testRepoSummaryOut/DevEval/Database/datasette/graph_results_all/PageRank-15-subgraph/task_4_rank.gml
Database/datasette,5,datasette.utils.actor_matches_allow,0,0,,0,,,15,0,15,1,[],<external_root>/testRepoSummaryOut/DevEval/Database/datasette/graph_results_all/PageRank-15-subgraph/task_5_rank.gml
Database/datasette,6,datasette.utils.resolve_env_secrets,0,0,,0,,,15,1,14,1,[],<external_root>/testRepoSummaryOut/DevEval/Database/datasette/graph_results_all/PageRank-15-subgraph/task_6_rank.gml
Database/datasette,7,datasette.utils.display_actor,0,0,,0,,,15,1,14,1,[],<external_root>/testRepoSummaryOut/DevEval/Database/datasette/graph_results_all/PageRank-15-subgraph/task_7_rank.gml
Database/datasette,8,datasette.utils.initial_path_for_datasette,0,0,,0,,,15,1,14,1,[],<external_root>/testRepoSummaryOut/DevEval/Database/datasette/graph_results_all/PageRank-15-subgraph/task_8_rank.gml
Database/datasette,9,datasette.utils.tilde_decode,0,0,,0,,,15,2,13,1,[],<external_root>/testRepoSummaryOut/DevEval/Database/datasette/graph_results_all/PageRank-15-subgraph/task_9_rank.gml
Database/datasette,10,datasette.utils.resolve_routes,0,0,,0,,,15,0,15,1,[],<external_root>/testRepoSummaryOut/DevEval/Database/datasette/graph_results_all/PageRank-15-subgraph/task_10_rank.gml
Database/datasette,11,datasette.utils.truncate_url,0,0,,0,,,15,3,12,1,[],<external_root>/testRepoSummaryOut/DevEval/Database/datasette/graph_results_all/PageRank-15-subgraph/task_11_rank.gml
Database/datasette,12,datasette.facets.ArrayFacet.facet_results,18,10,0.5555555555555556,10,0.5555555555555556,0.2777777777777778,15,1,14,0,"[""datasette.app.Datasette.absolute_url"", ""datasette.app.Datasette.setting"", ""datasette.facets.Facet.database"", ""datasette.facets.Facet.ds"", ""datasette.facets.Facet.get_configs"", ""datasette.facets.Facet.get_facet_size"", ""datasette.facets.Facet.get_querystring_pairs"", ""datasette.facets.Facet.params"", ""datasette.facets.Facet.request"", ""datasette.facets.Facet.sql""]",<external_root>/testRepoSummaryOut/DevEval/Database/datasette/graph_results_all/PageRank-15-subgraph/task_12_rank.gml
Database/datasette,13,datasette.plugins.get_plugins,2,1,0.5,1,0.5,0.0,15,2,13,0,"[""datasette.plugins.DEFAULT_PLUGINS""]",<external_root>/testRepoSummaryOut/DevEval/Database/datasette/graph_results_all/PageRank-15-subgraph/task_13_rank.gml
Database/datasette,14,datasette.app.Datasette.check_visibility,2,1,0.5,1,0.5,0.5,15,1,14,0,"[""datasette.app.Datasette.ensure_permissions""]",<external_root>/testRepoSummaryOut/DevEval/Database/datasette/graph_results_all/PageRank-15-subgraph/task_14_rank.gml
Database/datasette,15,datasette.utils.asgi.Request.fake,1,0,0.0,0,0.0,0.0,15,2,13,0,[],<external_root>/testRepoSummaryOut/DevEval/Database/datasette/graph_results_all/PageRank-15-subgraph/task_15_rank.gml
Database/datasette,16,datasette.utils.asgi.Response.redirect,1,0,0.0,0,0.0,0.0,15,0,15,0,[],<external_root>/testRepoSummaryOut/DevEval/Database/datasette/graph_results_all/PageRank-15-subgraph/task_16_rank.gml
Database/datasette,17,datasette.facets.ColumnFacet.suggest,17,8,0.47058823529411764,8,0.47058823529411764,0.29411764705882354,15,2,13,0,"[""datasette.app.Datasette.absolute_url"", ""datasette.app.Datasette.setting"", ""datasette.facets.Facet.database"", ""datasette.facets.Facet.ds"", ""datasette.facets.Facet.get_columns"", ""datasette.facets.Facet.get_configs"", ""datasette.facets.Facet.get_facet_size"", ""datasette.facets.Facet.request""]",<external_root>/testRepoSummaryOut/DevEval/Database/datasette/graph_results_all/PageRank-15-subgraph/task_17_rank.gml
Database/datasette,18,datasette.utils.asgi.Response.asgi_send,5,0,0.0,0,0.0,0.0,15,0,15,0,[],<external_root>/testRepoSummaryOut/DevEval/Database/datasette/graph_results_all/PageRank-15-subgraph/task_18_rank.gml
Database/datasette,19,datasette.utils.asgi.Response.set_cookie,2,0,0.0,0,0.0,0.0,15,1,14,0,[],<external_root>/testRepoSummaryOut/DevEval/Database/datasette/graph_results_all/PageRank-15-subgraph/task_19_rank.gml
Database/datasette,20,datasette.app.Datasette.add_database,2,1,0.5,1,0.5,0.5,15,2,13,0,"[""datasette.database.Database.suggest_name""]",<external_root>/testRepoSummaryOut/DevEval/Database/datasette/graph_results_all/PageRank-15-subgraph/task_20_rank.gml
Database/datasette,21,datasette.app.Datasette.render_template,14,5,0.35714285714285715,5,0.35714285714285715,0.2857142857142857,15,1,14,0,"[""datasette.app.Datasette._asset_urls"", ""datasette.app.Datasette.app_css_hash"", ""datasette.app.Datasette.urls"", ""datasette.plugins.pm"", ""datasette.utils.asgi.Request.actor""]",<external_root>/testRepoSummaryOut/DevEval/Database/datasette/graph_results_all/PageRank-15-subgraph/task_21_rank.gml
Database/datasette,22,datasette.utils.validate_sql_select,3,0,0.0,0,0.0,0.0,15,2,13,1,[],<external_root>/testRepoSummaryOut/DevEval/Database/datasette/graph_results_all/PageRank-15-subgraph/task_22_rank.gml
Database/datasette,23,datasette.facets.ArrayFacet.suggest,15,9,0.6,9,0.6,0.26666666666666666,15,2,13,0,"[""datasette.app.Datasette.absolute_url"", ""datasette.app.Datasette.setting"", ""datasette.facets.Facet.database"", ""datasette.facets.Facet.ds"", ""datasette.facets.Facet.get_columns"", ""datasette.facets.Facet.get_configs"", ""datasette.facets.Facet.params"", ""datasette.facets.Facet.request"", ""datasette.facets.Facet.sql""]",<external_root>/testRepoSummaryOut/DevEval/Database/datasette/graph_results_all/PageRank-15-subgraph/task_23_rank.gml
Database/datasette,24,datasette.app.Datasette.ensure_permissions,2,1,0.5,1,0.5,0.5,15,1,14,0,"[""datasette.app.Datasette.permission_allowed""]",<external_root>/testRepoSummaryOut/DevEval/Database/datasette/graph_results_all/PageRank-15-subgraph/task_24_rank.gml
Database/datasette,25,datasette.utils.asgi.Response.text,1,0,0.0,0,0.0,0.0,15,2,13,0,[],<external_root>/testRepoSummaryOut/DevEval/Database/datasette/graph_results_all/PageRank-15-subgraph/task_25_rank.gml
Database/datasette,26,datasette.utils.call_with_supported_arguments,1,1,1.0,1,1.0,1.0,15,1,14,1,"[""datasette.utils._gather_arguments""]",<external_root>/testRepoSummaryOut/DevEval/Database/datasette/graph_results_all/PageRank-15-subgraph/task_26_rank.gml
Database/datasette,27,datasette.utils.escape_css_string,1,0,0.0,0,0.0,0.0,15,1,14,1,[],<external_root>/testRepoSummaryOut/DevEval/Database/datasette/graph_results_all/PageRank-15-subgraph/task_27_rank.gml
Database/datasette,28,datasette.utils.derive_named_parameters,1,0,0.0,0,0.0,0.0,15,0,15,1,[],<external_root>/testRepoSummaryOut/DevEval/Database/datasette/graph_results_all/PageRank-15-subgraph/task_28_rank.gml
Database/datasette,29,datasette.app.Datasette.invoke_startup,4,1,0.25,1,0.25,0.0,15,2,13,0,"[""datasette.plugins.pm""]",<external_root>/testRepoSummaryOut/DevEval/Database/datasette/graph_results_all/PageRank-15-subgraph/task_29_rank.gml
Database/datasette,30,datasette.utils.asgi.Response.html,1,0,0.0,0,0.0,0.0,15,0,15,0,[],<external_root>/testRepoSummaryOut/DevEval/Database/datasette/graph_results_all/PageRank-15-subgraph/task_30_rank.gml
Database/datasette,31,datasette.facets.ColumnFacet.facet_results,20,11,0.55,11,0.55,0.25,15,1,14,0,"[""datasette.app.Datasette.absolute_url"", ""datasette.app.Datasette.setting"", ""datasette.facets.Facet.database"", ""datasette.facets.Facet.ds"", ""datasette.facets.Facet.get_configs"", ""datasette.facets.Facet.get_facet_size"", ""datasette.facets.Facet.get_querystring_pairs"", ""datasette.facets.Facet.params"", ""datasette.facets.Facet.request"", ""datasette.facets.Facet.sql"", ""datasette.facets.Facet.table""]",<external_root>/testRepoSummaryOut/DevEval/Database/datasette/graph_results_all/PageRank-15-subgraph/task_31_rank.gml
Database/datasette,32,datasette.utils.asgi.Request.full_path,2,2,1.0,2,1.0,1.0,15,1,14,0,"[""datasette.utils.asgi.Request.path"", ""datasette.utils.asgi.Request.query_string""]",<external_root>/testRepoSummaryOut/DevEval/Database/datasette/graph_results_all/PageRank-15-subgraph/task_32_rank.gml
Database/datasette,33,datasette.utils.parse_metadata,1,0,0.0,0,0.0,0.0,15,2,13,1,[],<external_root>/testRepoSummaryOut/DevEval/Database/datasette/graph_results_all/PageRank-15-subgraph/task_33_rank.gml
Database/datasette,34,datasette.utils.check_connection,3,1,0.3333333333333333,1,0.3333333333333333,0.3333333333333333,15,0,15,1,"[""datasette.utils.escape_sqlite""]",<external_root>/testRepoSummaryOut/DevEval/Database/datasette/graph_results_all/PageRank-15-subgraph/task_34_rank.gml
Database/datasette,35,datasette.app.DatasetteClient.get,2,2,1.0,2,1.0,0.5,15,1,14,0,"[""datasette.app.DatasetteClient._fix"", ""datasette.app.DatasetteClient.app""]",<external_root>/testRepoSummaryOut/DevEval/Database/datasette/graph_results_all/PageRank-15-subgraph/task_35_rank.gml
Database/datasette,36,datasette.utils.escape_fts,1,0,0.0,0,0.0,0.0,15,1,14,1,[],<external_root>/testRepoSummaryOut/DevEval/Database/datasette/graph_results_all/PageRank-15-subgraph/task_36_rank.gml
Database/datasette,37,datasette.utils.asgi.Request.post_body,1,0,0.0,0,0.0,0.0,15,1,14,0,[],<external_root>/testRepoSummaryOut/DevEval/Database/datasette/graph_results_all/PageRank-15-subgraph/task_37_rank.gml
Database/datasette,38,datasette.app.Datasette.get_database,1,0,0.0,0,0.0,0.0,15,1,14,0,[],<external_root>/testRepoSummaryOut/DevEval/Database/datasette/graph_results_all/PageRank-15-subgraph/task_38_rank.gml
Database/datasette,39,datasette.utils.to_css_class,2,0,0.0,0,0.0,0.0,15,3,12,1,[],<external_root>/testRepoSummaryOut/DevEval/Database/datasette/graph_results_all/PageRank-15-subgraph/task_39_rank.gml
Database/datasette,40,datasette.utils.asgi.Response.json,2,0,0.0,0,0.0,0.0,15,0,15,0,[],<external_root>/testRepoSummaryOut/DevEval/Database/datasette/graph_results_all/PageRank-15-subgraph/task_40_rank.gml
Database/datasette,41,datasette.utils.is_url,1,0,0.0,0,0.0,0.0,15,0,15,1,[],<external_root>/testRepoSummaryOut/DevEval/Database/datasette/graph_results_all/PageRank-15-subgraph/task_41_rank.gml
Database/datasette,42,datasette.facets.DateFacet.facet_results,16,10,0.625,10,0.625,0.3125,15,2,13,0,"[""datasette.app.Datasette.absolute_url"", ""datasette.app.Datasette.setting"", ""datasette.facets.Facet.database"", ""datasette.facets.Facet.ds"", ""datasette.facets.Facet.get_configs"", ""datasette.facets.Facet.get_facet_size"", ""datasette.facets.Facet.get_querystring_pairs"", ""datasette.facets.Facet.params"", ""datasette.facets.Facet.request"", ""datasette.facets.Facet.sql""]",<external_root>/testRepoSummaryOut/DevEval/Database/datasette/graph_results_all/PageRank-15-subgraph/task_42_rank.gml
Database/happybase,1,aiohappybase._util.pep8_to_camel_case,0,0,,0,,,15,2,13,0,[],<external_root>/testRepoSummaryOut/DevEval/Database/happybase/graph_results_all/PageRank-15-subgraph/task_1_rank.gml
Database/happybase,2,aiohappybase._util.bytes_increment,0,0,,0,,,15,1,14,0,[],<external_root>/testRepoSummaryOut/DevEval/Database/happybase/graph_results_all/PageRank-15-subgraph/task_2_rank.gml
Database/happybase,3,aiohappybase._util.camel_case_to_pep8,1,0,0.0,0,0.0,0.0,15,3,12,0,[],<external_root>/testRepoSummaryOut/DevEval/Database/happybase/graph_results_all/PageRank-15-subgraph/task_3_rank.gml
Database/litecli,1,litecli.packages.parseutils.query_starts_with,0,0,,0,,,15,0,15,0,[],<external_root>/testRepoSummaryOut/DevEval/Database/litecli/graph_results_all/PageRank-15-subgraph/task_1_rank.gml
Database/litecli,2,litecli.packages.parseutils.is_destructive,1,1,1.0,1,1.0,1.0,15,0,15,0,"[""litecli.packages.parseutils.queries_start_with""]",<external_root>/testRepoSummaryOut/DevEval/Database/litecli/graph_results_all/PageRank-15-subgraph/task_2_rank.gml
Database/litecli,3,litecli.packages.parseutils.extract_tables,2,2,1.0,2,1.0,1.0,13,1,12,0,"[""litecli.packages.parseutils.extract_from_part"", ""litecli.packages.parseutils.extract_table_identifiers""]",<external_root>/testRepoSummaryOut/DevEval/Database/litecli/graph_results_all/PageRank-15-subgraph/task_3_rank.gml
Database/litecli,4,litecli.packages.parseutils.queries_start_with,1,1,1.0,1,1.0,1.0,15,0,15,0,"[""litecli.packages.parseutils.query_starts_with""]",<external_root>/testRepoSummaryOut/DevEval/Database/litecli/graph_results_all/PageRank-15-subgraph/task_4_rank.gml
Database/litecli,5,litecli.packages.completion_engine.suggest_type,4,3,0.75,3,0.75,0.75,15,0,15,0,"[""litecli.packages.completion_engine.suggest_based_on_last_token"", ""litecli.packages.completion_engine.suggest_special"", ""litecli.packages.parseutils.last_word""]",<external_root>/testRepoSummaryOut/DevEval/Database/litecli/graph_results_all/PageRank-15-subgraph/task_5_rank.gml
Database/mongoengine,1,mongoengine.base.datastructures.BaseDict.get,1,1,1.0,1,1.0,1.0,11,3,8,0,"[""mongoengine.base.datastructures.BaseDict.__getitem__""]",<external_root>/testRepoSummaryOut/DevEval/Database/mongoengine/graph_results_all/PageRank-15-subgraph/task_1_rank.gml
Database/mssql-cli,1,mssqlcli.config.ensure_dir_exists,0,0,,0,,,15,1,14,0,[],<external_root>/testRepoSummaryOut/DevEval/Database/mssql-cli/graph_results_all/PageRank-15-subgraph/task_1_rank.gml
Database/mssql-cli,2,mssqlcli.telemetry._user_id_file_is_old,0,0,,0,,,15,2,13,0,[],<external_root>/testRepoSummaryOut/DevEval/Database/mssql-cli/graph_results_all/PageRank-15-subgraph/task_2_rank.gml
Database/mssql-cli,3,mssqlcli.util.is_command_valid,0,0,,0,,,15,2,13,0,[],<external_root>/testRepoSummaryOut/DevEval/Database/mssql-cli/graph_results_all/PageRank-15-subgraph/task_3_rank.gml
Database/mssql-cli,4,mssqlcli.packages.parseutils.utils.find_prev_keyword,0,0,,0,,,15,1,14,0,[],<external_root>/testRepoSummaryOut/DevEval/Database/mssql-cli/graph_results_all/PageRank-15-subgraph/task_4_rank.gml
Database/mssql-cli,5,mssqlcli.packages.sqlcompletion.suggest_type,9,6,0.6666666666666666,7,0.7777777777777778,0.3333333333333333,15,2,13,0,"[""mssqlcli.packages.sqlcompletion.SqlStatement"", ""mssqlcli.packages.sqlcompletion.SqlStatement.__init__"", ""mssqlcli.packages.sqlcompletion.SqlStatement.last_token"", ""mssqlcli.packages.sqlcompletion.SqlStatement.parsed"", ""mssqlcli.packages.sqlcompletion.SqlStatement.text_before_cursor"", ""mssqlcli.packages.sqlcompletion.SqlStatement.word_before_cursor"", ""mssqlcli.packages.sqlcompletion.suggest_based_on_last_token""]",<external_root>/testRepoSummaryOut/DevEval/Database/mssql-cli/graph_results_all/PageRank-15-subgraph/task_5_rank.gml
Database/mssql-cli,6,mssqlcli.packages.parseutils.ctes.extract_ctes,2,2,1.0,2,1.0,1.0,15,1,14,0,"[""mssqlcli.packages.parseutils.ctes.get_cte_from_token"", ""mssqlcli.packages.parseutils.ctes.token_start_pos""]",<external_root>/testRepoSummaryOut/DevEval/Database/mssql-cli/graph_results_all/PageRank-15-subgraph/task_6_rank.gml
Database/mssql-cli,7,mssqlcli.packages.parseutils.tables.extract_tables,2,2,1.0,2,1.0,1.0,15,4,11,0,"[""mssqlcli.packages.parseutils.tables.extract_from_part"", ""mssqlcli.packages.parseutils.tables.extract_table_identifiers""]",<external_root>/testRepoSummaryOut/DevEval/Database/mssql-cli/graph_results_all/PageRank-15-subgraph/task_7_rank.gml
Database/mssql-cli,8,mssqlcli.jsonrpc.jsonrpcclient.JsonRpcReader.close,1,1,1.0,1,1.0,0.0,15,3,12,0,"[""mssqlcli.jsonrpc.jsonrpcclient.JsonRpcReader.stream""]",<external_root>/testRepoSummaryOut/DevEval/Database/mssql-cli/graph_results_all/PageRank-15-subgraph/task_8_rank.gml
Database/mssql-cli,9,mssqlcli.localized_strings.translation,3,0,0.0,0,0.0,0.0,15,3,12,0,[],<external_root>/testRepoSummaryOut/DevEval/Database/mssql-cli/graph_results_all/PageRank-15-subgraph/task_9_rank.gml
Database/mssql-cli,10,mssqlcli.jsonrpc.jsonrpcclient.JsonRpcReader.read_response,11,8,0.7272727272727273,8,0.7272727272727273,0.36363636363636365,15,3,12,0,"[""mssqlcli.jsonrpc.jsonrpcclient.JsonRpcReader.needs_more_data"", ""mssqlcli.jsonrpc.jsonrpcclient.JsonRpcReader.read_next_chunk"", ""mssqlcli.jsonrpc.jsonrpcclient.JsonRpcReader.read_offset"", ""mssqlcli.jsonrpc.jsonrpcclient.JsonRpcReader.read_state"", ""mssqlcli.jsonrpc.jsonrpcclient.JsonRpcReader.trim_buffer_and_resize"", ""mssqlcli.jsonrpc.jsonrpcclient.JsonRpcReader.try_read_content"", ""mssqlcli.jsonrpc.jsonrpcclient.JsonRpcReader.try_read_headers"", ""mssqlcli.jsonrpc.jsonrpcclient.logger""]",<external_root>/testRepoSummaryOut/DevEval/Database/mssql-cli/graph_results_all/PageRank-15-subgraph/task_10_rank.gml
Database/mssql-cli,11,mssqlcli.jsonrpc.jsonrpcclient.JsonRpcClient.shutdown,6,6,1.0,6,1.0,0.16666666666666666,15,1,14,0,"[""mssqlcli.jsonrpc.jsonrpcclient.JsonRpcClient.cancel"", ""mssqlcli.jsonrpc.jsonrpcclient.JsonRpcClient.request_queue"", ""mssqlcli.jsonrpc.jsonrpcclient.JsonRpcClient.request_thread"", ""mssqlcli.jsonrpc.jsonrpcclient.JsonRpcClient.writer"", ""mssqlcli.jsonrpc.jsonrpcclient.JsonRpcWriter.close"", ""mssqlcli.jsonrpc.jsonrpcclient.logger""]",<external_root>/testRepoSummaryOut/DevEval/Database/mssql-cli/graph_results_all/PageRank-15-subgraph/task_11_rank.gml
Database/mssql-cli,12,mssqlcli.jsonrpc.jsonrpcclient.JsonRpcClient.get_response,2,2,1.0,2,1.0,0.0,15,1,14,0,"[""mssqlcli.jsonrpc.jsonrpcclient.JsonRpcClient.exception_queue"", ""mssqlcli.jsonrpc.jsonrpcclient.JsonRpcClient.response_map""]",<external_root>/testRepoSummaryOut/DevEval/Database/mssql-cli/graph_results_all/PageRank-15-subgraph/task_12_rank.gml
Database/mssql-cli,13,mssqlcli.jsonrpc.jsonrpcclient.JsonRpcReader.try_read_headers,12,8,0.6666666666666666,8,0.6666666666666666,0.08333333333333333,15,3,12,0,"[""mssqlcli.jsonrpc.jsonrpcclient.JsonRpcReader.buffer"", ""mssqlcli.jsonrpc.jsonrpcclient.JsonRpcReader.buffer_end_offset"", ""mssqlcli.jsonrpc.jsonrpcclient.JsonRpcReader.expected_content_length"", ""mssqlcli.jsonrpc.jsonrpcclient.JsonRpcReader.headers"", ""mssqlcli.jsonrpc.jsonrpcclient.JsonRpcReader.read_offset"", ""mssqlcli.jsonrpc.jsonrpcclient.JsonRpcReader.read_state"", ""mssqlcli.jsonrpc.jsonrpcclient.JsonRpcReader.trim_buffer_and_resize"", ""mssqlcli.jsonrpc.jsonrpcclient.logger""]",<external_root>/testRepoSummaryOut/DevEval/Database/mssql-cli/graph_results_all/PageRank-15-subgraph/task_13_rank.gml
Database/mssql-cli,14,mssqlcli.jsonrpc.jsonrpcclient.JsonRpcReader.read_next_chunk,5,4,0.8,4,0.8,0.0,15,2,13,0,"[""mssqlcli.jsonrpc.jsonrpcclient.JsonRpcReader.buffer"", ""mssqlcli.jsonrpc.jsonrpcclient.JsonRpcReader.buffer_end_offset"", ""mssqlcli.jsonrpc.jsonrpcclient.JsonRpcReader.stream"", ""mssqlcli.jsonrpc.jsonrpcclient.logger""]",<external_root>/testRepoSummaryOut/DevEval/Database/mssql-cli/graph_results_all/PageRank-15-subgraph/task_14_rank.gml
Database/mssql-cli,15,mssqlcli.packages.prioritization.PrevalenceCounter.update,2,2,1.0,2,1.0,1.0,15,4,11,0,"[""mssqlcli.packages.prioritization.PrevalenceCounter.update_keywords"", ""mssqlcli.packages.prioritization.PrevalenceCounter.update_names""]",<external_root>/testRepoSummaryOut/DevEval/Database/mssql-cli/graph_results_all/PageRank-15-subgraph/task_15_rank.gml
Database/mssql-cli,16,mssqlcli.mssqlbuffer._is_query_executable,1,1,1.0,1,1.0,1.0,15,0,15,0,"[""mssqlcli.packages.parseutils.utils.is_open_quote""]",<external_root>/testRepoSummaryOut/DevEval/Database/mssql-cli/graph_results_all/PageRank-15-subgraph/task_16_rank.gml
Database/mssql-cli,17,mssqlcli.jsonrpc.jsonrpcclient.JsonRpcClient.start,7,5,0.7142857142857143,5,0.7142857142857143,0.2857142857142857,15,2,13,0,"[""mssqlcli.jsonrpc.jsonrpcclient.JsonRpcClient.REQUEST_THREAD_NAME"", ""mssqlcli.jsonrpc.jsonrpcclient.JsonRpcClient.RESPONSE_THREAD_NAME"", ""mssqlcli.jsonrpc.jsonrpcclient.JsonRpcClient._listen_for_request"", ""mssqlcli.jsonrpc.jsonrpcclient.JsonRpcClient._listen_for_response"", ""mssqlcli.jsonrpc.jsonrpcclient.logger""]",<external_root>/testRepoSummaryOut/DevEval/Database/mssql-cli/graph_results_all/PageRank-15-subgraph/task_17_rank.gml
Database/mssql-cli,18,mssqlcli.jsonrpc.jsonrpcclient.JsonRpcClient.submit_request,1,1,1.0,1,1.0,0.0,15,1,14,0,"[""mssqlcli.jsonrpc.jsonrpcclient.JsonRpcClient.request_queue""]",<external_root>/testRepoSummaryOut/DevEval/Database/mssql-cli/graph_results_all/PageRank-15-subgraph/task_18_rank.gml
Database/mssql-cli,19,mssqlcli.jsonrpc.jsonrpcclient.JsonRpcWriter.send_request,4,1,0.25,1,0.25,0.0,15,1,14,0,"[""mssqlcli.jsonrpc.jsonrpcclient.logger""]",<external_root>/testRepoSummaryOut/DevEval/Database/mssql-cli/graph_results_all/PageRank-15-subgraph/task_19_rank.gml
Database/mssql-cli,20,mssqlcli.telemetry.conclude,5,2,0.4,2,0.4,0.4,15,1,14,0,"[""mssqlcli.telemetry.output_payload_to_file"", ""mssqlcli.telemetry.upload_payload""]",<external_root>/testRepoSummaryOut/DevEval/Database/mssql-cli/graph_results_all/PageRank-15-subgraph/task_20_rank.gml
Database/sqlite-utils,1,sqlite_utils.utils.maximize_csv_field_size_limit,0,0,,0,,,10,3,7,0,[],<external_root>/testRepoSummaryOut/DevEval/Database/sqlite-utils/graph_results_all/PageRank-15-subgraph/task_1_rank.gml
Database/sqlite-utils,2,sqlite_utils.utils.column_affinity,0,0,,0,,,15,1,14,0,[],<external_root>/testRepoSummaryOut/DevEval/Database/sqlite-utils/graph_results_all/PageRank-15-subgraph/task_2_rank.gml
Database/sqlite-utils,3,sqlite_utils.utils.decode_base64_values,0,0,,0,,,15,1,14,0,[],<external_root>/testRepoSummaryOut/DevEval/Database/sqlite-utils/graph_results_all/PageRank-15-subgraph/task_3_rank.gml
Database/sqlite-utils,4,sqlite_utils.utils.chunks,0,0,,0,,,15,2,13,0,[],<external_root>/testRepoSummaryOut/DevEval/Database/sqlite-utils/graph_results_all/PageRank-15-subgraph/task_4_rank.gml
Database/sqlite-utils,5,sqlite_utils.utils.hash_record,0,0,,0,,,15,1,14,0,[],<external_root>/testRepoSummaryOut/DevEval/Database/sqlite-utils/graph_results_all/PageRank-15-subgraph/task_5_rank.gml
Database/sqlite-utils,6,sqlite_utils.utils.suggest_column_types,1,1,1.0,1,1.0,1.0,15,2,13,0,"[""sqlite_utils.utils.types_for_column_types""]",<external_root>/testRepoSummaryOut/DevEval/Database/sqlite-utils/graph_results_all/PageRank-15-subgraph/task_6_rank.gml
Database/sqlite-utils,7,sqlite_utils.plugins.get_plugins,1,0,0.0,0,0.0,0.0,15,0,15,0,[],<external_root>/testRepoSummaryOut/DevEval/Database/sqlite-utils/graph_results_all/PageRank-15-subgraph/task_7_rank.gml
Internet/Authlib,1,authlib.oauth2.rfc6749.util.scope_to_list,0,0,,0,,,15,0,15,0,[],<external_root>/testRepoSummaryOut/DevEval/Internet/Authlib/graph_results_all/PageRank-15-subgraph/task_1_rank.gml
Internet/Authlib,2,authlib.common.encoding.to_unicode,0,0,,0,,,15,0,15,0,[],<external_root>/testRepoSummaryOut/DevEval/Internet/Authlib/graph_results_all/PageRank-15-subgraph/task_2_rank.gml
Internet/Authlib,3,authlib.common.encoding.to_bytes,0,0,,0,,,15,0,15,0,[],<external_root>/testRepoSummaryOut/DevEval/Internet/Authlib/graph_results_all/PageRank-15-subgraph/task_3_rank.gml
Internet/Authlib,4,authlib.common.encoding.urlsafe_b64decode,0,0,,0,,,15,0,15,0,[],<external_root>/testRepoSummaryOut/DevEval/Internet/Authlib/graph_results_all/PageRank-15-subgraph/task_4_rank.gml
Internet/Authlib,5,authlib.oauth2.rfc6749.util.list_to_scope,1,1,1.0,1,1.0,1.0,15,0,15,0,"[""authlib.common.encoding.to_unicode""]",<external_root>/testRepoSummaryOut/DevEval/Internet/Authlib/graph_results_all/PageRank-15-subgraph/task_5_rank.gml
Internet/Authlib,6,authlib.oauth2.rfc6749.util.extract_basic_authorization,1,0,0.0,0,0.0,0.0,15,1,14,0,[],<external_root>/testRepoSummaryOut/DevEval/Internet/Authlib/graph_results_all/PageRank-15-subgraph/task_6_rank.gml
Internet/Authlib,7,authlib.oauth2.rfc6749.parameters.parse_implicit_response,3,0,0.0,0,0.0,0.0,15,0,15,0,[],<external_root>/testRepoSummaryOut/DevEval/Internet/Authlib/graph_results_all/PageRank-15-subgraph/task_7_rank.gml
Internet/Authlib,8,authlib.common.encoding.json_b64encode,3,2,0.6666666666666666,2,0.6666666666666666,0.6666666666666666,15,0,15,0,"[""authlib.common.encoding.to_bytes"", ""authlib.common.encoding.urlsafe_b64encode""]",<external_root>/testRepoSummaryOut/DevEval/Internet/Authlib/graph_results_all/PageRank-15-subgraph/task_8_rank.gml
Internet/Authlib,9,authlib.oauth2.rfc6749.parameters.parse_authorization_code_response,2,0,0.0,0,0.0,0.0,15,1,14,0,[],<external_root>/testRepoSummaryOut/DevEval/Internet/Authlib/graph_results_all/PageRank-15-subgraph/task_9_rank.gml
Internet/Authlib,10,authlib.oauth2.rfc6749.parameters.prepare_grant_uri,3,1,0.3333333333333333,1,0.3333333333333333,0.3333333333333333,15,2,13,0,"[""authlib.common.urls.add_params_to_uri""]",<external_root>/testRepoSummaryOut/DevEval/Internet/Authlib/graph_results_all/PageRank-15-subgraph/task_10_rank.gml
Internet/Authlib,11,authlib.jose.util.extract_header,3,1,0.3333333333333333,1,0.3333333333333333,0.3333333333333333,15,0,15,0,"[""authlib.common.encoding.json_loads""]",<external_root>/testRepoSummaryOut/DevEval/Internet/Authlib/graph_results_all/PageRank-15-subgraph/task_11_rank.gml
Internet/Jinja2,1,jinja2.async_utils.auto_aiter,0,0,,0,,,15,0,15,0,[],<external_root>/testRepoSummaryOut/DevEval/Internet/Jinja2/graph_results_all/PageRank-15-subgraph/task_1_rank.gml
Internet/Jinja2,2,jinja2.utils.consume,0,0,,0,,,15,3,12,0,[],<external_root>/testRepoSummaryOut/DevEval/Internet/Jinja2/graph_results_all/PageRank-15-subgraph/task_2_rank.gml
Internet/Jinja2,3,jinja2.utils.object_type_repr,0,0,,0,,,15,2,13,0,[],<external_root>/testRepoSummaryOut/DevEval/Internet/Jinja2/graph_results_all/PageRank-15-subgraph/task_3_rank.gml
Internet/Jinja2,4,jinja2.utils.LRUCache.setdefault,0,0,,0,,,15,2,13,0,[],<external_root>/testRepoSummaryOut/DevEval/Internet/Jinja2/graph_results_all/PageRank-15-subgraph/task_4_rank.gml
Internet/Jinja2,5,jinja2.meta.find_undeclared_variables,6,0,0.0,0,0.0,0.0,15,1,14,0,[],<external_root>/testRepoSummaryOut/DevEval/Internet/Jinja2/graph_results_all/PageRank-15-subgraph/task_5_rank.gml
Internet/Jinja2,6,jinja2.loaders.split_template_path,1,0,0.0,0,0.0,0.0,15,3,12,0,[],<external_root>/testRepoSummaryOut/DevEval/Internet/Jinja2/graph_results_all/PageRank-15-subgraph/task_6_rank.gml
Internet/Jinja2,7,jinja2.environment.Environment.get_template,3,2,0.6666666666666666,2,0.6666666666666666,0.6666666666666666,15,1,14,0,"[""jinja2.environment.Environment._load_template"", ""jinja2.environment.Environment.join_path""]",<external_root>/testRepoSummaryOut/DevEval/Internet/Jinja2/graph_results_all/PageRank-15-subgraph/task_7_rank.gml
Internet/Jinja2,8,jinja2.environment.Environment.from_string,4,2,0.5,2,0.5,0.5,15,1,14,0,"[""jinja2.environment.Environment.make_globals"", ""jinja2.environment.Template.from_code""]",<external_root>/testRepoSummaryOut/DevEval/Internet/Jinja2/graph_results_all/PageRank-15-subgraph/task_8_rank.gml
Internet/Jinja2,9,jinja2.utils.generate_lorem_ipsum,1,0,0.0,0,0.0,0.0,7,1,6,0,[],<external_root>/testRepoSummaryOut/DevEval/Internet/Jinja2/graph_results_all/PageRank-15-subgraph/task_9_rank.gml
Internet/Jinja2,10,jinja2.environment.Template.render,7,3,0.42857142857142855,3,0.42857142857142855,0.42857142857142855,15,1,14,0,"[""jinja2.environment.Environment.handle_exception"", ""jinja2.environment.Template.new_context"", ""jinja2.environment.Template.render_async""]",<external_root>/testRepoSummaryOut/DevEval/Internet/Jinja2/graph_results_all/PageRank-15-subgraph/task_10_rank.gml
Internet/Jinja2,11,jinja2.bccache.MemcachedBytecodeCache.load_bytecode,6,4,0.6666666666666666,4,0.6666666666666666,0.16666666666666666,15,3,12,0,"[""jinja2.bccache.Bucket.bytecode_from_string"", ""jinja2.bccache.MemcachedBytecodeCache.client"", ""jinja2.bccache.MemcachedBytecodeCache.ignore_memcache_errors"", ""jinja2.bccache.MemcachedBytecodeCache.prefix""]",<external_root>/testRepoSummaryOut/DevEval/Internet/Jinja2/graph_results_all/PageRank-15-subgraph/task_11_rank.gml
Internet/Jinja2,12,jinja2.idtracking.Symbols.find_ref,3,2,0.6666666666666666,2,0.6666666666666666,0.0,15,1,14,0,"[""jinja2.idtracking.Symbols.parent"", ""jinja2.idtracking.Symbols.refs""]",<external_root>/testRepoSummaryOut/DevEval/Internet/Jinja2/graph_results_all/PageRank-15-subgraph/task_12_rank.gml
Internet/Jinja2,13,jinja2.utils.LRUCache.clear,3,3,1.0,3,1.0,0.0,15,3,12,0,"[""jinja2.utils.LRUCache._mapping"", ""jinja2.utils.LRUCache._queue"", ""jinja2.utils.LRUCache._wlock""]",<external_root>/testRepoSummaryOut/DevEval/Internet/Jinja2/graph_results_all/PageRank-15-subgraph/task_13_rank.gml
Internet/Jinja2,14,jinja2.idtracking.symbols_for_node,3,0,0.0,1,0.3333333333333333,0.3333333333333333,15,1,14,0,"[""jinja2.idtracking.Symbols""]",<external_root>/testRepoSummaryOut/DevEval/Internet/Jinja2/graph_results_all/PageRank-15-subgraph/task_14_rank.gml
Internet/Jinja2,15,jinja2.bccache.MemcachedBytecodeCache.dump_bytecode,7,5,0.7142857142857143,5,0.7142857142857143,0.14285714285714285,15,3,12,0,"[""jinja2.bccache.Bucket.bytecode_to_string"", ""jinja2.bccache.Bucket.key"", ""jinja2.bccache.MemcachedBytecodeCache.client"", ""jinja2.bccache.MemcachedBytecodeCache.ignore_memcache_errors"", ""jinja2.bccache.MemcachedBytecodeCache.prefix""]",<external_root>/testRepoSummaryOut/DevEval/Internet/Jinja2/graph_results_all/PageRank-15-subgraph/task_15_rank.gml
Internet/Jinja2,16,jinja2.idtracking.Symbols.dump_stores,2,2,1.0,2,1.0,0.5,15,1,14,0,"[""jinja2.idtracking.Symbols.find_ref"", ""jinja2.idtracking.Symbols.stores""]",<external_root>/testRepoSummaryOut/DevEval/Internet/Jinja2/graph_results_all/PageRank-15-subgraph/task_16_rank.gml
Internet/Jinja2,17,jinja2.utils.LRUCache.items,1,1,1.0,1,1.0,0.0,15,2,13,0,"[""jinja2.utils.LRUCache._queue""]",<external_root>/testRepoSummaryOut/DevEval/Internet/Jinja2/graph_results_all/PageRank-15-subgraph/task_17_rank.gml
Internet/boto,1,boto.sdb.db.sequence.fib,0,0,,0,,,15,3,12,0,[],<external_root>/testRepoSummaryOut/DevEval/Internet/boto/graph_results_all/PageRank-15-subgraph/task_1_rank.gml
Internet/boto,2,boto.s3.website.RoutingRules.add_rule,0,0,,0,,,15,1,14,0,[],<external_root>/testRepoSummaryOut/DevEval/Internet/boto/graph_results_all/PageRank-15-subgraph/task_2_rank.gml
Internet/boto,3,boto.cloudfront.distribution.Distribution._canned_policy,0,0,,0,,,15,2,13,0,[],<external_root>/testRepoSummaryOut/DevEval/Internet/boto/graph_results_all/PageRank-15-subgraph/task_3_rank.gml
Internet/boto,4,boto.cloudfront.invalidation.InvalidationBatch.escape,0,0,,0,,,15,1,14,0,[],<external_root>/testRepoSummaryOut/DevEval/Internet/boto/graph_results_all/PageRank-15-subgraph/task_4_rank.gml
Internet/boto,5,boto.datapipeline.connect_to_region,2,1,0.5,1,0.5,0.5,15,0,15,1,"[""boto.regioninfo.connect""]",<external_root>/testRepoSummaryOut/DevEval/Internet/boto/graph_results_all/PageRank-15-subgraph/task_5_rank.gml
Internet/boto,6,boto.s3.connection.S3Connection._required_auth_capability,1,0,0.0,0,0.0,0.0,15,1,14,0,[],<external_root>/testRepoSummaryOut/DevEval/Internet/boto/graph_results_all/PageRank-15-subgraph/task_6_rank.gml
Internet/boto,7,boto.ec2.securitygroup.SecurityGroup.add_rule,7,1,0.14285714285714285,1,0.14285714285714285,0.0,15,1,14,0,"[""boto.ec2.securitygroup.SecurityGroup.rules""]",<external_root>/testRepoSummaryOut/DevEval/Internet/boto/graph_results_all/PageRank-15-subgraph/task_7_rank.gml
Internet/boto,8,boto.s3.connect_to_region,6,3,0.5,3,0.5,0.3333333333333333,15,0,15,1,"[""boto.regioninfo"", ""boto.regioninfo.connect"", ""boto.s3.S3RegionInfo.connect""]",<external_root>/testRepoSummaryOut/DevEval/Internet/boto/graph_results_all/PageRank-15-subgraph/task_8_rank.gml
Internet/boto,9,boto.dynamodb2.table.Table.count,1,0,0.0,0,0.0,0.0,15,1,14,0,[],<external_root>/testRepoSummaryOut/DevEval/Internet/boto/graph_results_all/PageRank-15-subgraph/task_9_rank.gml
Internet/boto,10,boto.dynamodb2.items.Item.get_keys,2,1,0.5,1,0.5,0.5,15,1,14,0,"[""boto.dynamodb2.table.Table.get_key_fields""]",<external_root>/testRepoSummaryOut/DevEval/Internet/boto/graph_results_all/PageRank-15-subgraph/task_10_rank.gml
Internet/boto,11,boto.dynamodb2.table.Table._build_filters,5,2,0.4,2,0.4,0.0,15,1,14,0,"[""boto.dynamodb2.table.Table._dynamizer"", ""boto.dynamodb2.types.QUERY_OPERATORS""]",<external_root>/testRepoSummaryOut/DevEval/Internet/boto/graph_results_all/PageRank-15-subgraph/task_11_rank.gml
Internet/boto,12,boto.glacier.utils.chunk_hashes,1,0,0.0,0,0.0,0.0,15,0,15,0,[],<external_root>/testRepoSummaryOut/DevEval/Internet/boto/graph_results_all/PageRank-15-subgraph/task_12_rank.gml
Internet/boto,13,boto.utils.LazyLoadMetadata.values,1,1,1.0,1,1.0,1.0,15,1,14,0,"[""boto.utils.LazyLoadMetadata._materialize""]",<external_root>/testRepoSummaryOut/DevEval/Internet/boto/graph_results_all/PageRank-15-subgraph/task_13_rank.gml
Internet/boto,14,boto.dynamodb.batch.Batch.to_dict,7,2,0.2857142857142857,2,0.2857142857142857,0.14285714285714285,15,2,13,0,"[""boto.dynamodb.layer2"", ""boto.dynamodb.layer2.Layer2.build_key_from_values""]",<external_root>/testRepoSummaryOut/DevEval/Internet/boto/graph_results_all/PageRank-15-subgraph/task_14_rank.gml
Internet/boto,15,boto.vpc.connect_to_region,2,1,0.5,1,0.5,0.5,15,0,15,1,"[""boto.regioninfo.connect""]",<external_root>/testRepoSummaryOut/DevEval/Internet/boto/graph_results_all/PageRank-15-subgraph/task_15_rank.gml
Internet/boto,16,boto.ec2.networkinterface.NetworkInterface.update,5,1,0.2,1,0.2,0.2,15,0,15,0,"[""boto.ec2.networkinterface.NetworkInterface._update""]",<external_root>/testRepoSummaryOut/DevEval/Internet/boto/graph_results_all/PageRank-15-subgraph/task_16_rank.gml
Internet/boto,17,boto.ec2.connect_to_region,3,1,0.3333333333333333,1,0.3333333333333333,0.3333333333333333,15,0,15,1,"[""boto.regioninfo.connect""]",<external_root>/testRepoSummaryOut/DevEval/Internet/boto/graph_results_all/PageRank-15-subgraph/task_17_rank.gml
Internet/boto,18,boto.dynamodb2.fields.GlobalBaseIndexField.schema,3,1,0.3333333333333333,1,0.3333333333333333,0.3333333333333333,15,2,13,0,"[""boto.dynamodb2.fields.BaseIndexField.schema""]",<external_root>/testRepoSummaryOut/DevEval/Internet/boto/graph_results_all/PageRank-15-subgraph/task_18_rank.gml
Internet/boto,19,boto.dynamodb2.items.Item.get_raw_keys,3,2,0.6666666666666666,2,0.6666666666666666,0.6666666666666666,15,1,14,0,"[""boto.dynamodb.types.Dynamizer.encode"", ""boto.dynamodb2.items.Item.get_keys""]",<external_root>/testRepoSummaryOut/DevEval/Internet/boto/graph_results_all/PageRank-15-subgraph/task_19_rank.gml
Internet/boto,20,boto.dynamodb2.table.Table.delete,3,3,1.0,3,1.0,0.3333333333333333,15,1,14,0,"[""boto.dynamodb2.layer1.DynamoDBConnection.delete_table"", ""boto.dynamodb2.table.Table.connection"", ""boto.dynamodb2.table.Table.table_name""]",<external_root>/testRepoSummaryOut/DevEval/Internet/boto/graph_results_all/PageRank-15-subgraph/task_20_rank.gml
Internet/boto,21,boto.rds2.connect_to_region,2,1,0.5,1,0.5,0.5,15,0,15,1,"[""boto.regioninfo.connect""]",<external_root>/testRepoSummaryOut/DevEval/Internet/boto/graph_results_all/PageRank-15-subgraph/task_21_rank.gml
Internet/boto,22,boto.directconnect.connect_to_region,2,1,0.5,1,0.5,0.5,15,0,15,1,"[""boto.regioninfo.connect""]",<external_root>/testRepoSummaryOut/DevEval/Internet/boto/graph_results_all/PageRank-15-subgraph/task_22_rank.gml
Internet/boto,23,boto.s3.website.RoutingRule.then_redirect,3,1,0.3333333333333333,2,0.6666666666666666,0.6666666666666666,15,4,11,0,"[""boto.s3.website.Redirect"", ""boto.s3.website.Redirect.__init__""]",<external_root>/testRepoSummaryOut/DevEval/Internet/boto/graph_results_all/PageRank-15-subgraph/task_23_rank.gml
Internet/boto,24,boto.route53.zone.Zone.find_records,6,4,0.6666666666666666,4,0.6666666666666666,0.3333333333333333,15,1,14,0,"[""boto.route53.connection.Route53Connection._make_qualified"", ""boto.route53.connection.Route53Connection.get_all_rrsets"", ""boto.route53.zone.Zone.id"", ""boto.route53.zone.Zone.route53connection""]",<external_root>/testRepoSummaryOut/DevEval/Internet/boto/graph_results_all/PageRank-15-subgraph/task_24_rank.gml
Internet/boto,25,boto.ec2.address.Address.release,4,4,1.0,4,1.0,0.25,15,2,13,0,"[""boto.ec2.address.Address.allocation_id"", ""boto.ec2.address.Address.connection"", ""boto.ec2.address.Address.public_ip"", ""boto.ec2.connection.EC2Connection.release_address""]",<external_root>/testRepoSummaryOut/DevEval/Internet/boto/graph_results_all/PageRank-15-subgraph/task_25_rank.gml
Internet/boto,26,boto.s3.connection.S3Connection.generate_url_sigv4,8,3,0.375,3,0.375,0.25,15,0,15,0,"[""boto.connection.AWSAuthConnection.server_name"", ""boto.s3.connection.S3Connection.calling_format"", ""boto.s3.connection._CallingFormat.build_auth_path""]",<external_root>/testRepoSummaryOut/DevEval/Internet/boto/graph_results_all/PageRank-15-subgraph/task_26_rank.gml
Internet/boto,27,boto.glacier.concurrent.ConcurrentTransferer._calculate_required_part_size,3,1,0.3333333333333333,1,0.3333333333333333,0.0,15,3,12,0,"[""boto.glacier.concurrent.log""]",<external_root>/testRepoSummaryOut/DevEval/Internet/boto/graph_results_all/PageRank-15-subgraph/task_27_rank.gml
Internet/boto,28,boto.dynamodb2.fields.BaseIndexField.definition,3,3,1.0,3,1.0,0.0,15,1,14,0,"[""boto.dynamodb2.fields.BaseIndexField.parts"", ""boto.dynamodb2.fields.BaseSchemaField.data_type"", ""boto.dynamodb2.fields.BaseSchemaField.name""]",<external_root>/testRepoSummaryOut/DevEval/Internet/boto/graph_results_all/PageRank-15-subgraph/task_28_rank.gml
Internet/boto,29,boto.ec2.ec2object.TaggedEC2Object.add_tags,5,3,0.6,3,0.6,0.2,15,1,14,0,"[""boto.ec2.connection.EC2Connection.create_tags"", ""boto.ec2.ec2object.TaggedEC2Object.id"", ""boto.ec2.ec2object.TaggedEC2Object.tags""]",<external_root>/testRepoSummaryOut/DevEval/Internet/boto/graph_results_all/PageRank-15-subgraph/task_29_rank.gml
Internet/boto,30,boto.sqs.connect_to_region,3,1,0.3333333333333333,1,0.3333333333333333,0.3333333333333333,15,0,15,1,"[""boto.regioninfo.connect""]",<external_root>/testRepoSummaryOut/DevEval/Internet/boto/graph_results_all/PageRank-15-subgraph/task_30_rank.gml
Internet/boto,31,boto.ec2.volume.Volume.create_snapshot,3,3,1.0,3,1.0,0.3333333333333333,15,2,13,0,"[""boto.ec2.connection.EC2Connection.create_snapshot"", ""boto.ec2.volume.Volume.connection"", ""boto.ec2.volume.Volume.id""]",<external_root>/testRepoSummaryOut/DevEval/Internet/boto/graph_results_all/PageRank-15-subgraph/task_31_rank.gml
Internet/boto,32,boto.dynamodb2.table.Table.batch_get,4,2,0.5,2,0.5,0.5,15,1,14,0,"[""boto.dynamodb2.results.ResultSet.to_call"", ""boto.dynamodb2.table.Table._batch_get""]",<external_root>/testRepoSummaryOut/DevEval/Internet/boto/graph_results_all/PageRank-15-subgraph/task_32_rank.gml
Internet/boto,33,boto.cognito.sync.connect_to_region,2,1,0.5,1,0.5,0.5,15,0,15,1,"[""boto.regioninfo.connect""]",<external_root>/testRepoSummaryOut/DevEval/Internet/boto/graph_results_all/PageRank-15-subgraph/task_33_rank.gml
Internet/boto,34,boto.glacier.utils.compute_hashes_from_fileobj,2,2,1.0,2,1.0,1.0,15,0,15,0,"[""boto.glacier.utils.bytes_to_hex"", ""boto.glacier.utils.tree_hash""]",<external_root>/testRepoSummaryOut/DevEval/Internet/boto/graph_results_all/PageRank-15-subgraph/task_34_rank.gml
Internet/boto,35,boto.support.connect_to_region,2,1,0.5,1,0.5,0.5,15,0,15,1,"[""boto.regioninfo.connect""]",<external_root>/testRepoSummaryOut/DevEval/Internet/boto/graph_results_all/PageRank-15-subgraph/task_35_rank.gml
Internet/boto,36,boto.s3.website.RoutingRule.when,3,1,0.3333333333333333,2,0.6666666666666666,0.6666666666666666,15,2,13,0,"[""boto.s3.website.Condition"", ""boto.s3.website.Condition.__init__""]",<external_root>/testRepoSummaryOut/DevEval/Internet/boto/graph_results_all/PageRank-15-subgraph/task_36_rank.gml
Internet/boto,37,boto.glacier.utils.minimum_part_size,3,0,0.0,0,0.0,0.0,15,1,14,0,[],<external_root>/testRepoSummaryOut/DevEval/Internet/boto/graph_results_all/PageRank-15-subgraph/task_37_rank.gml
Internet/boto,38,boto.cloudsearchdomain.connect_to_region,2,2,1.0,1,0.5,0.5,15,0,15,1,"[""boto.regioninfo.connect""]",<external_root>/testRepoSummaryOut/DevEval/Internet/boto/graph_results_all/PageRank-15-subgraph/task_38_rank.gml
Internet/boto,39,boto.dynamodb2.table.Table.describe,10,6,0.6,6,0.6,0.3,15,1,14,0,"[""boto.dynamodb2.table.Table._introspect_global_indexes"", ""boto.dynamodb2.table.Table._introspect_indexes"", ""boto.dynamodb2.table.Table._introspect_schema"", ""boto.dynamodb2.table.Table.connection"", ""boto.dynamodb2.table.Table.schema"", ""boto.dynamodb2.table.Table.table_name""]",<external_root>/testRepoSummaryOut/DevEval/Internet/boto/graph_results_all/PageRank-15-subgraph/task_39_rank.gml
Internet/boto,40,boto.dynamodb2.fields.BaseIndexField.schema,3,1,0.3333333333333333,1,0.3333333333333333,0.3333333333333333,15,1,14,0,"[""boto.dynamodb2.fields.BaseSchemaField.schema""]",<external_root>/testRepoSummaryOut/DevEval/Internet/boto/graph_results_all/PageRank-15-subgraph/task_40_rank.gml
Internet/boto,41,boto.s3.bucket.Bucket.get_tags,4,1,0.25,1,0.25,0.25,15,2,13,0,"[""boto.s3.bucket.Bucket.get_xml_tags""]",<external_root>/testRepoSummaryOut/DevEval/Internet/boto/graph_results_all/PageRank-15-subgraph/task_41_rank.gml
Internet/boto,42,boto.dynamodb2.table.Table.delete_item,8,4,0.5,4,0.5,0.125,15,1,14,0,"[""boto.dynamodb2.table.Table._build_filters"", ""boto.dynamodb2.table.Table.connection"", ""boto.dynamodb2.table.Table.table_name"", ""boto.dynamodb2.types.FILTER_OPERATORS""]",<external_root>/testRepoSummaryOut/DevEval/Internet/boto/graph_results_all/PageRank-15-subgraph/task_42_rank.gml
Internet/boto,43,boto.awslambda.connect_to_region,2,1,0.5,1,0.5,0.5,15,0,15,1,"[""boto.regioninfo.connect""]",<external_root>/testRepoSummaryOut/DevEval/Internet/boto/graph_results_all/PageRank-15-subgraph/task_43_rank.gml
Internet/boto,44,boto.s3.bucket.Bucket.new_key,1,1,1.0,1,1.0,0.0,15,1,14,0,"[""boto.s3.bucket.Bucket.key_class""]",<external_root>/testRepoSummaryOut/DevEval/Internet/boto/graph_results_all/PageRank-15-subgraph/task_44_rank.gml
Internet/boto,45,boto.ec2.cloudwatch.connect_to_region,2,1,0.5,1,0.5,0.5,15,0,15,1,"[""boto.regioninfo.connect""]",<external_root>/testRepoSummaryOut/DevEval/Internet/boto/graph_results_all/PageRank-15-subgraph/task_45_rank.gml
Internet/boto,46,boto.configservice.connect_to_region,2,1,0.5,1,0.5,0.5,15,0,15,1,"[""boto.regioninfo.connect""]",<external_root>/testRepoSummaryOut/DevEval/Internet/boto/graph_results_all/PageRank-15-subgraph/task_46_rank.gml
Internet/boto,47,boto.ses.connect_to_region,2,1,0.5,1,0.5,0.5,15,0,15,1,"[""boto.regioninfo.connect""]",<external_root>/testRepoSummaryOut/DevEval/Internet/boto/graph_results_all/PageRank-15-subgraph/task_47_rank.gml
Internet/boto,48,boto.dynamodb2.fields.BaseSchemaField.definition,2,2,1.0,2,1.0,0.0,15,1,14,0,"[""boto.dynamodb2.fields.BaseSchemaField.data_type"", ""boto.dynamodb2.fields.BaseSchemaField.name""]",<external_root>/testRepoSummaryOut/DevEval/Internet/boto/graph_results_all/PageRank-15-subgraph/task_48_rank.gml
Internet/boto,49,boto.logs.connect_to_region,2,1,0.5,1,0.5,0.5,15,0,15,1,"[""boto.regioninfo.connect""]",<external_root>/testRepoSummaryOut/DevEval/Internet/boto/graph_results_all/PageRank-15-subgraph/task_49_rank.gml
Internet/boto,50,boto.route53.domains.connect_to_region,2,1,0.5,1,0.5,0.5,15,0,15,1,"[""boto.regioninfo.connect""]",<external_root>/testRepoSummaryOut/DevEval/Internet/boto/graph_results_all/PageRank-15-subgraph/task_50_rank.gml
Internet/boto,51,boto.dynamodb.batch.BatchList.to_dict,3,0,0.0,0,0.0,0.0,15,2,13,0,[],<external_root>/testRepoSummaryOut/DevEval/Internet/boto/graph_results_all/PageRank-15-subgraph/task_51_rank.gml
Internet/boto,52,boto.machinelearning.connect_to_region,2,1,0.5,1,0.5,0.5,15,0,15,1,"[""boto.regioninfo.connect""]",<external_root>/testRepoSummaryOut/DevEval/Internet/boto/graph_results_all/PageRank-15-subgraph/task_52_rank.gml
Internet/boto,53,boto.vpc.VPCConnection.get_all_vpc_peering_connections,4,3,0.75,3,0.75,0.75,15,1,14,1,"[""boto.connection.AWSQueryConnection.build_list_params"", ""boto.connection.AWSQueryConnection.get_list"", ""boto.ec2.connection.EC2Connection.build_filter_params""]",<external_root>/testRepoSummaryOut/DevEval/Internet/boto/graph_results_all/PageRank-15-subgraph/task_53_rank.gml
Internet/boto,54,boto.glacier.connect_to_region,2,1,0.5,1,0.5,0.5,15,0,15,1,"[""boto.regioninfo.connect""]",<external_root>/testRepoSummaryOut/DevEval/Internet/boto/graph_results_all/PageRank-15-subgraph/task_54_rank.gml
Internet/boto,55,boto.ec2.ec2object.TaggedEC2Object.remove_tags,4,3,0.75,3,0.75,0.25,15,2,13,0,"[""boto.ec2.connection.EC2Connection.delete_tags"", ""boto.ec2.ec2object.TaggedEC2Object.id"", ""boto.ec2.ec2object.TaggedEC2Object.tags""]",<external_root>/testRepoSummaryOut/DevEval/Internet/boto/graph_results_all/PageRank-15-subgraph/task_55_rank.gml
Internet/boto,56,boto.dynamodb2.connect_to_region,2,1,0.5,1,0.5,0.5,15,0,15,1,"[""boto.regioninfo.connect""]",<external_root>/testRepoSummaryOut/DevEval/Internet/boto/graph_results_all/PageRank-15-subgraph/task_56_rank.gml
Internet/boto,57,boto.opsworks.connect_to_region,2,1,0.5,1,0.5,0.5,15,0,15,1,"[""boto.regioninfo.connect""]",<external_root>/testRepoSummaryOut/DevEval/Internet/boto/graph_results_all/PageRank-15-subgraph/task_57_rank.gml
Internet/boto,58,boto.dynamodb2.table.BatchTable.resend_unprocessed,7,4,0.5714285714285714,4,0.5714285714285714,0.14285714285714285,15,1,14,0,"[""boto"", ""boto.dynamodb2.table.BatchTable._unprocessed"", ""boto.dynamodb2.table.BatchTable.handle_unprocessed"", ""boto.dynamodb2.table.BatchTable.table""]",<external_root>/testRepoSummaryOut/DevEval/Internet/boto/graph_results_all/PageRank-15-subgraph/task_58_rank.gml
Internet/boto,59,boto.cloudsearch2.connect_to_region,2,2,1.0,1,0.5,0.5,15,0,15,1,"[""boto.regioninfo.connect""]",<external_root>/testRepoSummaryOut/DevEval/Internet/boto/graph_results_all/PageRank-15-subgraph/task_59_rank.gml
Internet/boto,60,boto.dynamodb2.table.Table.update_global_secondary_index,5,4,0.8,4,0.8,0.2,15,1,14,0,"[""boto"", ""boto.dynamodb2.layer1.DynamoDBConnection.update_table"", ""boto.dynamodb2.table.Table.connection"", ""boto.dynamodb2.table.Table.table_name""]",<external_root>/testRepoSummaryOut/DevEval/Internet/boto/graph_results_all/PageRank-15-subgraph/task_60_rank.gml
Internet/boto,61,boto.utils.get_instance_userdata,2,2,1.0,2,1.0,1.0,15,0,15,0,"[""boto.utils._build_instance_metadata_url"", ""boto.utils.retry_url""]",<external_root>/testRepoSummaryOut/DevEval/Internet/boto/graph_results_all/PageRank-15-subgraph/task_61_rank.gml
Internet/boto,62,boto.dynamodb2.items.Item.partial_save,6,4,0.6666666666666666,4,0.6666666666666666,0.5,15,1,14,0,"[""boto.dynamodb2.items.Item.build_expects"", ""boto.dynamodb2.items.Item.mark_clean"", ""boto.dynamodb2.items.Item.prepare_partial"", ""boto.dynamodb2.items.Item.table""]",<external_root>/testRepoSummaryOut/DevEval/Internet/boto/graph_results_all/PageRank-15-subgraph/task_62_rank.gml
Internet/boto,63,boto.s3.cors.CORSConfiguration.add_rule,2,0,0.0,0,0.0,0.0,15,1,14,0,[],<external_root>/testRepoSummaryOut/DevEval/Internet/boto/graph_results_all/PageRank-15-subgraph/task_63_rank.gml
Internet/boto,64,boto.dynamodb2.table.BatchTable.delete_item,3,3,1.0,3,1.0,0.6666666666666666,15,1,14,0,"[""boto.dynamodb2.table.BatchTable._to_delete"", ""boto.dynamodb2.table.BatchTable.flush"", ""boto.dynamodb2.table.BatchTable.should_flush""]",<external_root>/testRepoSummaryOut/DevEval/Internet/boto/graph_results_all/PageRank-15-subgraph/task_64_rank.gml
Internet/boto,65,boto.dynamodb.connect_to_region,2,1,0.5,1,0.5,0.5,15,0,15,1,"[""boto.regioninfo.connect""]",<external_root>/testRepoSummaryOut/DevEval/Internet/boto/graph_results_all/PageRank-15-subgraph/task_65_rank.gml
Internet/boto,66,boto.s3.website.WebsiteConfiguration.to_xml,6,2,0.3333333333333333,2,0.3333333333333333,0.3333333333333333,15,0,15,0,"[""boto.s3.website.RoutingRules.to_xml"", ""boto.s3.website.tag""]",<external_root>/testRepoSummaryOut/DevEval/Internet/boto/graph_results_all/PageRank-15-subgraph/task_66_rank.gml
Internet/boto,67,boto.dynamodb2.table.Table._introspect_indexes,2,1,0.5,1,0.5,0.5,15,1,14,0,"[""boto.dynamodb2.table.Table._introspect_all_indexes""]",<external_root>/testRepoSummaryOut/DevEval/Internet/boto/graph_results_all/PageRank-15-subgraph/task_67_rank.gml
Internet/boto,68,boto.glacier.job.Job.download_to_fileobj,3,2,0.6666666666666666,2,0.6666666666666666,0.6666666666666666,15,1,14,0,"[""boto.glacier.job.Job._calc_num_chunks"", ""boto.glacier.job.Job._download_to_fileob""]",<external_root>/testRepoSummaryOut/DevEval/Internet/boto/graph_results_all/PageRank-15-subgraph/task_68_rank.gml
Internet/boto,69,boto.cloudsearch.connect_to_region,2,1,0.5,1,0.5,0.5,15,0,15,1,"[""boto.regioninfo.connect""]",<external_root>/testRepoSummaryOut/DevEval/Internet/boto/graph_results_all/PageRank-15-subgraph/task_69_rank.gml
Internet/boto,70,boto.s3.bucket.Bucket.get_key,5,0,0.0,0,0.0,0.0,15,1,14,0,[],<external_root>/testRepoSummaryOut/DevEval/Internet/boto/graph_results_all/PageRank-15-subgraph/task_70_rank.gml
Internet/boto,71,boto.ec2.connection.EC2Connection.get_all_instance_status,4,2,0.5,2,0.5,0.5,15,1,14,0,"[""boto.connection.AWSQueryConnection.build_list_params"", ""boto.ec2.connection.EC2Connection.build_filter_params""]",<external_root>/testRepoSummaryOut/DevEval/Internet/boto/graph_results_all/PageRank-15-subgraph/task_71_rank.gml
Internet/boto,72,boto.ec2.address.Address.associate,4,4,1.0,4,1.0,0.25,15,1,14,0,"[""boto.ec2.address.Address.allocation_id"", ""boto.ec2.address.Address.connection"", ""boto.ec2.address.Address.public_ip"", ""boto.ec2.connection.EC2Connection.associate_address""]",<external_root>/testRepoSummaryOut/DevEval/Internet/boto/graph_results_all/PageRank-15-subgraph/task_72_rank.gml
Internet/boto,73,boto.dynamodb2.table.Table.create_global_secondary_index,7,4,0.5714285714285714,4,0.5714285714285714,0.14285714285714285,15,1,14,0,"[""boto"", ""boto.dynamodb2.layer1.DynamoDBConnection.update_table"", ""boto.dynamodb2.table.Table.connection"", ""boto.dynamodb2.table.Table.table_name""]",<external_root>/testRepoSummaryOut/DevEval/Internet/boto/graph_results_all/PageRank-15-subgraph/task_73_rank.gml
Internet/boto,74,boto.utils.retry_url,2,0,0.0,0,0.0,0.0,15,3,12,0,[],<external_root>/testRepoSummaryOut/DevEval/Internet/boto/graph_results_all/PageRank-15-subgraph/task_74_rank.gml
Internet/boto,75,boto.dynamodb2.items.Item.prepare_partial,4,3,0.75,3,0.75,0.25,15,1,14,0,"[""boto.dynamodb2.items.Item._data"", ""boto.dynamodb2.items.Item._determine_alterations"", ""boto.dynamodb2.items.Item._dynamizer""]",<external_root>/testRepoSummaryOut/DevEval/Internet/boto/graph_results_all/PageRank-15-subgraph/task_75_rank.gml
Internet/boto,76,boto.cloudhsm.connect_to_region,2,1,0.5,1,0.5,0.5,15,0,15,1,"[""boto.regioninfo.connect""]",<external_root>/testRepoSummaryOut/DevEval/Internet/boto/graph_results_all/PageRank-15-subgraph/task_76_rank.gml
Internet/boto,77,boto.beanstalk.connect_to_region,2,1,0.5,1,0.5,0.5,15,0,15,1,"[""boto.regioninfo.connect""]",<external_root>/testRepoSummaryOut/DevEval/Internet/boto/graph_results_all/PageRank-15-subgraph/task_77_rank.gml
Internet/boto,78,boto.opsworks.regions,2,1,0.5,1,0.5,0.5,15,0,15,1,"[""boto.regioninfo.get_regions""]",<external_root>/testRepoSummaryOut/DevEval/Internet/boto/graph_results_all/PageRank-15-subgraph/task_78_rank.gml
Internet/boto,79,boto.swf.connect_to_region,4,2,0.5,2,0.5,0.25,15,0,15,1,"[""boto.regioninfo.connect"", ""boto.swf""]",<external_root>/testRepoSummaryOut/DevEval/Internet/boto/graph_results_all/PageRank-15-subgraph/task_79_rank.gml
Internet/boto,80,boto.elasticache.connect_to_region,2,1,0.5,1,0.5,0.5,15,0,15,1,"[""boto.regioninfo.connect""]",<external_root>/testRepoSummaryOut/DevEval/Internet/boto/graph_results_all/PageRank-15-subgraph/task_80_rank.gml
Internet/boto,81,boto.s3.lifecycle.Lifecycle.add_rule,2,0,0.0,0,0.0,0.0,15,5,10,0,[],<external_root>/testRepoSummaryOut/DevEval/Internet/boto/graph_results_all/PageRank-15-subgraph/task_81_rank.gml
Internet/boto,82,boto.dynamodb2.table.BatchTable.flush,9,4,0.4444444444444444,4,0.4444444444444444,0.1111111111111111,15,1,14,0,"[""boto.dynamodb2.table.BatchTable._to_delete"", ""boto.dynamodb2.table.BatchTable._to_put"", ""boto.dynamodb2.table.BatchTable.handle_unprocessed"", ""boto.dynamodb2.table.BatchTable.table""]",<external_root>/testRepoSummaryOut/DevEval/Internet/boto/graph_results_all/PageRank-15-subgraph/task_82_rank.gml
Internet/boto,83,boto.dynamodb2.fields.GlobalIncludeIndex.schema,4,2,0.5,4,1.0,1.0,15,2,13,0,"[""boto.dynamodb2.fields.GlobalBaseIndexField"", ""boto.dynamodb2.fields.GlobalBaseIndexField.schema"", ""boto.dynamodb2.fields.IncludeIndex"", ""boto.dynamodb2.fields.IncludeIndex.schema""]",<external_root>/testRepoSummaryOut/DevEval/Internet/boto/graph_results_all/PageRank-15-subgraph/task_83_rank.gml
Internet/boto,84,boto.dynamodb2.table.Table.has_item,4,1,0.25,1,0.25,0.25,15,1,14,0,"[""boto.dynamodb2.table.Table.get_item""]",<external_root>/testRepoSummaryOut/DevEval/Internet/boto/graph_results_all/PageRank-15-subgraph/task_84_rank.gml
Internet/boto,85,boto.dynamodb2.table.Table.delete_global_secondary_index,5,3,0.6,3,0.6,0.0,15,1,14,0,"[""boto"", ""boto.dynamodb2.table.Table.connection"", ""boto.dynamodb2.table.Table.table_name""]",<external_root>/testRepoSummaryOut/DevEval/Internet/boto/graph_results_all/PageRank-15-subgraph/task_85_rank.gml
Internet/boto,86,boto.dynamodb2.table.Table._put_item,3,0,0.0,0,0.0,0.0,15,1,14,0,[],<external_root>/testRepoSummaryOut/DevEval/Internet/boto/graph_results_all/PageRank-15-subgraph/task_86_rank.gml
Internet/boto,87,boto.ec2containerservice.connect_to_region,2,2,1.0,1,0.5,0.5,15,0,15,1,"[""boto.regioninfo.connect""]",<external_root>/testRepoSummaryOut/DevEval/Internet/boto/graph_results_all/PageRank-15-subgraph/task_87_rank.gml
Internet/boto,88,boto.redshift.connect_to_region,2,1,0.5,1,0.5,0.5,15,0,15,1,"[""boto.regioninfo.connect""]",<external_root>/testRepoSummaryOut/DevEval/Internet/boto/graph_results_all/PageRank-15-subgraph/task_88_rank.gml
Internet/boto,89,boto.dynamodb2.items.Item.save,6,5,0.8333333333333334,5,0.8333333333333334,0.6666666666666666,15,1,14,0,"[""boto.dynamodb2.items.Item.build_expects"", ""boto.dynamodb2.items.Item.mark_clean"", ""boto.dynamodb2.items.Item.needs_save"", ""boto.dynamodb2.items.Item.table"", ""boto.dynamodb2.table.Table._put_item""]",<external_root>/testRepoSummaryOut/DevEval/Internet/boto/graph_results_all/PageRank-15-subgraph/task_89_rank.gml
Internet/boto,90,boto.s3.key.Key.get_contents_to_filename,3,2,0.6666666666666666,2,0.6666666666666666,0.6666666666666666,15,1,14,0,"[""boto.s3.key.Key.get_contents_to_file"", ""boto.s3.key.Key.open""]",<external_root>/testRepoSummaryOut/DevEval/Internet/boto/graph_results_all/PageRank-15-subgraph/task_90_rank.gml
Internet/boto,91,boto.ec2.address.Address.disassociate,4,3,0.75,3,0.75,0.25,15,2,13,0,"[""boto.ec2.address.Address.connection"", ""boto.ec2.address.Address.public_ip"", ""boto.ec2.connection.EC2Connection.disassociate_address""]",<external_root>/testRepoSummaryOut/DevEval/Internet/boto/graph_results_all/PageRank-15-subgraph/task_91_rank.gml
Internet/boto,92,boto.dynamodb.types.Dynamizer.encode,1,0,0.0,0,0.0,0.0,15,1,14,0,[],<external_root>/testRepoSummaryOut/DevEval/Internet/boto/graph_results_all/PageRank-15-subgraph/task_92_rank.gml
Internet/boto,93,boto.cloudformation.connect_to_region,2,1,0.5,1,0.5,0.5,15,0,15,1,"[""boto.regioninfo.connect""]",<external_root>/testRepoSummaryOut/DevEval/Internet/boto/graph_results_all/PageRank-15-subgraph/task_93_rank.gml
Internet/boto,94,boto.dynamodb2.table.BatchTable.put_item,3,3,1.0,3,1.0,0.6666666666666666,15,1,14,0,"[""boto.dynamodb2.table.BatchTable._to_put"", ""boto.dynamodb2.table.BatchTable.flush"", ""boto.dynamodb2.table.BatchTable.should_flush""]",<external_root>/testRepoSummaryOut/DevEval/Internet/boto/graph_results_all/PageRank-15-subgraph/task_94_rank.gml
Internet/boto,95,boto.ec2.networkinterface.NetworkInterface.detach,3,2,0.6666666666666666,2,0.6666666666666666,0.3333333333333333,11,5,6,0,"[""boto.ec2.connection.EC2Connection.detach_network_interface"", ""boto.ec2.networkinterface.NetworkInterface.connection""]",<external_root>/testRepoSummaryOut/DevEval/Internet/boto/graph_results_all/PageRank-15-subgraph/task_95_rank.gml
Internet/boto,96,boto.codedeploy.connect_to_region,2,1,0.5,1,0.5,0.5,15,0,15,1,"[""boto.regioninfo.connect""]",<external_root>/testRepoSummaryOut/DevEval/Internet/boto/graph_results_all/PageRank-15-subgraph/task_96_rank.gml
Internet/boto,97,boto.dynamodb2.table.Table.get_key_fields,2,2,1.0,2,1.0,0.5,15,2,13,0,"[""boto.dynamodb2.table.Table.describe"", ""boto.dynamodb2.table.Table.schema""]",<external_root>/testRepoSummaryOut/DevEval/Internet/boto/graph_results_all/PageRank-15-subgraph/task_97_rank.gml
Internet/boto,98,boto.dynamodb2.items.Item.build_expects,5,3,0.6,3,0.6,0.0,15,1,14,0,"[""boto.dynamodb2.items.Item._data"", ""boto.dynamodb2.items.Item._dynamizer"", ""boto.dynamodb2.items.Item._orig_data""]",<external_root>/testRepoSummaryOut/DevEval/Internet/boto/graph_results_all/PageRank-15-subgraph/task_98_rank.gml
Internet/boto,99,boto.ec2.elb.connect_to_region,2,1,0.5,1,0.5,0.5,15,0,15,1,"[""boto.regioninfo.connect""]",<external_root>/testRepoSummaryOut/DevEval/Internet/boto/graph_results_all/PageRank-15-subgraph/task_99_rank.gml
Internet/boto,100,boto.ec2.volume.Volume.detach,6,3,0.5,3,0.5,0.16666666666666666,15,2,13,0,"[""boto.ec2.connection.EC2Connection.detach_volume"", ""boto.ec2.volume.Volume.connection"", ""boto.ec2.volume.Volume.id""]",<external_root>/testRepoSummaryOut/DevEval/Internet/boto/graph_results_all/PageRank-15-subgraph/task_100_rank.gml
Internet/boto,101,boto.dynamodb.types.Dynamizer.decode,1,1,1.0,1,1.0,1.0,15,1,14,0,"[""boto.dynamodb.types.is_str""]",<external_root>/testRepoSummaryOut/DevEval/Internet/boto/graph_results_all/PageRank-15-subgraph/task_101_rank.gml
Internet/boto,102,boto.ec2.volume.Volume.update,5,1,0.2,1,0.2,0.2,15,0,15,0,"[""boto.ec2.volume.Volume._update""]",<external_root>/testRepoSummaryOut/DevEval/Internet/boto/graph_results_all/PageRank-15-subgraph/task_102_rank.gml
Internet/boto,103,boto.ec2.elb.ELBConnection.get_all_load_balancers,3,2,0.6666666666666666,2,0.6666666666666666,0.6666666666666666,15,1,14,1,"[""boto.connection.AWSQueryConnection.get_list"", ""boto.ec2.elb.ELBConnection.build_list_params""]",<external_root>/testRepoSummaryOut/DevEval/Internet/boto/graph_results_all/PageRank-15-subgraph/task_103_rank.gml
Internet/boto,104,boto.dynamodb2.table.Table.update,6,4,0.6666666666666666,4,0.6666666666666666,0.16666666666666666,15,1,14,0,"[""boto"", ""boto.dynamodb2.layer1.DynamoDBConnection.update_table"", ""boto.dynamodb2.table.Table.connection"", ""boto.dynamodb2.table.Table.table_name""]",<external_root>/testRepoSummaryOut/DevEval/Internet/boto/graph_results_all/PageRank-15-subgraph/task_104_rank.gml
Internet/boto,105,boto.dynamodb2.items.Item.delete,3,0,0.0,0,0.0,0.0,15,1,14,0,[],<external_root>/testRepoSummaryOut/DevEval/Internet/boto/graph_results_all/PageRank-15-subgraph/task_105_rank.gml
Internet/boto,106,boto.rds.connect_to_region,3,1,0.3333333333333333,1,0.3333333333333333,0.3333333333333333,15,0,15,1,"[""boto.regioninfo.connect""]",<external_root>/testRepoSummaryOut/DevEval/Internet/boto/graph_results_all/PageRank-15-subgraph/task_106_rank.gml
Internet/boto,107,boto.s3.bucket.Bucket.delete_key,1,1,1.0,1,1.0,1.0,15,2,13,0,"[""boto.s3.bucket.Bucket._delete_key_internal""]",<external_root>/testRepoSummaryOut/DevEval/Internet/boto/graph_results_all/PageRank-15-subgraph/task_107_rank.gml
Internet/boto,108,boto.cognito.identity.connect_to_region,2,1,0.5,1,0.5,0.5,15,0,15,1,"[""boto.regioninfo.connect""]",<external_root>/testRepoSummaryOut/DevEval/Internet/boto/graph_results_all/PageRank-15-subgraph/task_108_rank.gml
Internet/boto,109,boto.kinesis.connect_to_region,2,1,0.5,1,0.5,0.5,15,0,15,1,"[""boto.regioninfo.connect""]",<external_root>/testRepoSummaryOut/DevEval/Internet/boto/graph_results_all/PageRank-15-subgraph/task_109_rank.gml
Internet/boto,110,boto.sts.connect_to_region,2,1,0.5,1,0.5,0.5,15,0,15,1,"[""boto.regioninfo.connect""]",<external_root>/testRepoSummaryOut/DevEval/Internet/boto/graph_results_all/PageRank-15-subgraph/task_110_rank.gml
Internet/boto,111,boto.dynamodb2.items.Item.prepare_full,4,4,1.0,4,1.0,0.5,15,2,13,0,"[""boto.dynamodb.types.Dynamizer.encode"", ""boto.dynamodb2.items.Item._data"", ""boto.dynamodb2.items.Item._dynamizer"", ""boto.dynamodb2.items.Item._is_storable""]",<external_root>/testRepoSummaryOut/DevEval/Internet/boto/graph_results_all/PageRank-15-subgraph/task_111_rank.gml
Internet/boto,112,boto.ec2.volume.Volume.attachment_state,2,1,0.5,1,0.5,0.0,15,5,10,0,"[""boto.ec2.volume.Volume.attach_data""]",<external_root>/testRepoSummaryOut/DevEval/Internet/boto/graph_results_all/PageRank-15-subgraph/task_112_rank.gml
Internet/boto,113,boto.cloudtrail.connect_to_region,2,2,1.0,1,0.5,0.5,15,0,15,1,"[""boto.regioninfo.connect""]",<external_root>/testRepoSummaryOut/DevEval/Internet/boto/graph_results_all/PageRank-15-subgraph/task_113_rank.gml
Internet/boto,114,boto.dynamodb2.table.Table.get_item,8,3,0.375,3,0.375,0.125,15,1,14,0,"[""boto.dynamodb2.table.Table._encode_keys"", ""boto.dynamodb2.table.Table.connection"", ""boto.dynamodb2.table.Table.table_name""]",<external_root>/testRepoSummaryOut/DevEval/Internet/boto/graph_results_all/PageRank-15-subgraph/task_114_rank.gml
Internet/boto,115,boto.ec2.elb.ELBConnection.disable_availability_zones,3,2,0.6666666666666666,2,0.6666666666666666,0.6666666666666666,15,1,14,1,"[""boto.connection.AWSQueryConnection.get_object"", ""boto.ec2.elb.ELBConnection.build_list_params""]",<external_root>/testRepoSummaryOut/DevEval/Internet/boto/graph_results_all/PageRank-15-subgraph/task_115_rank.gml
Internet/boto,116,boto.sts.credentials.Credentials.to_dict,5,0,0.0,0,0.0,0.0,15,2,13,0,[],<external_root>/testRepoSummaryOut/DevEval/Internet/boto/graph_results_all/PageRank-15-subgraph/task_116_rank.gml
Internet/boto,117,boto.ec2.networkinterface.NetworkInterface.attach,3,2,0.6666666666666666,2,0.6666666666666666,0.3333333333333333,11,5,6,0,"[""boto.ec2.connection.EC2Connection.attach_network_interface"", ""boto.ec2.networkinterface.NetworkInterface.connection""]",<external_root>/testRepoSummaryOut/DevEval/Internet/boto/graph_results_all/PageRank-15-subgraph/task_117_rank.gml
Internet/boto,118,boto.ec2.autoscale.connect_to_region,2,1,0.5,1,0.5,0.5,15,0,15,1,"[""boto.regioninfo.connect""]",<external_root>/testRepoSummaryOut/DevEval/Internet/boto/graph_results_all/PageRank-15-subgraph/task_118_rank.gml
Internet/boto,119,boto.s3.website.RoutingRules.to_xml,2,1,0.5,1,0.5,0.5,15,1,14,0,"[""boto.s3.website.tag""]",<external_root>/testRepoSummaryOut/DevEval/Internet/boto/graph_results_all/PageRank-15-subgraph/task_119_rank.gml
Internet/boto,120,boto.utils.pythonize_name,3,0,0.0,0,0.0,0.0,15,1,14,0,[],<external_root>/testRepoSummaryOut/DevEval/Internet/boto/graph_results_all/PageRank-15-subgraph/task_120_rank.gml
Internet/boto,121,boto.ec2.volume.Volume.attach,3,3,1.0,3,1.0,0.3333333333333333,15,2,13,0,"[""boto.ec2.connection.EC2Connection.attach_volume"", ""boto.ec2.volume.Volume.connection"", ""boto.ec2.volume.Volume.id""]",<external_root>/testRepoSummaryOut/DevEval/Internet/boto/graph_results_all/PageRank-15-subgraph/task_121_rank.gml
Internet/databases,1,databases.importer.import_from_string,2,0,0.0,0,0.0,0.0,15,5,10,0,[],<external_root>/testRepoSummaryOut/DevEval/Internet/databases/graph_results_all/PageRank-15-subgraph/task_1_rank.gml
Internet/djangorestframework,1,rest_framework.negotiation.DefaultContentNegotiation.filter_renderers,0,0,,0,,,15,1,14,0,[],<external_root>/testRepoSummaryOut/DevEval/Internet/djangorestframework/graph_results_all/PageRank-15-subgraph/task_1_rank.gml
Internet/djangorestframework,2,rest_framework.templatetags.rest_framework.as_string,0,0,,0,,,15,0,15,0,[],<external_root>/testRepoSummaryOut/DevEval/Internet/djangorestframework/graph_results_all/PageRank-15-subgraph/task_2_rank.gml
Internet/djangorestframework,3,rest_framework.templatetags.rest_framework.add_nested_class,0,0,,0,,,15,3,12,0,[],<external_root>/testRepoSummaryOut/DevEval/Internet/djangorestframework/graph_results_all/PageRank-15-subgraph/task_3_rank.gml
Internet/djangorestframework,4,rest_framework.fields.Field.run_validation,4,2,0.5,2,0.5,0.5,15,1,14,0,"[""rest_framework.fields.Field.run_validators"", ""rest_framework.fields.Field.validate_empty_values""]",<external_root>/testRepoSummaryOut/DevEval/Internet/djangorestframework/graph_results_all/PageRank-15-subgraph/task_4_rank.gml
Internet/djangorestframework,5,rest_framework.fields.DateTimeField.to_representation,3,2,0.6666666666666666,2,0.6666666666666666,0.3333333333333333,15,1,14,0,"[""rest_framework.fields.DateTimeField.enforce_timezone"", ""rest_framework.settings.api_settings""]",<external_root>/testRepoSummaryOut/DevEval/Internet/djangorestframework/graph_results_all/PageRank-15-subgraph/task_5_rank.gml
Internet/djangorestframework,6,rest_framework.fields.is_simple_callable,1,0,0.0,0,0.0,0.0,15,1,14,0,[],<external_root>/testRepoSummaryOut/DevEval/Internet/djangorestframework/graph_results_all/PageRank-15-subgraph/task_6_rank.gml
Internet/djangorestframework,7,rest_framework.exceptions._get_error_details,3,0,0.0,1,0.3333333333333333,0.3333333333333333,15,2,13,0,"[""rest_framework.exceptions.ErrorDetail""]",<external_root>/testRepoSummaryOut/DevEval/Internet/djangorestframework/graph_results_all/PageRank-15-subgraph/task_7_rank.gml
Internet/djangorestframework,8,rest_framework.relations.SlugRelatedField.to_internal_value,3,2,0.6666666666666666,2,0.6666666666666666,0.6666666666666666,15,0,15,0,"[""rest_framework.fields.Field.fail"", ""rest_framework.relations.RelatedField.get_queryset""]",<external_root>/testRepoSummaryOut/DevEval/Internet/djangorestframework/graph_results_all/PageRank-15-subgraph/task_8_rank.gml
Internet/djangorestframework,9,rest_framework.fields.CharField.to_internal_value,2,1,0.5,1,0.5,0.5,15,0,15,0,"[""rest_framework.fields.Field.fail""]",<external_root>/testRepoSummaryOut/DevEval/Internet/djangorestframework/graph_results_all/PageRank-15-subgraph/task_9_rank.gml
Internet/djangorestframework,10,rest_framework.relations.PrimaryKeyRelatedField.to_representation,3,1,0.3333333333333333,1,0.3333333333333333,0.3333333333333333,15,0,15,0,"[""rest_framework.authtoken.models.TokenProxy.pk""]",<external_root>/testRepoSummaryOut/DevEval/Internet/djangorestframework/graph_results_all/PageRank-15-subgraph/task_10_rank.gml
Internet/djangorestframework,11,rest_framework.serializers.Serializer.fields,2,0,0.0,0,0.0,0.0,15,2,13,0,[],<external_root>/testRepoSummaryOut/DevEval/Internet/djangorestframework/graph_results_all/PageRank-15-subgraph/task_11_rank.gml
Internet/djangorestframework,12,rest_framework.fields.Field.root,1,0,0.0,0,0.0,0.0,15,1,14,0,[],<external_root>/testRepoSummaryOut/DevEval/Internet/djangorestframework/graph_results_all/PageRank-15-subgraph/task_12_rank.gml
Internet/djangorestframework,13,rest_framework.templatetags.rest_framework.add_query_param,1,1,1.0,1,1.0,1.0,15,1,14,0,"[""rest_framework.utils.urls.replace_query_param""]",<external_root>/testRepoSummaryOut/DevEval/Internet/djangorestframework/graph_results_all/PageRank-15-subgraph/task_13_rank.gml
Internet/djangorestframework,14,rest_framework.utils.mediatypes._MediaType.precedence,3,3,1.0,3,1.0,0.0,15,2,13,0,"[""rest_framework.utils.mediatypes._MediaType.main_type"", ""rest_framework.utils.mediatypes._MediaType.params"", ""rest_framework.utils.mediatypes._MediaType.sub_type""]",<external_root>/testRepoSummaryOut/DevEval/Internet/djangorestframework/graph_results_all/PageRank-15-subgraph/task_14_rank.gml
Internet/djangorestframework,15,rest_framework.utils.mediatypes._MediaType.__str__,3,3,1.0,3,1.0,0.0,15,0,15,0,"[""rest_framework.utils.mediatypes._MediaType.main_type"", ""rest_framework.utils.mediatypes._MediaType.params"", ""rest_framework.utils.mediatypes._MediaType.sub_type""]",<external_root>/testRepoSummaryOut/DevEval/Internet/djangorestframework/graph_results_all/PageRank-15-subgraph/task_15_rank.gml
Internet/djangorestframework,16,rest_framework.reverse.reverse,3,2,0.6666666666666666,2,0.6666666666666666,0.6666666666666666,15,0,15,0,"[""rest_framework.reverse._reverse"", ""rest_framework.versioning.BaseVersioning.reverse""]",<external_root>/testRepoSummaryOut/DevEval/Internet/djangorestframework/graph_results_all/PageRank-15-subgraph/task_16_rank.gml
Internet/djangorestframework,17,rest_framework.exceptions.server_error,2,1,0.5,1,0.5,0.0,15,1,14,0,"[""rest_framework.status""]",<external_root>/testRepoSummaryOut/DevEval/Internet/djangorestframework/graph_results_all/PageRank-15-subgraph/task_17_rank.gml
Internet/djangorestframework,18,rest_framework.fields.ChoiceField.iter_options,4,1,0.25,1,0.25,0.0,15,3,12,0,"[""rest_framework.fields.ChoiceField.grouped_choices""]",<external_root>/testRepoSummaryOut/DevEval/Internet/djangorestframework/graph_results_all/PageRank-15-subgraph/task_18_rank.gml
Internet/djangorestframework,19,rest_framework.utils.mediatypes._MediaType.match,3,0,0.0,0,0.0,0.0,15,5,10,0,[],<external_root>/testRepoSummaryOut/DevEval/Internet/djangorestframework/graph_results_all/PageRank-15-subgraph/task_19_rank.gml
Internet/djangorestframework,20,rest_framework.parsers.JSONParser.parse,6,0,0.0,0,0.0,0.0,15,2,13,0,[],<external_root>/testRepoSummaryOut/DevEval/Internet/djangorestframework/graph_results_all/PageRank-15-subgraph/task_20_rank.gml
Internet/djangorestframework,21,rest_framework.fields.MultipleChoiceField.get_value,5,1,0.2,1,0.2,0.2,15,1,14,0,"[""rest_framework.fields.Field.root""]",<external_root>/testRepoSummaryOut/DevEval/Internet/djangorestframework/graph_results_all/PageRank-15-subgraph/task_21_rank.gml
Internet/djangorestframework,22,rest_framework.relations.PrimaryKeyRelatedField.to_internal_value,4,3,0.75,3,0.75,0.75,15,0,15,0,"[""rest_framework.fields.Field.fail"", ""rest_framework.fields.Field.to_internal_value"", ""rest_framework.relations.RelatedField.get_queryset""]",<external_root>/testRepoSummaryOut/DevEval/Internet/djangorestframework/graph_results_all/PageRank-15-subgraph/task_22_rank.gml
Internet/djangorestframework,23,rest_framework.fields.CharField.run_validation,6,2,0.3333333333333333,3,0.5,0.5,15,1,14,0,"[""rest_framework.fields.Field"", ""rest_framework.fields.Field.fail"", ""rest_framework.fields.Field.run_validation""]",<external_root>/testRepoSummaryOut/DevEval/Internet/djangorestframework/graph_results_all/PageRank-15-subgraph/task_23_rank.gml
Internet/djangorestframework,24,rest_framework.fields.DecimalField.to_internal_value,5,3,0.6,3,0.6,0.6,15,2,13,0,"[""rest_framework.fields.DecimalField.quantize"", ""rest_framework.fields.DecimalField.validate_precision"", ""rest_framework.fields.Field.fail""]",<external_root>/testRepoSummaryOut/DevEval/Internet/djangorestframework/graph_results_all/PageRank-15-subgraph/task_24_rank.gml
Internet/djangorestframework,25,rest_framework.exceptions.bad_request,2,0,0.0,0,0.0,0.0,15,1,14,0,[],<external_root>/testRepoSummaryOut/DevEval/Internet/djangorestframework/graph_results_all/PageRank-15-subgraph/task_25_rank.gml
Internet/djangorestframework,26,rest_framework.fields.Field.bind,5,4,0.8,4,0.8,0.0,15,0,15,0,"[""rest_framework.fields.Field.field_name"", ""rest_framework.fields.Field.label"", ""rest_framework.fields.Field.parent"", ""rest_framework.fields.Field.source""]",<external_root>/testRepoSummaryOut/DevEval/Internet/djangorestframework/graph_results_all/PageRank-15-subgraph/task_26_rank.gml
Internet/djangorestframework,27,rest_framework.parsers.FileUploadParser.get_filename,1,0,0.0,0,0.0,0.0,15,4,11,0,[],<external_root>/testRepoSummaryOut/DevEval/Internet/djangorestframework/graph_results_all/PageRank-15-subgraph/task_27_rank.gml
Internet/falcon,1,falcon.inspect.register_router,0,0,,0,,,15,0,15,0,[],<external_root>/testRepoSummaryOut/DevEval/Internet/falcon/graph_results_all/PageRank-15-subgraph/task_1_rank.gml
Internet/falcon,2,falcon.inspect.inspect_compiled_router,0,0,,0,,,15,0,15,0,[],<external_root>/testRepoSummaryOut/DevEval/Internet/falcon/graph_results_all/PageRank-15-subgraph/task_2_rank.gml
Internet/falcon,3,falcon.inspect._is_internal,0,0,,0,,,15,0,15,0,[],<external_root>/testRepoSummaryOut/DevEval/Internet/falcon/graph_results_all/PageRank-15-subgraph/task_3_rank.gml
Internet/falcon,4,falcon.cmd.inspect_app.load_app,0,0,,0,,,15,0,15,0,[],<external_root>/testRepoSummaryOut/DevEval/Internet/falcon/graph_results_all/PageRank-15-subgraph/task_4_rank.gml
Internet/falcon,5,falcon.cmd.inspect_app.make_parser,0,0,,0,,,15,1,14,0,[],<external_root>/testRepoSummaryOut/DevEval/Internet/falcon/graph_results_all/PageRank-15-subgraph/task_5_rank.gml
Internet/falcon,6,falcon.util.uri.unquote_string,0,0,,0,,,9,1,8,0,[],<external_root>/testRepoSummaryOut/DevEval/Internet/falcon/graph_results_all/PageRank-15-subgraph/task_6_rank.gml
Internet/falcon,7,falcon.util.misc.get_argnames,0,0,,0,,,15,0,15,0,[],<external_root>/testRepoSummaryOut/DevEval/Internet/falcon/graph_results_all/PageRank-15-subgraph/task_7_rank.gml
Internet/falcon,8,falcon.testing.client._is_asgi_app,0,0,,0,,,10,4,6,0,[],<external_root>/testRepoSummaryOut/DevEval/Internet/falcon/graph_results_all/PageRank-15-subgraph/task_8_rank.gml
Internet/falcon,9,falcon.routing.converters.UUIDConverter.convert,0,0,,0,,,15,4,11,0,[],<external_root>/testRepoSummaryOut/DevEval/Internet/falcon/graph_results_all/PageRank-15-subgraph/task_9_rank.gml
Internet/falcon,10,falcon.request.Request.client_prefers,3,2,0.6666666666666666,2,0.6666666666666666,0.3333333333333333,15,1,14,0,"[""falcon.request.Request.accept"", ""falcon.vendor.mimeparse""]",<external_root>/testRepoSummaryOut/DevEval/Internet/falcon/graph_results_all/PageRank-15-subgraph/task_10_rank.gml
Internet/falcon,11,falcon.request.Request.content_length,3,2,0.6666666666666666,2,0.6666666666666666,0.0,15,3,12,0,"[""falcon.errors"", ""falcon.request.Request.env""]",<external_root>/testRepoSummaryOut/DevEval/Internet/falcon/graph_results_all/PageRank-15-subgraph/task_11_rank.gml
Internet/falcon,12,falcon.response.Response.unset_cookie,1,0,0.0,0,0.0,0.0,15,5,10,0,[],<external_root>/testRepoSummaryOut/DevEval/Internet/falcon/graph_results_all/PageRank-15-subgraph/task_12_rank.gml
Internet/falcon,13,falcon.http_error.HTTPError.to_json,4,1,0.25,1,0.25,0.25,15,0,15,0,"[""falcon.http_error.HTTPError.to_dict""]",<external_root>/testRepoSummaryOut/DevEval/Internet/falcon/graph_results_all/PageRank-15-subgraph/task_13_rank.gml
Internet/falcon,14,falcon.util.structures.ETag.loads,2,0,0.0,0,0.0,0.0,15,4,11,0,[],<external_root>/testRepoSummaryOut/DevEval/Internet/falcon/graph_results_all/PageRank-15-subgraph/task_14_rank.gml
Internet/falcon,15,falcon.inspect.inspect_error_handlers,6,2,0.3333333333333333,2,0.3333333333333333,0.3333333333333333,15,0,15,0,"[""falcon.inspect._get_source_info_and_name"", ""falcon.inspect._is_internal""]",<external_root>/testRepoSummaryOut/DevEval/Internet/falcon/graph_results_all/PageRank-15-subgraph/task_15_rank.gml
Internet/falcon,16,falcon.response.Response.set_header,2,1,0.5,1,0.5,0.0,15,1,14,0,"[""falcon.response.Response._headers""]",<external_root>/testRepoSummaryOut/DevEval/Internet/falcon/graph_results_all/PageRank-15-subgraph/task_16_rank.gml
Internet/falcon,17,falcon.inspect.inspect_middleware,18,2,0.1111111111111111,2,0.1111111111111111,0.1111111111111111,15,1,14,0,"[""falcon.inspect._get_source_info"", ""falcon.inspect._get_source_info_and_name""]",<external_root>/testRepoSummaryOut/DevEval/Internet/falcon/graph_results_all/PageRank-15-subgraph/task_17_rank.gml
Internet/falcon,18,falcon.util.uri.decode,2,0,0.0,0,0.0,0.0,15,3,12,0,[],<external_root>/testRepoSummaryOut/DevEval/Internet/falcon/graph_results_all/PageRank-15-subgraph/task_18_rank.gml
Internet/falcon,19,falcon.request.Request.forwarded_uri,4,3,0.75,3,0.75,0.75,15,1,14,0,"[""falcon.request.Request.forwarded_host"", ""falcon.request.Request.forwarded_scheme"", ""falcon.request.Request.relative_uri""]",<external_root>/testRepoSummaryOut/DevEval/Internet/falcon/graph_results_all/PageRank-15-subgraph/task_19_rank.gml
Internet/falcon,20,falcon.routing.converters.DateTimeConverter.convert,2,0,0.0,0,0.0,0.0,15,2,13,0,[],<external_root>/testRepoSummaryOut/DevEval/Internet/falcon/graph_results_all/PageRank-15-subgraph/task_20_rank.gml
Internet/falcon,21,falcon.cmd.inspect_app.route_main,1,1,1.0,1,1.0,1.0,15,0,15,0,"[""falcon.cmd.inspect_app.main""]",<external_root>/testRepoSummaryOut/DevEval/Internet/falcon/graph_results_all/PageRank-15-subgraph/task_21_rank.gml
Internet/falcon,22,falcon.request.Request.subdomain,1,0,0.0,0,0.0,0.0,13,4,9,0,[],<external_root>/testRepoSummaryOut/DevEval/Internet/falcon/graph_results_all/PageRank-15-subgraph/task_22_rank.gml
Internet/falcon,23,falcon.asgi.reader.BufferedReader.read_until,3,2,0.6666666666666666,2,0.6666666666666666,0.6666666666666666,15,1,14,0,"[""falcon.asgi.reader.BufferedReader._consume_delimiter"", ""falcon.asgi.reader.BufferedReader._iter_delimited""]",<external_root>/testRepoSummaryOut/DevEval/Internet/falcon/graph_results_all/PageRank-15-subgraph/task_23_rank.gml
Internet/falcon,24,falcon.request.Request.relative_uri,4,0,0.0,0,0.0,0.0,15,1,14,0,[],<external_root>/testRepoSummaryOut/DevEval/Internet/falcon/graph_results_all/PageRank-15-subgraph/task_24_rank.gml
Internet/falcon,25,falcon.request.Request.remote_addr,1,1,1.0,1,1.0,0.0,15,1,14,0,"[""falcon.request.Request.env""]",<external_root>/testRepoSummaryOut/DevEval/Internet/falcon/graph_results_all/PageRank-15-subgraph/task_25_rank.gml
Internet/falcon,26,falcon.routing.converters.IntConverter.convert,3,0,0.0,0,0.0,0.0,15,6,9,0,[],<external_root>/testRepoSummaryOut/DevEval/Internet/falcon/graph_results_all/PageRank-15-subgraph/task_26_rank.gml
Internet/falcon,27,falcon.inspect.inspect_app,9,5,0.5555555555555556,5,0.5555555555555556,0.5555555555555556,15,1,14,0,"[""falcon.inspect.inspect_error_handlers"", ""falcon.inspect.inspect_middleware"", ""falcon.inspect.inspect_routes"", ""falcon.inspect.inspect_sinks"", ""falcon.inspect.inspect_static_routes""]",<external_root>/testRepoSummaryOut/DevEval/Internet/falcon/graph_results_all/PageRank-15-subgraph/task_27_rank.gml
Internet/falcon,28,falcon.request.Request.get_header,4,4,1.0,3,0.75,0.0,15,2,13,0,"[""falcon.errors"", ""falcon.request.Request.env"", ""falcon.request.WSGI_CONTENT_HEADERS""]",<external_root>/testRepoSummaryOut/DevEval/Internet/falcon/graph_results_all/PageRank-15-subgraph/task_28_rank.gml
Internet/falcon,29,falcon.request.Request.host,2,2,1.0,2,1.0,0.5,15,2,13,0,"[""falcon.request.Request.env"", ""falcon.util.uri.parse_host""]",<external_root>/testRepoSummaryOut/DevEval/Internet/falcon/graph_results_all/PageRank-15-subgraph/task_29_rank.gml
Internet/falcon,30,falcon.inspect.inspect_static_routes,4,0,0.0,0,0.0,0.0,15,1,14,0,[],<external_root>/testRepoSummaryOut/DevEval/Internet/falcon/graph_results_all/PageRank-15-subgraph/task_30_rank.gml
Internet/falcon,31,falcon.request.Request.forwarded_prefix,4,2,0.5,2,0.5,0.5,15,1,14,0,"[""falcon.request.Request.forwarded_host"", ""falcon.request.Request.forwarded_scheme""]",<external_root>/testRepoSummaryOut/DevEval/Internet/falcon/graph_results_all/PageRank-15-subgraph/task_31_rank.gml
Internet/falcon,32,falcon.util.misc.secure_filename,1,0,0.0,0,0.0,0.0,15,5,10,0,[],<external_root>/testRepoSummaryOut/DevEval/Internet/falcon/graph_results_all/PageRank-15-subgraph/task_32_rank.gml
Internet/falcon,33,falcon.request.Request.uri,4,3,0.75,3,0.75,0.75,15,1,14,0,"[""falcon.request.Request.netloc"", ""falcon.request.Request.relative_uri"", ""falcon.request.Request.scheme""]",<external_root>/testRepoSummaryOut/DevEval/Internet/falcon/graph_results_all/PageRank-15-subgraph/task_33_rank.gml
Internet/falcon,34,falcon.response.Response.get_header,2,1,0.5,1,0.5,0.0,15,2,13,0,"[""falcon.response.Response._headers""]",<external_root>/testRepoSummaryOut/DevEval/Internet/falcon/graph_results_all/PageRank-15-subgraph/task_34_rank.gml
Internet/falcon,35,falcon.routing.static._BoundedFile.read,2,0,0.0,0,0.0,0.0,15,1,14,0,[],<external_root>/testRepoSummaryOut/DevEval/Internet/falcon/graph_results_all/PageRank-15-subgraph/task_35_rank.gml
Internet/falcon,36,falcon.util.structures.ETag.dumps,1,0,0.0,0,0.0,0.0,15,3,12,0,[],<external_root>/testRepoSummaryOut/DevEval/Internet/falcon/graph_results_all/PageRank-15-subgraph/task_36_rank.gml
Internet/falcon,37,falcon.asgi.reader.BufferedReader.peek,6,6,1.0,6,1.0,0.16666666666666666,15,1,14,0,"[""falcon.asgi.reader.BufferedReader._buffer"", ""falcon.asgi.reader.BufferedReader._buffer_len"", ""falcon.asgi.reader.BufferedReader._buffer_pos"", ""falcon.asgi.reader.BufferedReader._chunk_size"", ""falcon.asgi.reader.BufferedReader._source"", ""falcon.asgi.reader.BufferedReader._trim_buffer""]",<external_root>/testRepoSummaryOut/DevEval/Internet/falcon/graph_results_all/PageRank-15-subgraph/task_37_rank.gml
Internet/falcon,38,falcon.inspect.InspectVisitor.process,2,0,0.0,0,0.0,0.0,15,1,14,0,[],<external_root>/testRepoSummaryOut/DevEval/Internet/falcon/graph_results_all/PageRank-15-subgraph/task_38_rank.gml
Internet/falcon,39,falcon.request.Request.headers,3,2,0.6666666666666666,2,0.6666666666666666,0.0,15,1,14,0,"[""falcon.request.Request.env"", ""falcon.request.WSGI_CONTENT_HEADERS""]",<external_root>/testRepoSummaryOut/DevEval/Internet/falcon/graph_results_all/PageRank-15-subgraph/task_39_rank.gml
Internet/falcon,40,falcon.request.Request.get_cookie_values,4,2,0.5,2,0.5,0.25,15,1,14,0,"[""falcon.request.Request._cookies"", ""falcon.request.Request.get_header""]",<external_root>/testRepoSummaryOut/DevEval/Internet/falcon/graph_results_all/PageRank-15-subgraph/task_40_rank.gml
Internet/falcon,41,falcon.request.Request.client_accepts,3,2,0.6666666666666666,2,0.6666666666666666,0.3333333333333333,15,1,14,0,"[""falcon.request.Request.accept"", ""falcon.vendor.mimeparse""]",<external_root>/testRepoSummaryOut/DevEval/Internet/falcon/graph_results_all/PageRank-15-subgraph/task_41_rank.gml
Internet/falcon,42,falcon.request.Request.client_accepts_msgpack,1,1,1.0,1,1.0,1.0,15,1,14,0,"[""falcon.request.Request.client_accepts""]",<external_root>/testRepoSummaryOut/DevEval/Internet/falcon/graph_results_all/PageRank-15-subgraph/task_42_rank.gml
Internet/falcon,43,falcon.request.Request.bounded_stream,2,1,0.5,1,0.5,0.5,15,3,12,0,"[""falcon.request.Request._get_wrapped_wsgi_input""]",<external_root>/testRepoSummaryOut/DevEval/Internet/falcon/graph_results_all/PageRank-15-subgraph/task_43_rank.gml
Internet/falcon,44,falcon.routing.util.map_http_methods,4,1,0.25,1,0.25,0.0,15,0,15,0,"[""falcon.constants.COMBINED_METHODS""]",<external_root>/testRepoSummaryOut/DevEval/Internet/falcon/graph_results_all/PageRank-15-subgraph/task_44_rank.gml
Internet/falcon,45,falcon.inspect.inspect_sinks,5,0,0.0,0,0.0,0.0,15,1,14,0,[],<external_root>/testRepoSummaryOut/DevEval/Internet/falcon/graph_results_all/PageRank-15-subgraph/task_45_rank.gml
Internet/falcon,46,falcon.request.Request.prefix,4,2,0.5,2,0.5,0.5,15,1,14,0,"[""falcon.request.Request.netloc"", ""falcon.request.Request.scheme""]",<external_root>/testRepoSummaryOut/DevEval/Internet/falcon/graph_results_all/PageRank-15-subgraph/task_46_rank.gml
Internet/falcon,47,falcon.inspect.inspect_routes,3,0,0.0,0,0.0,0.0,15,1,14,0,[],<external_root>/testRepoSummaryOut/DevEval/Internet/falcon/graph_results_all/PageRank-15-subgraph/task_47_rank.gml
Internet/falcon,48,falcon.request.Request.forwarded,3,2,0.6666666666666666,2,0.6666666666666666,0.3333333333333333,15,1,14,0,"[""falcon.forwarded._parse_forwarded_header"", ""falcon.request.Request._cached_forwarded""]",<external_root>/testRepoSummaryOut/DevEval/Internet/falcon/graph_results_all/PageRank-15-subgraph/task_48_rank.gml
Internet/falcon,49,falcon.response.Response.delete_header,2,1,0.5,1,0.5,0.0,15,2,13,0,"[""falcon.response.Response._headers""]",<external_root>/testRepoSummaryOut/DevEval/Internet/falcon/graph_results_all/PageRank-15-subgraph/task_49_rank.gml
Internet/google-api-python-client,1,googleapiclient._helpers.parse_unique_urlencoded,0,0,,0,,,15,2,13,0,[],<external_root>/testRepoSummaryOut/DevEval/Internet/google-api-python-client/graph_results_all/PageRank-15-subgraph/task_1_rank.gml
Internet/google-api-python-client,2,googleapiclient._helpers.update_query_params,1,1,1.0,1,1.0,1.0,15,2,13,0,"[""googleapiclient._helpers.parse_unique_urlencoded""]",<external_root>/testRepoSummaryOut/DevEval/Internet/google-api-python-client/graph_results_all/PageRank-15-subgraph/task_2_rank.gml
Internet/google-api-python-client,3,googleapiclient.channel.Channel.body,8,0,0.0,0,0.0,0.0,15,1,14,0,[],<external_root>/testRepoSummaryOut/DevEval/Internet/google-api-python-client/graph_results_all/PageRank-15-subgraph/task_3_rank.gml
Internet/google-api-python-client,4,googleapiclient.model.makepatch,1,0,0.0,0,0.0,0.0,15,3,12,0,[],<external_root>/testRepoSummaryOut/DevEval/Internet/google-api-python-client/graph_results_all/PageRank-15-subgraph/task_4_rank.gml
Internet/google-api-python-client,5,googleapiclient.model.BaseModel.response,5,3,0.6,3,0.6,0.4,15,3,12,0,"[""googleapiclient.errors.HttpError"", ""googleapiclient.model.BaseModel._log_response"", ""googleapiclient.model.LOGGER""]",<external_root>/testRepoSummaryOut/DevEval/Internet/google-api-python-client/graph_results_all/PageRank-15-subgraph/task_5_rank.gml
Internet/google-api-python-client,6,googleapiclient.channel.notification_from_headers,11,3,0.2727272727272727,3,0.2727272727272727,0.09090909090909091,15,1,14,0,"[""googleapiclient.channel.Channel.id"", ""googleapiclient.channel._upper_header_keys"", ""googleapiclient.errors""]",<external_root>/testRepoSummaryOut/DevEval/Internet/google-api-python-client/graph_results_all/PageRank-15-subgraph/task_6_rank.gml
Internet/google-api-python-client,7,googleapiclient.channel.new_webhook_channel,3,0,0.0,1,0.3333333333333333,0.3333333333333333,15,1,14,0,"[""googleapiclient.channel.Channel""]",<external_root>/testRepoSummaryOut/DevEval/Internet/google-api-python-client/graph_results_all/PageRank-15-subgraph/task_7_rank.gml
Internet/google-api-python-client,8,googleapiclient._helpers._add_query_parameter,1,1,1.0,1,1.0,1.0,15,3,12,0,"[""googleapiclient._helpers.update_query_params""]",<external_root>/testRepoSummaryOut/DevEval/Internet/google-api-python-client/graph_results_all/PageRank-15-subgraph/task_8_rank.gml
Internet/google-api-python-client,9,googleapiclient.model.BaseModel._build_query,1,0,0.0,0,0.0,0.0,15,1,14,0,[],<external_root>/testRepoSummaryOut/DevEval/Internet/google-api-python-client/graph_results_all/PageRank-15-subgraph/task_9_rank.gml
Internet/google-api-python-client,10,googleapiclient.channel.Channel.update,1,0,0.0,0,0.0,0.0,15,1,14,0,[],<external_root>/testRepoSummaryOut/DevEval/Internet/google-api-python-client/graph_results_all/PageRank-15-subgraph/task_10_rank.gml
Internet/python-twitter,1,twitter.api.Api._TweetTextWrap,5,3,0.6,3,0.6,0.4,15,1,14,0,"[""twitter.api.Api.GetHelpConfiguration"", ""twitter.api.Api._config"", ""twitter.twitter_utils.is_url""]",<external_root>/testRepoSummaryOut/DevEval/Internet/python-twitter/graph_results_all/PageRank-15-subgraph/task_1_rank.gml
Internet/python-twitter,2,twitter.models.TwitterModel.AsDict,2,0,0.0,0,0.0,0.0,15,2,13,0,[],<external_root>/testRepoSummaryOut/DevEval/Internet/python-twitter/graph_results_all/PageRank-15-subgraph/task_2_rank.gml
Internet/python-twitter,3,twitter.models.TwitterModel.NewFromJsonDict,2,0,0.0,0,0.0,0.0,15,3,12,0,[],<external_root>/testRepoSummaryOut/DevEval/Internet/python-twitter/graph_results_all/PageRank-15-subgraph/task_3_rank.gml
Internet/sumy,1,sumy.summarizers.sum_basic.SumBasicSummarizer._compute_word_freq,0,0,,0,,,15,1,14,0,[],<external_root>/testRepoSummaryOut/DevEval/Internet/sumy/graph_results_all/PageRank-15-subgraph/task_1_rank.gml
Internet/sumy,2,sumy.summarizers.sum_basic.SumBasicSummarizer._compute_average_probability_of_words,0,0,,0,,,15,1,14,0,[],<external_root>/testRepoSummaryOut/DevEval/Internet/sumy/graph_results_all/PageRank-15-subgraph/task_2_rank.gml
Internet/sumy,3,sumy.summarizers.lex_rank.LexRankSummarizer._compute_idf,0,0,,0,,,15,1,14,0,[],<external_root>/testRepoSummaryOut/DevEval/Internet/sumy/graph_results_all/PageRank-15-subgraph/task_3_rank.gml
Internet/sumy,4,sumy.summarizers.lex_rank.LexRankSummarizer.cosine_similarity,0,0,,0,,,12,2,10,0,[],<external_root>/testRepoSummaryOut/DevEval/Internet/sumy/graph_results_all/PageRank-15-subgraph/task_4_rank.gml
Internet/sumy,5,sumy.evaluation.rouge._get_ngrams,0,0,,0,,,15,1,14,0,[],<external_root>/testRepoSummaryOut/DevEval/Internet/sumy/graph_results_all/PageRank-15-subgraph/task_5_rank.gml
Internet/sumy,6,sumy.evaluation.rouge._split_into_words,0,0,,0,,,15,0,15,0,[],<external_root>/testRepoSummaryOut/DevEval/Internet/sumy/graph_results_all/PageRank-15-subgraph/task_6_rank.gml
Internet/sumy,7,sumy.nlp.stemmers.null_stemmer,1,1,1.0,1,1.0,1.0,15,1,14,1,"[""sumy._compat.to_unicode""]",<external_root>/testRepoSummaryOut/DevEval/Internet/sumy/graph_results_all/PageRank-15-subgraph/task_7_rank.gml
Internet/sumy,8,sumy.summarizers.text_rank.TextRankSummarizer._to_words_set,3,2,0.6666666666666666,2,0.6666666666666666,0.6666666666666666,15,0,15,0,"[""sumy.summarizers._summarizer.AbstractSummarizer.normalize_word"", ""sumy.summarizers._summarizer.AbstractSummarizer.stem_word""]",<external_root>/testRepoSummaryOut/DevEval/Internet/sumy/graph_results_all/PageRank-15-subgraph/task_8_rank.gml
Internet/sumy,9,sumy.summarizers.edmundson.EdmundsonSummarizer.location_method,2,1,0.5,1,0.5,0.5,15,1,14,0,"[""sumy.summarizers.edmundson.EdmundsonSummarizer._build_location_method_instance""]",<external_root>/testRepoSummaryOut/DevEval/Internet/sumy/graph_results_all/PageRank-15-subgraph/task_9_rank.gml
Internet/sumy,10,sumy.evaluation.rouge._union_lcs,2,2,1.0,2,1.0,1.0,14,1,13,0,"[""sumy.evaluation.rouge._recon_lcs"", ""sumy.evaluation.rouge._split_into_words""]",<external_root>/testRepoSummaryOut/DevEval/Internet/sumy/graph_results_all/PageRank-15-subgraph/task_10_rank.gml
Internet/sumy,11,sumy.evaluation.rouge._get_word_ngrams,2,1,0.5,1,0.5,0.5,15,0,15,0,"[""sumy.evaluation.rouge._get_ngrams""]",<external_root>/testRepoSummaryOut/DevEval/Internet/sumy/graph_results_all/PageRank-15-subgraph/task_11_rank.gml
Internet/sumy,12,sumy._compat.to_unicode,3,3,1.0,3,1.0,0.3333333333333333,15,3,12,0,"[""sumy._compat.bytes"", ""sumy._compat.instance_to_unicode"", ""sumy._compat.unicode""]",<external_root>/testRepoSummaryOut/DevEval/Internet/sumy/graph_results_all/PageRank-15-subgraph/task_12_rank.gml
Internet/sumy,13,sumy.evaluation.rouge._recon_lcs,2,2,1.0,2,1.0,1.0,15,0,15,0,"[""sumy.evaluation.rouge._get_index_of_lcs"", ""sumy.evaluation.rouge._lcs""]",<external_root>/testRepoSummaryOut/DevEval/Internet/sumy/graph_results_all/PageRank-15-subgraph/task_13_rank.gml
Internet/sumy,14,sumy._compat.to_bytes,3,3,1.0,3,1.0,0.3333333333333333,15,0,15,0,"[""sumy._compat.bytes"", ""sumy._compat.instance_to_bytes"", ""sumy._compat.unicode""]",<external_root>/testRepoSummaryOut/DevEval/Internet/sumy/graph_results_all/PageRank-15-subgraph/task_14_rank.gml
Internet/sumy,15,sumy.summarizers.lsa.LsaSummarizer._create_dictionary,4,2,0.5,2,0.5,0.5,15,1,14,0,"[""sumy.summarizers._summarizer.AbstractSummarizer.normalize_word"", ""sumy.summarizers._summarizer.AbstractSummarizer.stem_word""]",<external_root>/testRepoSummaryOut/DevEval/Internet/sumy/graph_results_all/PageRank-15-subgraph/task_15_rank.gml
Internet/sumy,16,sumy.summarizers.reduction.ReductionSummarizer.rate_sentences,2,1,0.5,1,0.5,0.5,15,0,15,0,"[""sumy.summarizers.reduction.ReductionSummarizer._rate_sentences_edge""]",<external_root>/testRepoSummaryOut/DevEval/Internet/sumy/graph_results_all/PageRank-15-subgraph/task_16_rank.gml
Internet/sumy,17,sumy.summarizers.sum_basic.SumBasicSummarizer._compute_ratings,4,3,0.75,3,0.75,0.75,15,1,14,0,"[""sumy.summarizers.sum_basic.SumBasicSummarizer._compute_tf"", ""sumy.summarizers.sum_basic.SumBasicSummarizer._find_index_of_best_sentence"", ""sumy.summarizers.sum_basic.SumBasicSummarizer._update_tf""]",<external_root>/testRepoSummaryOut/DevEval/Internet/sumy/graph_results_all/PageRank-15-subgraph/task_17_rank.gml
Internet/sumy,18,sumy.summarizers.edmundson.EdmundsonSummarizer.cue_method,2,1,0.5,1,0.5,0.5,15,1,14,0,"[""sumy.summarizers.edmundson.EdmundsonSummarizer._build_cue_method_instance""]",<external_root>/testRepoSummaryOut/DevEval/Internet/sumy/graph_results_all/PageRank-15-subgraph/task_18_rank.gml
Internet/sumy,19,sumy.summarizers.sum_basic.SumBasicSummarizer._get_content_words_in_sentence,4,3,0.75,3,0.75,0.75,15,1,14,0,"[""sumy.summarizers.sum_basic.SumBasicSummarizer._filter_out_stop_words"", ""sumy.summarizers.sum_basic.SumBasicSummarizer._normalize_words"", ""sumy.summarizers.sum_basic.SumBasicSummarizer._stem_words""]",<external_root>/testRepoSummaryOut/DevEval/Internet/sumy/graph_results_all/PageRank-15-subgraph/task_19_rank.gml
Internet/sumy,20,sumy.parsers.plaintext.PlaintextParser.document,6,2,0.3333333333333333,2,0.3333333333333333,0.16666666666666666,15,3,12,0,"[""sumy.parsers.parser.DocumentParser._tokenizer"", ""sumy.parsers.plaintext.PlaintextParser._to_sentences""]",<external_root>/testRepoSummaryOut/DevEval/Internet/sumy/graph_results_all/PageRank-15-subgraph/task_20_rank.gml
Internet/sumy,21,sumy.summarizers.kl.KLSummarizer.compute_tf,2,1,0.5,1,0.5,0.5,15,1,14,0,"[""sumy.summarizers.kl.KLSummarizer._compute_word_freq""]",<external_root>/testRepoSummaryOut/DevEval/Internet/sumy/graph_results_all/PageRank-15-subgraph/task_21_rank.gml
Internet/sumy,22,sumy.summarizers.reduction.ReductionSummarizer._to_words_set,3,2,0.6666666666666666,2,0.6666666666666666,0.6666666666666666,15,0,15,0,"[""sumy.summarizers._summarizer.AbstractSummarizer.normalize_word"", ""sumy.summarizers._summarizer.AbstractSummarizer.stem_word""]",<external_root>/testRepoSummaryOut/DevEval/Internet/sumy/graph_results_all/PageRank-15-subgraph/task_22_rank.gml
Internet/sumy,23,sumy.utils.get_stop_words,2,1,0.5,1,0.5,0.5,15,0,15,0,"[""sumy.utils.parse_stop_words""]",<external_root>/testRepoSummaryOut/DevEval/Internet/sumy/graph_results_all/PageRank-15-subgraph/task_23_rank.gml
Internet/sumy,24,sumy.nlp.tokenizers.Tokenizer.to_sentences,6,3,0.5,3,0.5,0.3333333333333333,15,0,15,0,"[""sumy._compat.to_unicode"", ""sumy._compat.unicode"", ""sumy.nlp.tokenizers.ArabicSentencesTokenizer.tokenize""]",<external_root>/testRepoSummaryOut/DevEval/Internet/sumy/graph_results_all/PageRank-15-subgraph/task_24_rank.gml
Internet/sumy,25,sumy.summarizers.sum_basic.SumBasicSummarizer._compute_tf,2,2,1.0,2,1.0,1.0,15,1,14,0,"[""sumy.summarizers.sum_basic.SumBasicSummarizer._compute_word_freq"", ""sumy.summarizers.sum_basic.SumBasicSummarizer._get_all_content_words_in_doc""]",<external_root>/testRepoSummaryOut/DevEval/Internet/sumy/graph_results_all/PageRank-15-subgraph/task_25_rank.gml
Internet/sumy,26,sumy.evaluation.rouge._len_lcs,2,2,1.0,2,1.0,1.0,14,1,13,0,"[""sumy.evaluation.rouge._get_index_of_lcs"", ""sumy.evaluation.rouge._lcs""]",<external_root>/testRepoSummaryOut/DevEval/Internet/sumy/graph_results_all/PageRank-15-subgraph/task_26_rank.gml
Internet/sumy,27,sumy.summarizers.edmundson.EdmundsonSummarizer.title_method,2,1,0.5,1,0.5,0.5,15,3,12,0,"[""sumy.summarizers.edmundson.EdmundsonSummarizer._build_title_method_instance""]",<external_root>/testRepoSummaryOut/DevEval/Internet/sumy/graph_results_all/PageRank-15-subgraph/task_27_rank.gml
Internet/sumy,28,sumy.summarizers.sum_basic.SumBasicSummarizer._get_all_content_words_in_doc,3,3,1.0,3,1.0,1.0,15,1,14,0,"[""sumy.summarizers.sum_basic.SumBasicSummarizer._filter_out_stop_words"", ""sumy.summarizers.sum_basic.SumBasicSummarizer._get_all_words_in_doc"", ""sumy.summarizers.sum_basic.SumBasicSummarizer._normalize_words""]",<external_root>/testRepoSummaryOut/DevEval/Internet/sumy/graph_results_all/PageRank-15-subgraph/task_28_rank.gml
Internet/sumy,29,sumy.summarizers.edmundson.EdmundsonSummarizer.key_method,2,1,0.5,1,0.5,0.5,15,1,14,0,"[""sumy.summarizers.edmundson.EdmundsonSummarizer._build_key_method_instance""]",<external_root>/testRepoSummaryOut/DevEval/Internet/sumy/graph_results_all/PageRank-15-subgraph/task_29_rank.gml
Internet/sumy,30,sumy.parsers.html.HtmlParser.from_file,1,0,0.0,0,0.0,0.0,15,4,11,0,[],<external_root>/testRepoSummaryOut/DevEval/Internet/sumy/graph_results_all/PageRank-15-subgraph/task_30_rank.gml
Multimedia/Mopidy,1,mopidy.httpclient.format_proxy,0,0,,0,,,12,4,8,0,[],<external_root>/testRepoSummaryOut/DevEval/Multimedia/Mopidy/graph_results_all/PageRank-15-subgraph/task_1_rank.gml
Multimedia/Mopidy,2,mopidy.config.validators.validate_required,0,0,,0,,,15,0,15,0,[],<external_root>/testRepoSummaryOut/DevEval/Multimedia/Mopidy/graph_results_all/PageRank-15-subgraph/task_2_rank.gml
Multimedia/Mopidy,3,mopidy.config.validators.validate_choice,0,0,,0,,,15,0,15,0,[],<external_root>/testRepoSummaryOut/DevEval/Multimedia/Mopidy/graph_results_all/PageRank-15-subgraph/task_3_rank.gml
Multimedia/Mopidy,4,mopidy.config.validators.validate_minimum,0,0,,0,,,15,1,14,0,[],<external_root>/testRepoSummaryOut/DevEval/Multimedia/Mopidy/graph_results_all/PageRank-15-subgraph/task_4_rank.gml
Multimedia/Mopidy,5,mopidy.config.validators.validate_maximum,0,0,,0,,,15,0,15,0,[],<external_root>/testRepoSummaryOut/DevEval/Multimedia/Mopidy/graph_results_all/PageRank-15-subgraph/task_5_rank.gml
Multimedia/Mopidy,6,mopidy.config.schemas._did_you_mean,0,0,,0,,,15,2,13,0,[],<external_root>/testRepoSummaryOut/DevEval/Multimedia/Mopidy/graph_results_all/PageRank-15-subgraph/task_6_rank.gml
Multimedia/Mopidy,7,mopidy.config.types.encode,0,0,,0,,,15,3,12,0,[],<external_root>/testRepoSummaryOut/DevEval/Multimedia/Mopidy/graph_results_all/PageRank-15-subgraph/task_7_rank.gml
Multimedia/Mopidy,8,mopidy.config.types.decode,0,0,,0,,,15,0,15,0,[],<external_root>/testRepoSummaryOut/DevEval/Multimedia/Mopidy/graph_results_all/PageRank-15-subgraph/task_8_rank.gml
Multimedia/Mopidy,9,mopidy.config.types.ConfigValue.serialize,0,0,,0,,,15,3,12,0,[],<external_root>/testRepoSummaryOut/DevEval/Multimedia/Mopidy/graph_results_all/PageRank-15-subgraph/task_9_rank.gml
Multimedia/Mopidy,10,mopidy.config.types.Boolean.serialize,0,0,,0,,,15,0,15,0,[],<external_root>/testRepoSummaryOut/DevEval/Multimedia/Mopidy/graph_results_all/PageRank-15-subgraph/task_10_rank.gml
Multimedia/Mopidy,11,mopidy.http.Extension.get_config_schema,9,2,0.2222222222222222,2,0.2222222222222222,0.1111111111111111,15,1,14,1,"[""mopidy.config"", ""mopidy.ext.Extension.get_config_schema""]",<external_root>/testRepoSummaryOut/DevEval/Multimedia/Mopidy/graph_results_all/PageRank-15-subgraph/task_11_rank.gml
Multimedia/Mopidy,12,mopidy.ext.validate_extension_data,13,3,0.23076923076923078,3,0.23076923076923078,0.07692307692307693,15,1,14,0,"[""mopidy.config"", ""mopidy.ext.Extension.validate_environment"", ""mopidy.ext.logger""]",<external_root>/testRepoSummaryOut/DevEval/Multimedia/Mopidy/graph_results_all/PageRank-15-subgraph/task_12_rank.gml
Multimedia/Mopidy,13,mopidy.config.load,6,3,0.5,3,0.5,0.5,15,0,15,1,"[""mopidy.config._load"", ""mopidy.config._validate"", ""mopidy.config.read""]",<external_root>/testRepoSummaryOut/DevEval/Multimedia/Mopidy/graph_results_all/PageRank-15-subgraph/task_13_rank.gml
Multimedia/Mopidy,14,mopidy.config.types.String.serialize,2,1,0.5,1,0.5,0.5,15,0,15,0,"[""mopidy.config.types.encode""]",<external_root>/testRepoSummaryOut/DevEval/Multimedia/Mopidy/graph_results_all/PageRank-15-subgraph/task_14_rank.gml
Multimedia/Mopidy,15,mopidy.ext.load_extensions,9,3,0.3333333333333333,4,0.4444444444444444,0.3333333333333333,15,1,14,0,"[""mopidy.ext.Extension"", ""mopidy.ext.Extension.get_command"", ""mopidy.ext.Extension.get_config_schema"", ""mopidy.ext.logger""]",<external_root>/testRepoSummaryOut/DevEval/Multimedia/Mopidy/graph_results_all/PageRank-15-subgraph/task_15_rank.gml
Multimedia/Mopidy,16,mopidy.httpclient.format_user_agent,2,1,0.5,1,0.5,0.0,15,0,15,0,"[""mopidy""]",<external_root>/testRepoSummaryOut/DevEval/Multimedia/Mopidy/graph_results_all/PageRank-15-subgraph/task_16_rank.gml
Multimedia/Mopidy,17,mopidy.internal.validation.check_instance,2,0,0.0,0,0.0,0.0,15,0,15,0,[],<external_root>/testRepoSummaryOut/DevEval/Multimedia/Mopidy/graph_results_all/PageRank-15-subgraph/task_17_rank.gml
Multimedia/Mopidy,18,mopidy.config.types.LogColor.deserialize,5,2,0.4,2,0.4,0.2,15,0,15,0,"[""mopidy.config.types.decode"", ""mopidy.internal.log""]",<external_root>/testRepoSummaryOut/DevEval/Multimedia/Mopidy/graph_results_all/PageRank-15-subgraph/task_18_rank.gml
Multimedia/Mopidy,19,mopidy.config.types.Pair.deserialize,9,2,0.2222222222222222,2,0.2222222222222222,0.2222222222222222,15,1,14,0,"[""mopidy.config.types.String.deserialize"", ""mopidy.config.types.decode""]",<external_root>/testRepoSummaryOut/DevEval/Multimedia/Mopidy/graph_results_all/PageRank-15-subgraph/task_19_rank.gml
Multimedia/Mopidy,20,mopidy.ext.Extension.get_data_dir,5,1,0.2,1,0.2,0.0,15,3,12,0,"[""mopidy.ext.Config""]",<external_root>/testRepoSummaryOut/DevEval/Multimedia/Mopidy/graph_results_all/PageRank-15-subgraph/task_20_rank.gml
Multimedia/Mopidy,21,mopidy.internal.validation.check_instances,3,1,0.3333333333333333,1,0.3333333333333333,0.3333333333333333,15,0,15,0,"[""mopidy.internal.validation._check_iterable""]",<external_root>/testRepoSummaryOut/DevEval/Multimedia/Mopidy/graph_results_all/PageRank-15-subgraph/task_21_rank.gml
Multimedia/Mopidy,22,mopidy.ext.Extension.get_cache_dir,5,1,0.2,1,0.2,0.0,15,2,13,0,"[""mopidy.ext.Config""]",<external_root>/testRepoSummaryOut/DevEval/Multimedia/Mopidy/graph_results_all/PageRank-15-subgraph/task_22_rank.gml
Multimedia/Mopidy,23,mopidy.config.types.Secret.serialize,2,1,0.5,1,0.5,0.5,15,2,13,0,"[""mopidy.config.types.String.serialize""]",<external_root>/testRepoSummaryOut/DevEval/Multimedia/Mopidy/graph_results_all/PageRank-15-subgraph/task_23_rank.gml
Multimedia/Mopidy,24,mopidy.config.types.LogLevel.serialize,2,1,0.5,1,0.5,0.5,15,0,15,0,"[""mopidy.config.types.encode""]",<external_root>/testRepoSummaryOut/DevEval/Multimedia/Mopidy/graph_results_all/PageRank-15-subgraph/task_24_rank.gml
Multimedia/Mopidy,25,mopidy.config.types.LogColor.serialize,3,2,0.6666666666666666,2,0.6666666666666666,0.3333333333333333,15,0,15,0,"[""mopidy.config.types.encode"", ""mopidy.internal.log""]",<external_root>/testRepoSummaryOut/DevEval/Multimedia/Mopidy/graph_results_all/PageRank-15-subgraph/task_25_rank.gml
Multimedia/Mopidy,26,mopidy.internal.validation.check_uri,2,0,0.0,0,0.0,0.0,15,1,14,0,[],<external_root>/testRepoSummaryOut/DevEval/Multimedia/Mopidy/graph_results_all/PageRank-15-subgraph/task_26_rank.gml
Multimedia/Mopidy,27,mopidy.config.types.List.serialize,3,1,0.3333333333333333,2,0.6666666666666666,0.6666666666666666,15,1,14,0,"[""mopidy.config.types.String"", ""mopidy.config.types.String.serialize""]",<external_root>/testRepoSummaryOut/DevEval/Multimedia/Mopidy/graph_results_all/PageRank-15-subgraph/task_27_rank.gml
Multimedia/Mopidy,28,mopidy.ext.Extension.get_config_dir,5,1,0.2,1,0.2,0.0,15,1,14,0,"[""mopidy.ext.Config""]",<external_root>/testRepoSummaryOut/DevEval/Multimedia/Mopidy/graph_results_all/PageRank-15-subgraph/task_28_rank.gml
Multimedia/Mopidy,29,mopidy.config.types.Hostname.deserialize,9,2,0.2222222222222222,3,0.3333333333333333,0.3333333333333333,15,1,14,0,"[""mopidy.config.types.Path"", ""mopidy.config.types.Path.deserialize"", ""mopidy.config.types.decode""]",<external_root>/testRepoSummaryOut/DevEval/Multimedia/Mopidy/graph_results_all/PageRank-15-subgraph/task_29_rank.gml
Multimedia/Mopidy,30,mopidy.config.types.Boolean.deserialize,6,1,0.16666666666666666,1,0.16666666666666666,0.16666666666666666,15,0,15,0,"[""mopidy.config.types.decode""]",<external_root>/testRepoSummaryOut/DevEval/Multimedia/Mopidy/graph_results_all/PageRank-15-subgraph/task_30_rank.gml
Multimedia/Mopidy,31,mopidy.config.schemas.ConfigSchema.deserialize,4,2,0.5,2,0.5,0.25,15,0,15,0,"[""mopidy.config.schemas._did_you_mean"", ""mopidy.config.types""]",<external_root>/testRepoSummaryOut/DevEval/Multimedia/Mopidy/graph_results_all/PageRank-15-subgraph/task_31_rank.gml
Multimedia/Mopidy,32,mopidy.config.format_initial,11,4,0.36363636363636365,4,0.36363636363636365,0.36363636363636365,15,0,15,1,"[""mopidy.config._format"", ""mopidy.config._load"", ""mopidy.config._validate"", ""mopidy.config.read""]",<external_root>/testRepoSummaryOut/DevEval/Multimedia/Mopidy/graph_results_all/PageRank-15-subgraph/task_32_rank.gml
Multimedia/Mopidy,33,mopidy.internal.playlists.parse,9,5,0.5555555555555556,5,0.5555555555555556,0.5555555555555556,15,0,15,0,"[""mopidy.internal.playlists.parse_asx"", ""mopidy.internal.playlists.parse_extm3u"", ""mopidy.internal.playlists.parse_pls"", ""mopidy.internal.playlists.parse_urilist"", ""mopidy.internal.playlists.parse_xspf""]",<external_root>/testRepoSummaryOut/DevEval/Multimedia/Mopidy/graph_results_all/PageRank-15-subgraph/task_33_rank.gml
Multimedia/Mopidy,34,mopidy.config.types.Integer.deserialize,10,1,0.1,1,0.1,0.1,15,0,15,0,"[""mopidy.config.types.decode""]",<external_root>/testRepoSummaryOut/DevEval/Multimedia/Mopidy/graph_results_all/PageRank-15-subgraph/task_34_rank.gml
Multimedia/Mopidy,35,mopidy.config.types.Pair.serialize,4,4,1.0,4,1.0,0.25,15,2,13,0,"[""mopidy.config.types.Pair._optional_pair"", ""mopidy.config.types.Pair._separator"", ""mopidy.config.types.Pair._subtypes"", ""mopidy.config.types.String.serialize""]",<external_root>/testRepoSummaryOut/DevEval/Multimedia/Mopidy/graph_results_all/PageRank-15-subgraph/task_35_rank.gml
Multimedia/Mopidy,36,mopidy.config._load,4,1,0.25,1,0.25,0.25,15,0,15,1,"[""mopidy.config._load_file""]",<external_root>/testRepoSummaryOut/DevEval/Multimedia/Mopidy/graph_results_all/PageRank-15-subgraph/task_36_rank.gml
Multimedia/Mopidy,37,mopidy.config.types.String.deserialize,8,1,0.125,1,0.125,0.125,15,1,14,0,"[""mopidy.config.types.decode""]",<external_root>/testRepoSummaryOut/DevEval/Multimedia/Mopidy/graph_results_all/PageRank-15-subgraph/task_37_rank.gml
Multimedia/Mopidy,38,mopidy.internal.network.try_ipv6_socket,1,1,1.0,1,1.0,0.0,15,3,12,0,"[""mopidy.internal.network.logger""]",<external_root>/testRepoSummaryOut/DevEval/Multimedia/Mopidy/graph_results_all/PageRank-15-subgraph/task_38_rank.gml
Multimedia/Mopidy,39,mopidy.config._validate,1,0,0.0,0,0.0,0.0,15,0,15,1,[],<external_root>/testRepoSummaryOut/DevEval/Multimedia/Mopidy/graph_results_all/PageRank-15-subgraph/task_39_rank.gml
Multimedia/Mopidy,40,mopidy.internal.log.get_verbosity_level,2,1,0.5,1,0.5,0.0,15,3,12,0,"[""mopidy.internal.log.LOG_LEVELS""]",<external_root>/testRepoSummaryOut/DevEval/Multimedia/Mopidy/graph_results_all/PageRank-15-subgraph/task_40_rank.gml
Multimedia/Mopidy,41,mopidy.internal.xdg.get_dirs,1,1,1.0,1,1.0,1.0,15,2,13,0,"[""mopidy.internal.xdg._get_user_dirs""]",<external_root>/testRepoSummaryOut/DevEval/Multimedia/Mopidy/graph_results_all/PageRank-15-subgraph/task_41_rank.gml
Multimedia/Mopidy,42,mopidy.config.types.LogLevel.deserialize,4,1,0.25,1,0.25,0.25,15,0,15,0,"[""mopidy.config.types.decode""]",<external_root>/testRepoSummaryOut/DevEval/Multimedia/Mopidy/graph_results_all/PageRank-15-subgraph/task_42_rank.gml
Multimedia/Mopidy,43,mopidy.internal.network.format_hostname,1,0,0.0,0,0.0,0.0,15,2,13,0,[],<external_root>/testRepoSummaryOut/DevEval/Multimedia/Mopidy/graph_results_all/PageRank-15-subgraph/task_43_rank.gml
Multimedia/Mopidy,44,mopidy.internal.validation.check_uris,1,1,1.0,1,1.0,1.0,15,1,14,0,"[""mopidy.internal.validation._check_iterable""]",<external_root>/testRepoSummaryOut/DevEval/Multimedia/Mopidy/graph_results_all/PageRank-15-subgraph/task_44_rank.gml
Multimedia/Mopidy,45,mopidy.http.Extension.get_default_config,2,2,1.0,2,1.0,0.5,15,0,15,1,"[""mopidy.config"", ""mopidy.config.read""]",<external_root>/testRepoSummaryOut/DevEval/Multimedia/Mopidy/graph_results_all/PageRank-15-subgraph/task_45_rank.gml
Multimedia/Mopidy,46,mopidy.config.types.Float.deserialize,8,1,0.125,1,0.125,0.125,15,0,15,0,"[""mopidy.config.types.decode""]",<external_root>/testRepoSummaryOut/DevEval/Multimedia/Mopidy/graph_results_all/PageRank-15-subgraph/task_46_rank.gml
Multimedia/Mopidy,47,mopidy.models.immutable.ValidatedImmutableObject.replace,2,2,1.0,2,1.0,1.0,15,4,11,0,"[""mopidy.models.immutable.ImmutableObject"", ""mopidy.models.immutable.ImmutableObject.replace""]",<external_root>/testRepoSummaryOut/DevEval/Multimedia/Mopidy/graph_results_all/PageRank-15-subgraph/task_47_rank.gml
Multimedia/gif-for-cli,1,gif_for_cli.utils._get_default_display_mode,0,0,,0,,,15,0,15,0,[],<external_root>/testRepoSummaryOut/DevEval/Multimedia/gif-for-cli/graph_results_all/PageRank-15-subgraph/task_1_rank.gml
Multimedia/gif-for-cli,2,gif_for_cli.utils._pool_type,0,0,,0,,,15,0,15,0,[],<external_root>/testRepoSummaryOut/DevEval/Multimedia/gif-for-cli/graph_results_all/PageRank-15-subgraph/task_2_rank.gml
Multimedia/gif-for-cli,3,gif_for_cli.generate.utils.get_avg_for_em,0,0,,0,,,15,0,15,0,[],<external_root>/testRepoSummaryOut/DevEval/Multimedia/gif-for-cli/graph_results_all/PageRank-15-subgraph/task_3_rank.gml
Multimedia/gif-for-cli,4,gif_for_cli.generate.utils.process_input_source,0,0,,0,,,15,0,15,0,[],<external_root>/testRepoSummaryOut/DevEval/Multimedia/gif-for-cli/graph_results_all/PageRank-15-subgraph/task_4_rank.gml
Multimedia/gif-for-cli,5,gif_for_cli.display.display_txt_frames,2,0,0.0,0,0.0,0.0,15,0,15,0,[],<external_root>/testRepoSummaryOut/DevEval/Multimedia/gif-for-cli/graph_results_all/PageRank-15-subgraph/task_5_rank.gml
Multimedia/hypertools,1,hypertools.tools.df2mat.df2mat,0,0,,0,,,15,1,14,0,[],<external_root>/testRepoSummaryOut/DevEval/Multimedia/hypertools/graph_results_all/PageRank-15-subgraph/task_1_rank.gml
Multimedia/hypertools,2,hypertools._shared.helpers.center,0,0,,0,,,15,0,15,0,[],<external_root>/testRepoSummaryOut/DevEval/Multimedia/hypertools/graph_results_all/PageRank-15-subgraph/task_2_rank.gml
Multimedia/hypertools,3,hypertools._shared.helpers.group_by_category,0,0,,0,,,15,0,15,0,[],<external_root>/testRepoSummaryOut/DevEval/Multimedia/hypertools/graph_results_all/PageRank-15-subgraph/task_3_rank.gml
Multimedia/hypertools,4,hypertools._shared.helpers.vals2colors,0,0,,0,,,15,3,12,0,[],<external_root>/testRepoSummaryOut/DevEval/Multimedia/hypertools/graph_results_all/PageRank-15-subgraph/task_4_rank.gml
Multimedia/hypertools,5,hypertools._shared.helpers.vals2bins,0,0,,0,,,15,0,15,0,[],<external_root>/testRepoSummaryOut/DevEval/Multimedia/hypertools/graph_results_all/PageRank-15-subgraph/task_5_rank.gml
Multimedia/hypertools,6,hypertools._shared.helpers.interp_array,0,0,,0,,,10,0,10,0,[],<external_root>/testRepoSummaryOut/DevEval/Multimedia/hypertools/graph_results_all/PageRank-15-subgraph/task_6_rank.gml
Multimedia/hypertools,7,hypertools._shared.helpers.parse_args,0,0,,0,,,15,4,11,0,[],<external_root>/testRepoSummaryOut/DevEval/Multimedia/hypertools/graph_results_all/PageRank-15-subgraph/task_7_rank.gml
Multimedia/hypertools,8,hypertools._shared.helpers.parse_kwargs,0,0,,0,,,15,0,15,0,[],<external_root>/testRepoSummaryOut/DevEval/Multimedia/hypertools/graph_results_all/PageRank-15-subgraph/task_8_rank.gml
Multimedia/hypertools,9,hypertools._shared.helpers.reshape_data,0,0,,0,,,15,0,15,0,[],<external_root>/testRepoSummaryOut/DevEval/Multimedia/hypertools/graph_results_all/PageRank-15-subgraph/task_9_rank.gml
Multimedia/hypertools,10,hypertools.datageometry.DataGeometry.plot,10,10,1.0,10,1.0,0.1,15,0,15,0,"[""hypertools.datageometry.DataGeometry.align"", ""hypertools.datageometry.DataGeometry.corpus"", ""hypertools.datageometry.DataGeometry.data"", ""hypertools.datageometry.DataGeometry.kwargs"", ""hypertools.datageometry.DataGeometry.normalize"", ""hypertools.datageometry.DataGeometry.reduce"", ""hypertools.datageometry.DataGeometry.semantic"", ""hypertools.datageometry.DataGeometry.vectorizer"", ""hypertools.datageometry.DataGeometry.xform_data"", ""hypertools.plot.plot.plot""]",<external_root>/testRepoSummaryOut/DevEval/Multimedia/hypertools/graph_results_all/PageRank-15-subgraph/task_10_rank.gml
Multimedia/hypertools,11,hypertools.datageometry.DataGeometry.transform,11,9,0.8181818181818182,9,0.8181818181818182,0.18181818181818182,15,1,14,0,"[""hypertools.datageometry.DataGeometry.align"", ""hypertools.datageometry.DataGeometry.corpus"", ""hypertools.datageometry.DataGeometry.normalize"", ""hypertools.datageometry.DataGeometry.reduce"", ""hypertools.datageometry.DataGeometry.semantic"", ""hypertools.datageometry.DataGeometry.vectorizer"", ""hypertools.datageometry.DataGeometry.xform_data"", ""hypertools.tools.align.align"", ""hypertools.tools.format_data.format_data""]",<external_root>/testRepoSummaryOut/DevEval/Multimedia/hypertools/graph_results_all/PageRank-15-subgraph/task_11_rank.gml
Multimedia/mingus,1,mingus.extra.lilypond.from_Note,0,0,,0,,,15,0,15,0,[],<external_root>/testRepoSummaryOut/DevEval/Multimedia/mingus/graph_results_all/PageRank-15-subgraph/task_1_rank.gml
Multimedia/mingus,2,mingus.extra.tablature._get_qsize,0,0,,0,,,13,2,11,0,[],<external_root>/testRepoSummaryOut/DevEval/Multimedia/mingus/graph_results_all/PageRank-15-subgraph/task_2_rank.gml
Multimedia/mingus,3,mingus.core.notes.augment,0,0,,0,,,15,0,15,0,[],<external_root>/testRepoSummaryOut/DevEval/Multimedia/mingus/graph_results_all/PageRank-15-subgraph/task_3_rank.gml
Multimedia/mingus,4,mingus.core.meter.valid_beat_duration,0,0,,0,,,15,2,13,0,[],<external_root>/testRepoSummaryOut/DevEval/Multimedia/mingus/graph_results_all/PageRank-15-subgraph/task_4_rank.gml
Multimedia/mingus,5,mingus.core.notes.diminish,0,0,,0,,,15,1,14,0,[],<external_root>/testRepoSummaryOut/DevEval/Multimedia/mingus/graph_results_all/PageRank-15-subgraph/task_5_rank.gml
Multimedia/mingus,6,mingus.core.intervals.invert,0,0,,0,,,15,3,12,0,[],<external_root>/testRepoSummaryOut/DevEval/Multimedia/mingus/graph_results_all/PageRank-15-subgraph/task_6_rank.gml
Multimedia/mingus,7,mingus.core.progressions.parse_string,0,0,,0,,,15,0,15,0,[],<external_root>/testRepoSummaryOut/DevEval/Multimedia/mingus/graph_results_all/PageRank-15-subgraph/task_7_rank.gml
Multimedia/mingus,8,mingus.core.notes.int_to_note,2,0,0.0,0,0.0,0.0,15,1,14,0,[],<external_root>/testRepoSummaryOut/DevEval/Multimedia/mingus/graph_results_all/PageRank-15-subgraph/task_8_rank.gml
Multimedia/mingus,9,mingus.core.progressions.substitute_diminished_for_diminished,4,4,1.0,4,1.0,1.0,15,0,15,0,"[""mingus.core.progressions.interval_diff"", ""mingus.core.progressions.parse_string"", ""mingus.core.progressions.skip"", ""mingus.core.progressions.tuple_to_string""]",<external_root>/testRepoSummaryOut/DevEval/Multimedia/mingus/graph_results_all/PageRank-15-subgraph/task_9_rank.gml
Multimedia/mingus,10,mingus.core.intervals.is_consonant,2,2,1.0,2,1.0,1.0,15,0,15,0,"[""mingus.core.intervals.is_imperfect_consonant"", ""mingus.core.intervals.is_perfect_consonant""]",<external_root>/testRepoSummaryOut/DevEval/Multimedia/mingus/graph_results_all/PageRank-15-subgraph/task_10_rank.gml
Multimedia/mingus,11,mingus.containers.note.Note.to_hertz,1,1,1.0,1,1.0,1.0,12,2,10,0,"[""mingus.containers.note.Note.__int__""]",<external_root>/testRepoSummaryOut/DevEval/Multimedia/mingus/graph_results_all/PageRank-15-subgraph/task_11_rank.gml
Multimedia/mingus,12,mingus.core.notes.reduce_accidentals,3,2,0.6666666666666666,2,0.6666666666666666,0.6666666666666666,15,0,15,0,"[""mingus.core.notes.int_to_note"", ""mingus.core.notes.note_to_int""]",<external_root>/testRepoSummaryOut/DevEval/Multimedia/mingus/graph_results_all/PageRank-15-subgraph/task_12_rank.gml
Multimedia/mingus,13,mingus.core.chords.determine,8,4,0.5,4,0.5,0.5,15,0,15,0,"[""mingus.core.chords.determine_extended_chord5"", ""mingus.core.chords.determine_extended_chord6"", ""mingus.core.chords.determine_polychords"", ""mingus.core.chords.determine_triad""]",<external_root>/testRepoSummaryOut/DevEval/Multimedia/mingus/graph_results_all/PageRank-15-subgraph/task_13_rank.gml
Multimedia/mingus,14,mingus.core.progressions.substitute,5,4,0.8,4,0.8,0.8,15,0,15,0,"[""mingus.core.progressions.interval_diff"", ""mingus.core.progressions.parse_string"", ""mingus.core.progressions.skip"", ""mingus.core.progressions.tuple_to_string""]",<external_root>/testRepoSummaryOut/DevEval/Multimedia/mingus/graph_results_all/PageRank-15-subgraph/task_14_rank.gml
Multimedia/mingus,15,mingus.core.intervals.major_seventh,2,2,1.0,2,1.0,1.0,15,0,15,0,"[""mingus.core.intervals.augment_or_diminish_until_the_interval_is_right"", ""mingus.core.intervals.seventh""]",<external_root>/testRepoSummaryOut/DevEval/Multimedia/mingus/graph_results_all/PageRank-15-subgraph/task_15_rank.gml
Multimedia/mingus,16,mingus.core.notes.remove_redundant_accidentals,2,2,1.0,2,1.0,1.0,15,0,15,0,"[""mingus.core.notes.augment"", ""mingus.core.notes.diminish""]",<external_root>/testRepoSummaryOut/DevEval/Multimedia/mingus/graph_results_all/PageRank-15-subgraph/task_16_rank.gml
Multimedia/mingus,17,mingus.core.intervals.major_second,2,2,1.0,2,1.0,1.0,15,0,15,0,"[""mingus.core.intervals.augment_or_diminish_until_the_interval_is_right"", ""mingus.core.intervals.second""]",<external_root>/testRepoSummaryOut/DevEval/Multimedia/mingus/graph_results_all/PageRank-15-subgraph/task_17_rank.gml
Multimedia/mingus,18,mingus.containers.note.Note.from_hertz,4,1,0.25,1,0.25,0.0,15,1,14,0,"[""mingus.core.notes""]",<external_root>/testRepoSummaryOut/DevEval/Multimedia/mingus/graph_results_all/PageRank-15-subgraph/task_18_rank.gml
Multimedia/mingus,19,mingus.containers.note_container.NoteContainer.get_note_names,1,0,0.0,0,0.0,0.0,15,0,15,0,[],<external_root>/testRepoSummaryOut/DevEval/Multimedia/mingus/graph_results_all/PageRank-15-subgraph/task_19_rank.gml
Multimedia/mingus,20,mingus.containers.note_container.NoteContainer.from_progression_shorthand,4,2,0.5,2,0.5,0.5,15,1,14,0,"[""mingus.containers.note_container.NoteContainer.add_notes"", ""mingus.containers.note_container.NoteContainer.empty""]",<external_root>/testRepoSummaryOut/DevEval/Multimedia/mingus/graph_results_all/PageRank-15-subgraph/task_20_rank.gml
Multimedia/mingus,21,mingus.core.keys.get_key_signature,3,2,0.6666666666666666,2,0.6666666666666666,0.3333333333333333,15,0,15,0,"[""mingus.core.keys.is_valid_key"", ""mingus.core.keys.keys""]",<external_root>/testRepoSummaryOut/DevEval/Multimedia/mingus/graph_results_all/PageRank-15-subgraph/task_21_rank.gml
Multimedia/mingus,22,mingus.core.keys.relative_major,2,1,0.5,1,0.5,0.0,15,0,15,0,"[""mingus.core.keys.keys""]",<external_root>/testRepoSummaryOut/DevEval/Multimedia/mingus/graph_results_all/PageRank-15-subgraph/task_22_rank.gml
Multimedia/mingus,23,mingus.containers.note_container.NoteContainer.from_chord_shorthand,4,4,1.0,4,1.0,0.75,15,1,14,0,"[""mingus.containers.note_container.NoteContainer.add_notes"", ""mingus.containers.note_container.NoteContainer.empty"", ""mingus.core.chords"", ""mingus.core.chords.from_shorthand""]",<external_root>/testRepoSummaryOut/DevEval/Multimedia/mingus/graph_results_all/PageRank-15-subgraph/task_23_rank.gml
Multimedia/mingus,24,mingus.core.intervals.is_perfect_consonant,1,1,1.0,1,1.0,1.0,15,0,15,0,"[""mingus.core.intervals.measure""]",<external_root>/testRepoSummaryOut/DevEval/Multimedia/mingus/graph_results_all/PageRank-15-subgraph/task_24_rank.gml
Multimedia/mingus,25,mingus.containers.note.Note.from_int,4,0,0.0,0,0.0,0.0,13,3,10,0,[],<external_root>/testRepoSummaryOut/DevEval/Multimedia/mingus/graph_results_all/PageRank-15-subgraph/task_25_rank.gml
Multimedia/mingus,26,mingus.core.intervals.minor_third,2,2,1.0,2,1.0,1.0,15,0,15,0,"[""mingus.core.intervals.augment_or_diminish_until_the_interval_is_right"", ""mingus.core.intervals.third""]",<external_root>/testRepoSummaryOut/DevEval/Multimedia/mingus/graph_results_all/PageRank-15-subgraph/task_26_rank.gml
Multimedia/mingus,27,mingus.containers.note_container.NoteContainer.from_interval_shorthand,7,0,0.0,0,0.0,0.0,8,2,6,0,[],<external_root>/testRepoSummaryOut/DevEval/Multimedia/mingus/graph_results_all/PageRank-15-subgraph/task_27_rank.gml
Multimedia/mingus,28,mingus.core.progressions.substitute_major_for_minor,4,4,1.0,4,1.0,1.0,15,0,15,0,"[""mingus.core.progressions.interval_diff"", ""mingus.core.progressions.parse_string"", ""mingus.core.progressions.skip"", ""mingus.core.progressions.tuple_to_string""]",<external_root>/testRepoSummaryOut/DevEval/Multimedia/mingus/graph_results_all/PageRank-15-subgraph/task_28_rank.gml
Multimedia/mingus,29,mingus.core.notes.is_valid_note,1,1,1.0,1,1.0,0.0,15,0,15,0,"[""mingus.core.notes._note_dict""]",<external_root>/testRepoSummaryOut/DevEval/Multimedia/mingus/graph_results_all/PageRank-15-subgraph/task_29_rank.gml
Multimedia/mingus,30,mingus.containers.bar.Bar.transpose,2,1,0.5,1,0.5,0.5,15,2,13,0,"[""mingus.containers.note_container.NoteContainer.transpose""]",<external_root>/testRepoSummaryOut/DevEval/Multimedia/mingus/graph_results_all/PageRank-15-subgraph/task_30_rank.gml
Multimedia/mingus,31,mingus.extra.tunings.get_tunings,1,1,1.0,1,1.0,0.0,15,2,13,0,"[""mingus.extra.tunings._known""]",<external_root>/testRepoSummaryOut/DevEval/Multimedia/mingus/graph_results_all/PageRank-15-subgraph/task_31_rank.gml
Multimedia/mingus,32,mingus.core.intervals.minor_seventh,2,2,1.0,2,1.0,1.0,15,0,15,0,"[""mingus.core.intervals.augment_or_diminish_until_the_interval_is_right"", ""mingus.core.intervals.seventh""]",<external_root>/testRepoSummaryOut/DevEval/Multimedia/mingus/graph_results_all/PageRank-15-subgraph/task_32_rank.gml
Multimedia/mingus,33,mingus.core.chords.augmented_triad,5,0,0.0,0,0.0,0.0,15,0,15,0,[],<external_root>/testRepoSummaryOut/DevEval/Multimedia/mingus/graph_results_all/PageRank-15-subgraph/task_33_rank.gml
Multimedia/mingus,34,mingus.containers.bar.Bar.determine_chords,2,1,0.5,1,0.5,0.5,15,0,15,0,"[""mingus.containers.note_container.NoteContainer.determine""]",<external_root>/testRepoSummaryOut/DevEval/Multimedia/mingus/graph_results_all/PageRank-15-subgraph/task_34_rank.gml
Multimedia/mingus,35,mingus.containers.bar.Bar.get_range,1,0,0.0,0,0.0,0.0,15,2,13,0,[],<external_root>/testRepoSummaryOut/DevEval/Multimedia/mingus/graph_results_all/PageRank-15-subgraph/task_35_rank.gml
Multimedia/mingus,36,mingus.core.intervals.measure,2,0,0.0,0,0.0,0.0,15,1,14,0,[],<external_root>/testRepoSummaryOut/DevEval/Multimedia/mingus/graph_results_all/PageRank-15-subgraph/task_36_rank.gml
Multimedia/mingus,37,mingus.core.value.determine,1,0,0.0,0,0.0,0.0,15,0,15,0,[],<external_root>/testRepoSummaryOut/DevEval/Multimedia/mingus/graph_results_all/PageRank-15-subgraph/task_37_rank.gml
Multimedia/mingus,38,mingus.containers.instrument.Guitar.can_play_notes,2,1,0.5,2,1.0,1.0,15,2,13,0,"[""mingus.containers.instrument.Instrument"", ""mingus.containers.instrument.Instrument.can_play_notes""]",<external_root>/testRepoSummaryOut/DevEval/Multimedia/mingus/graph_results_all/PageRank-15-subgraph/task_38_rank.gml
Multimedia/mingus,39,mingus.core.progressions.skip,1,1,1.0,1,1.0,0.0,15,0,15,0,"[""mingus.core.progressions.numerals""]",<external_root>/testRepoSummaryOut/DevEval/Multimedia/mingus/graph_results_all/PageRank-15-subgraph/task_39_rank.gml
Multimedia/mingus,40,mingus.core.value.septuplet,1,1,1.0,1,1.0,1.0,15,2,13,0,"[""mingus.core.value.tuplet""]",<external_root>/testRepoSummaryOut/DevEval/Multimedia/mingus/graph_results_all/PageRank-15-subgraph/task_40_rank.gml
Multimedia/mingus,41,mingus.containers.instrument.Instrument.note_in_range,3,0,0.0,0,0.0,0.0,15,3,12,0,[],<external_root>/testRepoSummaryOut/DevEval/Multimedia/mingus/graph_results_all/PageRank-15-subgraph/task_41_rank.gml
Multimedia/mingus,42,mingus.core.progressions.substitute_diminished_for_dominant,4,4,1.0,4,1.0,1.0,15,0,15,0,"[""mingus.core.progressions.interval_diff"", ""mingus.core.progressions.parse_string"", ""mingus.core.progressions.skip"", ""mingus.core.progressions.tuple_to_string""]",<external_root>/testRepoSummaryOut/DevEval/Multimedia/mingus/graph_results_all/PageRank-15-subgraph/task_42_rank.gml
Multimedia/mingus,43,mingus.containers.note.Note.to_shorthand,2,0,0.0,0,0.0,0.0,9,3,6,0,[],<external_root>/testRepoSummaryOut/DevEval/Multimedia/mingus/graph_results_all/PageRank-15-subgraph/task_43_rank.gml
Multimedia/mingus,44,mingus.core.keys.get_notes,6,3,0.5,3,0.5,0.5,15,0,15,0,"[""mingus.core.keys.get_key_signature"", ""mingus.core.keys.get_key_signature_accidentals"", ""mingus.core.keys.is_valid_key""]",<external_root>/testRepoSummaryOut/DevEval/Multimedia/mingus/graph_results_all/PageRank-15-subgraph/task_44_rank.gml
Multimedia/mingus,45,mingus.core.intervals.minor_second,2,2,1.0,2,1.0,1.0,15,0,15,0,"[""mingus.core.intervals.augment_or_diminish_until_the_interval_is_right"", ""mingus.core.intervals.second""]",<external_root>/testRepoSummaryOut/DevEval/Multimedia/mingus/graph_results_all/PageRank-15-subgraph/task_45_rank.gml
Multimedia/mingus,46,mingus.core.intervals.determine,3,1,0.3333333333333333,1,0.3333333333333333,0.3333333333333333,15,0,15,0,"[""mingus.core.intervals.measure""]",<external_root>/testRepoSummaryOut/DevEval/Multimedia/mingus/graph_results_all/PageRank-15-subgraph/task_46_rank.gml
Multimedia/mingus,47,mingus.core.intervals.from_shorthand,15,2,0.13333333333333333,2,0.13333333333333333,0.13333333333333333,15,0,15,0,"[""mingus.core.intervals.major_fifth"", ""mingus.core.intervals.major_fourth""]",<external_root>/testRepoSummaryOut/DevEval/Multimedia/mingus/graph_results_all/PageRank-15-subgraph/task_47_rank.gml
Multimedia/mingus,48,mingus.containers.note.Note.transpose,5,0,0.0,1,0.2,0.2,15,1,14,0,"[""mingus.containers.note.Note.__init__""]",<external_root>/testRepoSummaryOut/DevEval/Multimedia/mingus/graph_results_all/PageRank-15-subgraph/task_48_rank.gml
Multimedia/mingus,49,mingus.core.intervals.minor_fourth,2,2,1.0,2,1.0,1.0,15,0,15,0,"[""mingus.core.intervals.augment_or_diminish_until_the_interval_is_right"", ""mingus.core.intervals.fourth""]",<external_root>/testRepoSummaryOut/DevEval/Multimedia/mingus/graph_results_all/PageRank-15-subgraph/task_49_rank.gml
Multimedia/mingus,50,mingus.containers.note_container.NoteContainer.transpose,2,1,0.5,1,0.5,0.5,15,0,15,0,"[""mingus.containers.note.Note.transpose""]",<external_root>/testRepoSummaryOut/DevEval/Multimedia/mingus/graph_results_all/PageRank-15-subgraph/task_50_rank.gml
Multimedia/mingus,51,mingus.core.keys.get_key,2,1,0.5,1,0.5,0.0,15,0,15,0,"[""mingus.core.keys.keys""]",<external_root>/testRepoSummaryOut/DevEval/Multimedia/mingus/graph_results_all/PageRank-15-subgraph/task_51_rank.gml
Multimedia/mingus,52,mingus.core.keys.get_key_signature_accidentals,3,1,0.3333333333333333,1,0.3333333333333333,0.3333333333333333,15,0,15,0,"[""mingus.core.keys.get_key_signature""]",<external_root>/testRepoSummaryOut/DevEval/Multimedia/mingus/graph_results_all/PageRank-15-subgraph/task_52_rank.gml
Scientific-Engineering/bentoml,1,bentoml_cli.env_manager.remove_env_arg,0,0,,0,,,15,2,13,0,[],<external_root>/testRepoSummaryOut/DevEval/Scientific-Engineering/bentoml/graph_results_all/PageRank-15-subgraph/task_1_rank.gml
Scientific-Engineering/bentoml,2,bentoml._internal.utils.uri.path_to_uri,0,0,,0,,,8,1,7,0,[],<external_root>/testRepoSummaryOut/DevEval/Scientific-Engineering/bentoml/graph_results_all/PageRank-15-subgraph/task_2_rank.gml
Scientific-Engineering/bentoml,3,bentoml._internal.utils.uri.uri_to_path,0,0,,0,,,12,1,11,0,[],<external_root>/testRepoSummaryOut/DevEval/Scientific-Engineering/bentoml/graph_results_all/PageRank-15-subgraph/task_3_rank.gml
Scientific-Engineering/bentoml,4,bentoml._internal.utils.validate_labels,0,0,,0,,,15,1,14,1,[],<external_root>/testRepoSummaryOut/DevEval/Scientific-Engineering/bentoml/graph_results_all/PageRank-15-subgraph/task_4_rank.gml
Scientific-Engineering/bentoml,5,bentoml._internal.configuration.helpers.is_valid_ip_address,0,0,,0,,,15,0,15,0,[],<external_root>/testRepoSummaryOut/DevEval/Scientific-Engineering/bentoml/graph_results_all/PageRank-15-subgraph/task_5_rank.gml
Scientific-Engineering/bentoml,6,bentoml._internal.runner.container.PandasDataFrameContainer.batches_to_batch,0,0,,0,,,15,1,14,0,[],<external_root>/testRepoSummaryOut/DevEval/Scientific-Engineering/bentoml/graph_results_all/PageRank-15-subgraph/task_6_rank.gml
Scientific-Engineering/bentoml,7,bentoml._internal.runner.container.PandasDataFrameContainer.batch_to_batches,0,0,,0,,,15,1,14,0,[],<external_root>/testRepoSummaryOut/DevEval/Scientific-Engineering/bentoml/graph_results_all/PageRank-15-subgraph/task_7_rank.gml
Scientific-Engineering/bentoml,8,bentoml._internal.runner.container.DefaultContainer.batches_to_batch,0,0,,0,,,15,2,13,0,[],<external_root>/testRepoSummaryOut/DevEval/Scientific-Engineering/bentoml/graph_results_all/PageRank-15-subgraph/task_8_rank.gml
Scientific-Engineering/bentoml,9,bentoml._internal.runner.container.DefaultContainer.batch_to_batches,0,0,,0,,,15,2,13,0,[],<external_root>/testRepoSummaryOut/DevEval/Scientific-Engineering/bentoml/graph_results_all/PageRank-15-subgraph/task_9_rank.gml
Scientific-Engineering/bentoml,10,bentoml._internal.runner.container.DefaultContainer.from_batch_payloads,2,0,0.0,0,0.0,0.0,15,2,13,0,[],<external_root>/testRepoSummaryOut/DevEval/Scientific-Engineering/bentoml/graph_results_all/PageRank-15-subgraph/task_10_rank.gml
Scientific-Engineering/bentoml,11,bentoml._internal.runner.container.NdarrayContainer.batch_to_payloads,5,1,0.2,1,0.2,0.2,15,2,13,0,"[""bentoml._internal.runner.container.NdarrayContainer.batch_to_batches""]",<external_root>/testRepoSummaryOut/DevEval/Scientific-Engineering/bentoml/graph_results_all/PageRank-15-subgraph/task_11_rank.gml
Scientific-Engineering/bentoml,12,bentoml._internal.runner.strategy.DefaultStrategy.get_worker_count,4,2,0.5,2,0.5,0.5,12,4,8,0,"[""bentoml._internal.resource.get_resource"", ""bentoml._internal.resource.system_resources""]",<external_root>/testRepoSummaryOut/DevEval/Scientific-Engineering/bentoml/graph_results_all/PageRank-15-subgraph/task_12_rank.gml
Scientific-Engineering/bentoml,13,bentoml._internal.runner.strategy.DefaultStrategy.get_worker_env,5,3,0.6,3,0.6,0.4,15,2,13,0,"[""bentoml._internal.resource.get_resource"", ""bentoml._internal.resource.system_resources"", ""bentoml._internal.runner.strategy.logger""]",<external_root>/testRepoSummaryOut/DevEval/Scientific-Engineering/bentoml/graph_results_all/PageRank-15-subgraph/task_13_rank.gml
Scientific-Engineering/bentoml,14,bentoml._internal.types.LazyType.get_class,4,3,0.75,3,0.75,0.0,15,0,15,0,"[""bentoml._internal.types.LazyType.module"", ""bentoml._internal.types.LazyType.qualname"", ""bentoml._internal.types.T""]",<external_root>/testRepoSummaryOut/DevEval/Scientific-Engineering/bentoml/graph_results_all/PageRank-15-subgraph/task_14_rank.gml
Scientific-Engineering/bentoml,15,bentoml._internal.runner.container.NdarrayContainer.from_batch_payloads,3,2,0.6666666666666666,2,0.6666666666666666,0.6666666666666666,15,2,13,0,"[""bentoml._internal.runner.container.NdarrayContainer.batches_to_batch"", ""bentoml._internal.runner.container.NdarrayContainer.from_payload""]",<external_root>/testRepoSummaryOut/DevEval/Scientific-Engineering/bentoml/graph_results_all/PageRank-15-subgraph/task_15_rank.gml
Scientific-Engineering/bentoml,16,bentoml._internal.models.model.Model.create,9,0,0.0,0,0.0,0.0,15,1,14,0,[],<external_root>/testRepoSummaryOut/DevEval/Scientific-Engineering/bentoml/graph_results_all/PageRank-15-subgraph/task_16_rank.gml
Scientific-Engineering/bentoml,17,bentoml._internal.configuration.helpers.expand_env_var_in_values,2,1,0.5,1,0.5,0.5,15,0,15,0,"[""bentoml._internal.configuration.helpers.expand_env_var""]",<external_root>/testRepoSummaryOut/DevEval/Scientific-Engineering/bentoml/graph_results_all/PageRank-15-subgraph/task_17_rank.gml
Scientific-Engineering/bentoml,18,bentoml._internal.utils.metrics.linear_buckets,2,1,0.5,1,0.5,0.0,15,0,15,0,"[""bentoml._internal.utils.metrics.INF""]",<external_root>/testRepoSummaryOut/DevEval/Scientific-Engineering/bentoml/graph_results_all/PageRank-15-subgraph/task_18_rank.gml
Scientific-Engineering/bentoml,19,bentoml._internal.models.model.Model.from_fs,7,2,0.2857142857142857,3,0.42857142857142855,0.42857142857142855,15,2,13,0,"[""bentoml._internal.models.model.Model.validate"", ""bentoml._internal.models.model.ModelInfo"", ""bentoml._internal.models.model.ModelInfo.from_yaml_file""]",<external_root>/testRepoSummaryOut/DevEval/Scientific-Engineering/bentoml/graph_results_all/PageRank-15-subgraph/task_19_rank.gml
Scientific-Engineering/bentoml,20,bentoml._internal.runner.container.PandasDataFrameContainer.to_payload,5,0,0.0,0,0.0,0.0,15,1,14,0,[],<external_root>/testRepoSummaryOut/DevEval/Scientific-Engineering/bentoml/graph_results_all/PageRank-15-subgraph/task_20_rank.gml
Scientific-Engineering/bentoml,21,bentoml._internal.resource.get_resource,3,1,0.3333333333333333,2,0.6666666666666666,0.3333333333333333,15,5,10,0,"[""bentoml._internal.resource.Resource"", ""bentoml._internal.resource._RESOURCE_REGISTRY""]",<external_root>/testRepoSummaryOut/DevEval/Scientific-Engineering/bentoml/graph_results_all/PageRank-15-subgraph/task_21_rank.gml
Scientific-Engineering/bentoml,22,bentoml._internal.resource.CpuResource.from_system,2,2,1.0,2,1.0,1.0,15,2,13,0,"[""bentoml._internal.resource.query_cgroup_cpu_count"", ""bentoml._internal.resource.query_os_cpu_count""]",<external_root>/testRepoSummaryOut/DevEval/Scientific-Engineering/bentoml/graph_results_all/PageRank-15-subgraph/task_22_rank.gml
Scientific-Engineering/bentoml,23,bentoml._internal.utils.validate_metadata,1,1,1.0,1,1.0,1.0,15,0,15,1,"[""bentoml._internal.utils._validate_metadata_entry""]",<external_root>/testRepoSummaryOut/DevEval/Scientific-Engineering/bentoml/graph_results_all/PageRank-15-subgraph/task_23_rank.gml
Scientific-Engineering/bentoml,24,bentoml._internal.utils.analytics.usage_stats._track_serve_init,10,4,0.4,4,0.4,0.2,15,0,15,0,"[""bentoml._internal.bento.bento"", ""bentoml._internal.configuration.containers.BentoMLContainer"", ""bentoml._internal.configuration.containers._BentoMLContainerClass.serve_info"", ""bentoml._internal.utils.analytics.usage_stats.track""]",<external_root>/testRepoSummaryOut/DevEval/Scientific-Engineering/bentoml/graph_results_all/PageRank-15-subgraph/task_24_rank.gml
Scientific-Engineering/bentoml,25,bentoml._internal.runner.container.NdarrayContainer.to_payload,6,2,0.3333333333333333,2,0.3333333333333333,0.16666666666666666,15,0,15,0,"[""bentoml._internal.runner.container.DataContainer.create_payload"", ""bentoml._internal.runner.container.np""]",<external_root>/testRepoSummaryOut/DevEval/Scientific-Engineering/bentoml/graph_results_all/PageRank-15-subgraph/task_25_rank.gml
Scientific-Engineering/bentoml,26,bentoml._internal.utils.analytics.usage_stats.get_serve_info,1,0,0.0,0,0.0,0.0,15,6,9,0,[],<external_root>/testRepoSummaryOut/DevEval/Scientific-Engineering/bentoml/graph_results_all/PageRank-15-subgraph/task_26_rank.gml
Scientific-Engineering/bentoml,27,bentoml._internal.resource.system_resources,1,0,0.0,0,0.0,0.0,8,1,7,0,[],<external_root>/testRepoSummaryOut/DevEval/Scientific-Engineering/bentoml/graph_results_all/PageRank-15-subgraph/task_27_rank.gml
Scientific-Engineering/bentoml,28,bentoml._internal.resource.CpuResource.from_spec,1,0,0.0,0,0.0,0.0,15,3,12,0,[],<external_root>/testRepoSummaryOut/DevEval/Scientific-Engineering/bentoml/graph_results_all/PageRank-15-subgraph/task_28_rank.gml
Scientific-Engineering/bentoml,29,bentoml._internal.resource.CpuResource.validate,2,1,0.5,1,0.5,0.5,15,2,13,0,"[""bentoml._internal.resource.CpuResource.from_system""]",<external_root>/testRepoSummaryOut/DevEval/Scientific-Engineering/bentoml/graph_results_all/PageRank-15-subgraph/task_29_rank.gml
Scientific-Engineering/bentoml,30,bentoml._internal.runner.container.DefaultContainer.batch_to_payloads,2,0,0.0,0,0.0,0.0,15,1,14,0,[],<external_root>/testRepoSummaryOut/DevEval/Scientific-Engineering/bentoml/graph_results_all/PageRank-15-subgraph/task_30_rank.gml
Scientific-Engineering/bentoml,31,bentoml._internal.configuration.helpers.load_config_file,1,0,0.0,0,0.0,0.0,15,1,14,0,[],<external_root>/testRepoSummaryOut/DevEval/Scientific-Engineering/bentoml/graph_results_all/PageRank-15-subgraph/task_31_rank.gml
Scientific-Engineering/bentoml,32,bentoml._internal.runner.container.NdarrayContainer.batches_to_batch,3,1,0.3333333333333333,1,0.3333333333333333,0.0,15,2,13,0,"[""bentoml._internal.runner.container.np""]",<external_root>/testRepoSummaryOut/DevEval/Scientific-Engineering/bentoml/graph_results_all/PageRank-15-subgraph/task_32_rank.gml
Scientific-Engineering/bentoml,33,bentoml._internal.configuration.helpers.flatten_dict,1,0,0.0,0,0.0,0.0,15,2,13,0,[],<external_root>/testRepoSummaryOut/DevEval/Scientific-Engineering/bentoml/graph_results_all/PageRank-15-subgraph/task_33_rank.gml
Scientific-Engineering/bentoml,34,bentoml._internal.runner.container.PandasDataFrameContainer.batch_to_payloads,4,2,0.5,2,0.5,0.5,15,1,14,0,"[""bentoml._internal.runner.container.PandasDataFrameContainer.batch_to_batches"", ""bentoml._internal.runner.container.PandasDataFrameContainer.to_payload""]",<external_root>/testRepoSummaryOut/DevEval/Scientific-Engineering/bentoml/graph_results_all/PageRank-15-subgraph/task_34_rank.gml
Scientific-Engineering/bentoml,35,bentoml._internal.runner.container.NdarrayContainer.from_payload,6,1,0.16666666666666666,1,0.16666666666666666,0.16666666666666666,15,2,13,0,"[""bentoml._internal.utils.pickle.pep574_loads""]",<external_root>/testRepoSummaryOut/DevEval/Scientific-Engineering/bentoml/graph_results_all/PageRank-15-subgraph/task_35_rank.gml
Scientific-Engineering/bentoml,36,bentoml._internal.runner.container.PandasDataFrameContainer.from_batch_payloads,4,1,0.25,1,0.25,0.25,15,1,14,0,"[""bentoml._internal.runner.container.PandasDataFrameContainer.from_payload""]",<external_root>/testRepoSummaryOut/DevEval/Scientific-Engineering/bentoml/graph_results_all/PageRank-15-subgraph/task_36_rank.gml
Scientific-Engineering/bentoml,37,bentoml._internal.service.service.get_valid_service_name,2,1,0.5,1,0.5,0.0,15,1,14,0,"[""bentoml._internal.service.service.logger""]",<external_root>/testRepoSummaryOut/DevEval/Scientific-Engineering/bentoml/graph_results_all/PageRank-15-subgraph/task_37_rank.gml
Scientific-Engineering/bentoml,38,bentoml._internal.runner.container.DefaultContainer.to_payload,2,1,0.5,1,0.5,0.5,15,0,15,0,"[""bentoml._internal.runner.container.DataContainer.create_payload""]",<external_root>/testRepoSummaryOut/DevEval/Scientific-Engineering/bentoml/graph_results_all/PageRank-15-subgraph/task_38_rank.gml
Scientific-Engineering/bentoml,39,bentoml._internal.runner.container.PandasDataFrameContainer.from_payload,5,1,0.2,1,0.2,0.2,15,1,14,0,"[""bentoml._internal.utils.pickle.pep574_loads""]",<external_root>/testRepoSummaryOut/DevEval/Scientific-Engineering/bentoml/graph_results_all/PageRank-15-subgraph/task_39_rank.gml
Scientific-Engineering/csvkit,1,csvkit.cleanup.join_rows,0,0,,0,,,15,2,13,0,[],<external_root>/testRepoSummaryOut/DevEval/Scientific-Engineering/csvkit/graph_results_all/PageRank-15-subgraph/task_1_rank.gml
Scientific-Engineering/csvkit,2,csvkit.convert.guess_format,0,0,,0,,,15,0,15,1,[],<external_root>/testRepoSummaryOut/DevEval/Scientific-Engineering/csvkit/graph_results_all/PageRank-15-subgraph/task_2_rank.gml
Scientific-Engineering/csvkit,3,csvkit.cli.CSVKitUtility.run,6,4,0.6666666666666666,4,0.6666666666666666,0.3333333333333333,15,1,14,0,"[""csvkit.cli.CSVKitUtility._open_input_file"", ""csvkit.cli.CSVKitUtility.args"", ""csvkit.cli.CSVKitUtility.input_file"", ""csvkit.cli.LazyFile.close""]",<external_root>/testRepoSummaryOut/DevEval/Scientific-Engineering/csvkit/graph_results_all/PageRank-15-subgraph/task_3_rank.gml
Scientific-Engineering/csvkit,4,csvkit.convert.fixed.fixed2csv,2,1,0.5,1,0.5,0.5,15,2,13,0,"[""csvkit.convert.fixed.FixedWidthReader.__init__""]",<external_root>/testRepoSummaryOut/DevEval/Scientific-Engineering/csvkit/graph_results_all/PageRank-15-subgraph/task_4_rank.gml
Scientific-Engineering/diffusers,1,check_dummies.find_backend,1,0,0.0,0,0.0,0.0,15,0,15,0,[],<external_root>/testRepoSummaryOut/DevEval/Scientific-Engineering/diffusers/graph_results_all/PageRank-15-subgraph/task_1_rank.gml
Scientific-Engineering/diffusers,2,check_dummies.create_dummy_object,3,0,0.0,0,0.0,0.0,15,3,12,0,[],<external_root>/testRepoSummaryOut/DevEval/Scientific-Engineering/diffusers/graph_results_all/PageRank-15-subgraph/task_2_rank.gml
Scientific-Engineering/folium,1,folium.utilities.normalize,0,0,,0,,,15,4,11,0,[],<external_root>/testRepoSummaryOut/DevEval/Scientific-Engineering/folium/graph_results_all/PageRank-15-subgraph/task_1_rank.gml
Scientific-Engineering/folium,2,folium.utilities.get_bounds,4,3,0.75,3,0.75,0.75,15,0,15,0,"[""folium.utilities.iter_coords"", ""folium.utilities.none_max"", ""folium.utilities.none_min""]",<external_root>/testRepoSummaryOut/DevEval/Scientific-Engineering/folium/graph_results_all/PageRank-15-subgraph/task_2_rank.gml
Scientific-Engineering/folium,3,folium.features.VegaLite.vegalite_major_version,1,0,0.0,0,0.0,0.0,15,3,12,0,[],<external_root>/testRepoSummaryOut/DevEval/Scientific-Engineering/folium/graph_results_all/PageRank-15-subgraph/task_3_rank.gml
Scientific-Engineering/lux,1,lux.action.default.register_default_actions,10,6,0.6,6,0.6,0.4,15,1,14,0,"[""lux"", ""lux._config.config"", ""lux.action.correlation.correlation"", ""lux.action.custom.custom"", ""lux.action.enhance.enhance"", ""lux.action.filter.add_filter""]",<external_root>/testRepoSummaryOut/DevEval/Scientific-Engineering/lux/graph_results_all/PageRank-15-subgraph/task_1_rank.gml
Scientific-Engineering/lux,2,lux.vis.Vis.Vis.get_attr_by_channel,1,1,1.0,1,1.0,0.0,15,0,15,0,"[""lux.vis.Vis.Vis._inferred_intent""]",<external_root>/testRepoSummaryOut/DevEval/Scientific-Engineering/lux/graph_results_all/PageRank-15-subgraph/task_2_rank.gml
Scientific-Engineering/rq,1,rq.serializers.resolve_serializer,2,1,0.5,1,0.5,0.5,15,0,15,0,"[""rq.utils.import_attribute""]",<external_root>/testRepoSummaryOut/DevEval/Scientific-Engineering/rq/graph_results_all/PageRank-15-subgraph/task_1_rank.gml
Security/asyncssh,1,asyncssh.packet.String,0,0,,0,,,15,1,14,0,[],<external_root>/testRepoSummaryOut/DevEval/Security/asyncssh/graph_results_all/PageRank-15-subgraph/task_1_rank.gml
Security/asyncssh,2,asyncssh.mac.get_mac,2,0,0.0,0,0.0,0.0,15,3,12,0,[],<external_root>/testRepoSummaryOut/DevEval/Security/asyncssh/graph_results_all/PageRank-15-subgraph/task_2_rank.gml
Security/asyncssh,3,asyncssh.kex.register_kex_alg,5,2,0.4,2,0.4,0.0,15,0,15,0,"[""asyncssh.kex._kex_algs"", ""asyncssh.kex._kex_handlers""]",<external_root>/testRepoSummaryOut/DevEval/Security/asyncssh/graph_results_all/PageRank-15-subgraph/task_3_rank.gml
Security/asyncssh,4,asyncssh.auth_keys.SSHAuthorizedKeys.validate,4,1,0.25,1,0.25,0.25,15,0,15,0,"[""asyncssh.auth_keys._SSHAuthorizedKeyEntry.match_options""]",<external_root>/testRepoSummaryOut/DevEval/Security/asyncssh/graph_results_all/PageRank-15-subgraph/task_4_rank.gml
Security/asyncssh,5,asyncssh.packet.SSHPacket.check_end,1,0,0.0,0,0.0,0.0,15,1,14,0,[],<external_root>/testRepoSummaryOut/DevEval/Security/asyncssh/graph_results_all/PageRank-15-subgraph/task_5_rank.gml
Security/asyncssh,6,asyncssh.misc.write_file,2,2,1.0,2,1.0,0.5,15,1,14,0,"[""asyncssh.misc.FilePath"", ""asyncssh.misc.open_file""]",<external_root>/testRepoSummaryOut/DevEval/Security/asyncssh/graph_results_all/PageRank-15-subgraph/task_6_rank.gml
Security/asyncssh,7,asyncssh.saslprep.saslprep,2,2,1.0,2,1.0,1.0,15,2,13,0,"[""asyncssh.saslprep._map_saslprep"", ""asyncssh.saslprep._stringprep""]",<external_root>/testRepoSummaryOut/DevEval/Security/asyncssh/graph_results_all/PageRank-15-subgraph/task_7_rank.gml
Security/asyncssh,8,asyncssh.public_key.SSHKey.convert_to_public,6,2,0.3333333333333333,2,0.3333333333333333,0.3333333333333333,15,1,14,0,"[""asyncssh.public_key.SSHKey.public_data"", ""asyncssh.public_key.decode_ssh_public_key""]",<external_root>/testRepoSummaryOut/DevEval/Security/asyncssh/graph_results_all/PageRank-15-subgraph/task_8_rank.gml
Security/asyncssh,9,asyncssh.public_key.SSHKey.verify,5,2,0.4,2,0.4,0.4,15,0,15,0,"[""asyncssh.packet.SSHPacket.get_string"", ""asyncssh.public_key.SSHKey.verify_ssh""]",<external_root>/testRepoSummaryOut/DevEval/Security/asyncssh/graph_results_all/PageRank-15-subgraph/task_9_rank.gml
Security/asyncssh,10,asyncssh.asn1.der_decode,2,1,0.5,1,0.5,0.5,15,0,15,0,"[""asyncssh.asn1.der_decode_partial""]",<external_root>/testRepoSummaryOut/DevEval/Security/asyncssh/graph_results_all/PageRank-15-subgraph/task_10_rank.gml
Security/asyncssh,11,asyncssh.public_key.SSHKey.generate_x509_user_certificate,6,6,1.0,6,1.0,0.16666666666666666,15,1,14,0,"[""asyncssh.misc.DefTuple"", ""asyncssh.public_key.SSHKey._generate_x509_certificate"", ""asyncssh.public_key.X509CertPurposes"", ""asyncssh.public_key._CertPrincipals"", ""asyncssh.public_key._Comment"", ""asyncssh.public_key._Time""]",<external_root>/testRepoSummaryOut/DevEval/Security/asyncssh/graph_results_all/PageRank-15-subgraph/task_11_rank.gml
Security/asyncssh,12,asyncssh.auth.get_supported_server_auth_methods,3,2,0.6666666666666666,2,0.6666666666666666,0.3333333333333333,15,2,13,0,"[""asyncssh.auth.ServerAuth.supported"", ""asyncssh.auth._auth_methods""]",<external_root>/testRepoSummaryOut/DevEval/Security/asyncssh/graph_results_all/PageRank-15-subgraph/task_12_rank.gml
Security/barf,1,barf.arch.translator.InstructionTranslator.translate,3,2,0.6666666666666666,2,0.6666666666666666,0.6666666666666666,15,1,14,0,"[""barf.arch.translator.InstructionTranslator._log_translation_exception"", ""barf.arch.translator.InstructionTranslator._translate""]",<external_root>/testRepoSummaryOut/DevEval/Security/barf/graph_results_all/PageRank-15-subgraph/task_1_rank.gml
Security/barf,2,barf.arch.arm.parser.ArmParser.parse,3,2,0.6666666666666666,2,0.6666666666666666,0.0,15,1,14,0,"[""barf.arch.arm.parser.instruction"", ""barf.arch.arm.parser.logger""]",<external_root>/testRepoSummaryOut/DevEval/Security/barf/graph_results_all/PageRank-15-subgraph/task_2_rank.gml
Security/barf,3,barf.arch.x86.parser.X86Parser.parse,3,2,0.6666666666666666,2,0.6666666666666666,0.0,15,0,15,0,"[""barf.arch.x86.parser.instruction"", ""barf.arch.x86.parser.logger""]",<external_root>/testRepoSummaryOut/DevEval/Security/barf/graph_results_all/PageRank-15-subgraph/task_3_rank.gml
Security/barf,4,barf.analysis.gadgets.finder.GadgetFinder.find,5,5,1.0,5,1.0,0.4,15,1,14,0,"[""barf.analysis.gadgets.finder.GadgetFinder._architecture"", ""barf.analysis.gadgets.finder.GadgetFinder._find_arm_candidates"", ""barf.analysis.gadgets.finder.GadgetFinder._find_x86_candidates"", ""barf.analysis.gadgets.finder.GadgetFinder._instrs_depth"", ""barf.analysis.gadgets.finder.GadgetFinder._max_bytes""]",<external_root>/testRepoSummaryOut/DevEval/Security/barf/graph_results_all/PageRank-15-subgraph/task_4_rank.gml
Security/barf,5,barf.analysis.gadgets.classifier.GadgetClassifier.classify,3,1,0.3333333333333333,1,0.3333333333333333,0.3333333333333333,15,1,14,0,"[""barf.analysis.gadgets.classifier.GadgetClassifier._classify""]",<external_root>/testRepoSummaryOut/DevEval/Security/barf/graph_results_all/PageRank-15-subgraph/task_5_rank.gml
Security/barf,6,barf.core.reil.parser.ReilParser.parse,3,3,1.0,3,1.0,0.0,15,3,12,0,"[""barf.core.reil.parser.ReilParser._cache"", ""barf.core.reil.parser.instruction"", ""barf.core.reil.parser.logger""]",<external_root>/testRepoSummaryOut/DevEval/Security/barf/graph_results_all/PageRank-15-subgraph/task_6_rank.gml
Security/barf,7,barf.core.smt.smtfunction.ite,2,0,0.0,1,0.5,0.5,15,1,14,0,"[""barf.core.smt.smtsymbol.BitVec""]",<external_root>/testRepoSummaryOut/DevEval/Security/barf/graph_results_all/PageRank-15-subgraph/task_7_rank.gml
Security/barf,8,barf.core.smt.smtfunction.concat,1,1,1.0,1,1.0,1.0,15,1,14,0,"[""barf.core.smt.smtsymbol.BitVec""]",<external_root>/testRepoSummaryOut/DevEval/Security/barf/graph_results_all/PageRank-15-subgraph/task_8_rank.gml
Security/barf,9,barf.core.smt.smtfunction.extract,2,0,0.0,0,0.0,0.0,15,1,14,0,[],<external_root>/testRepoSummaryOut/DevEval/Security/barf/graph_results_all/PageRank-15-subgraph/task_9_rank.gml
Security/barf,10,barf.core.smt.smtfunction.zero_extend,2,0,0.0,0,0.0,0.0,15,1,14,0,[],<external_root>/testRepoSummaryOut/DevEval/Security/barf/graph_results_all/PageRank-15-subgraph/task_10_rank.gml
Security/barf,11,barf.core.smt.smtsymbol.BitVecArray.declaration,3,2,0.6666666666666666,2,0.6666666666666666,0.0,15,2,13,0,"[""barf.core.smt.smtsymbol.BitVecArray.key_size"", ""barf.core.smt.smtsymbol.BitVecArray.value_size""]",<external_root>/testRepoSummaryOut/DevEval/Security/barf/graph_results_all/PageRank-15-subgraph/task_11_rank.gml
Security/barf,12,barf.arch.emulator.Emulator.load_binary,3,2,0.6666666666666666,2,0.6666666666666666,0.6666666666666666,15,1,14,0,"[""barf.arch.emulator.Emulator._load_binary_elf"", ""barf.arch.emulator.Emulator._load_binary_pe""]",<external_root>/testRepoSummaryOut/DevEval/Security/barf/graph_results_all/PageRank-15-subgraph/task_12_rank.gml
Security/diffprivlib,1,diffprivlib.validation.check_epsilon_delta,0,0,,0,,,15,1,14,0,[],<external_root>/testRepoSummaryOut/DevEval/Security/diffprivlib/graph_results_all/PageRank-15-subgraph/task_1_rank.gml
Security/diffprivlib,2,diffprivlib.utils.check_random_state,0,0,,0,,,15,0,15,0,[],<external_root>/testRepoSummaryOut/DevEval/Security/diffprivlib/graph_results_all/PageRank-15-subgraph/task_2_rank.gml
Security/diffprivlib,3,diffprivlib.validation.clip_to_norm,0,0,,0,,,13,1,12,0,[],<external_root>/testRepoSummaryOut/DevEval/Security/diffprivlib/graph_results_all/PageRank-15-subgraph/task_3_rank.gml
Security/diffprivlib,4,diffprivlib.models.pca.PCA.fit_transform,0,0,,0,,,15,4,11,0,[],<external_root>/testRepoSummaryOut/DevEval/Security/diffprivlib/graph_results_all/PageRank-15-subgraph/task_4_rank.gml
Security/diffprivlib,5,diffprivlib.accountant.BudgetAccountant.set_default,1,0,0.0,0,0.0,0.0,15,1,14,0,[],<external_root>/testRepoSummaryOut/DevEval/Security/diffprivlib/graph_results_all/PageRank-15-subgraph/task_5_rank.gml
Security/diffprivlib,6,diffprivlib.tools.utils.nanstd,2,2,1.0,2,1.0,1.0,15,0,15,0,"[""diffprivlib.tools.utils._std"", ""diffprivlib.utils.warn_unused_args""]",<external_root>/testRepoSummaryOut/DevEval/Security/diffprivlib/graph_results_all/PageRank-15-subgraph/task_6_rank.gml
Security/diffprivlib,7,diffprivlib.tools.quantiles.quantile,12,3,0.25,3,0.25,0.25,15,0,15,0,"[""diffprivlib.accountant.BudgetAccountant.spend"", ""diffprivlib.utils.check_random_state"", ""diffprivlib.utils.warn_unused_args""]",<external_root>/testRepoSummaryOut/DevEval/Security/diffprivlib/graph_results_all/PageRank-15-subgraph/task_7_rank.gml
Security/diffprivlib,8,diffprivlib.accountant.BudgetAccountant.load_default,2,0,0.0,0,0.0,0.0,15,1,14,0,[],<external_root>/testRepoSummaryOut/DevEval/Security/diffprivlib/graph_results_all/PageRank-15-subgraph/task_8_rank.gml
Security/diffprivlib,9,diffprivlib.tools.quantiles.percentile,2,2,1.0,2,1.0,1.0,15,0,15,0,"[""diffprivlib.tools.quantiles.quantile"", ""diffprivlib.utils.warn_unused_args""]",<external_root>/testRepoSummaryOut/DevEval/Security/diffprivlib/graph_results_all/PageRank-15-subgraph/task_9_rank.gml
Security/diffprivlib,10,diffprivlib.accountant.BudgetAccountant.pop_default,1,0,0.0,0,0.0,0.0,15,1,14,0,[],<external_root>/testRepoSummaryOut/DevEval/Security/diffprivlib/graph_results_all/PageRank-15-subgraph/task_10_rank.gml
Security/diffprivlib,11,diffprivlib.accountant.BudgetAccountant.check,9,5,0.5555555555555556,5,0.5555555555555556,0.5555555555555556,15,1,14,0,"[""diffprivlib.accountant.BudgetAccountant.delta"", ""diffprivlib.accountant.BudgetAccountant.epsilon"", ""diffprivlib.accountant.BudgetAccountant.spent_budget"", ""diffprivlib.accountant.BudgetAccountant.total"", ""diffprivlib.validation.check_epsilon_delta""]",<external_root>/testRepoSummaryOut/DevEval/Security/diffprivlib/graph_results_all/PageRank-15-subgraph/task_11_rank.gml
Security/diffprivlib,12,diffprivlib.models.standard_scaler._incremental_mean_and_var,1,0,0.0,0,0.0,0.0,15,0,15,0,[],<external_root>/testRepoSummaryOut/DevEval/Security/diffprivlib/graph_results_all/PageRank-15-subgraph/task_12_rank.gml
Security/diffprivlib,13,diffprivlib.tools.utils.std,2,2,1.0,2,1.0,1.0,13,1,12,0,"[""diffprivlib.tools.utils._std"", ""diffprivlib.utils.warn_unused_args""]",<external_root>/testRepoSummaryOut/DevEval/Security/diffprivlib/graph_results_all/PageRank-15-subgraph/task_13_rank.gml
Security/diffprivlib,14,diffprivlib.accountant.BudgetAccountant.__repr__,4,4,1.0,4,1.0,1.0,15,1,14,0,"[""diffprivlib.accountant.BudgetAccountant.delta"", ""diffprivlib.accountant.BudgetAccountant.epsilon"", ""diffprivlib.accountant.BudgetAccountant.slack"", ""diffprivlib.accountant.BudgetAccountant.spent_budget""]",<external_root>/testRepoSummaryOut/DevEval/Security/diffprivlib/graph_results_all/PageRank-15-subgraph/task_14_rank.gml
Security/diffprivlib,15,diffprivlib.validation.clip_to_bounds,1,1,1.0,1,1.0,1.0,15,0,15,0,"[""diffprivlib.validation.check_bounds""]",<external_root>/testRepoSummaryOut/DevEval/Security/diffprivlib/graph_results_all/PageRank-15-subgraph/task_15_rank.gml
Security/diffprivlib,16,diffprivlib.tools.utils.nanmean,2,2,1.0,2,1.0,1.0,15,0,15,0,"[""diffprivlib.tools.utils._mean"", ""diffprivlib.utils.warn_unused_args""]",<external_root>/testRepoSummaryOut/DevEval/Security/diffprivlib/graph_results_all/PageRank-15-subgraph/task_16_rank.gml
Security/diffprivlib,17,diffprivlib.models.linear_regression.LinearRegression.fit,16,4,0.25,4,0.25,0.25,15,0,15,0,"[""diffprivlib.accountant.BudgetAccountant.check"", ""diffprivlib.accountant.BudgetAccountant.spend"", ""diffprivlib.utils.check_random_state"", ""diffprivlib.validation.DiffprivlibMixin._validate_params""]",<external_root>/testRepoSummaryOut/DevEval/Security/diffprivlib/graph_results_all/PageRank-15-subgraph/task_17_rank.gml
Security/diffprivlib,18,diffprivlib.tools.histograms.histogram,8,4,0.5,4,0.5,0.5,15,0,15,0,"[""diffprivlib.accountant.BudgetAccountant.check"", ""diffprivlib.accountant.BudgetAccountant.spend"", ""diffprivlib.utils.check_random_state"", ""diffprivlib.utils.warn_unused_args""]",<external_root>/testRepoSummaryOut/DevEval/Security/diffprivlib/graph_results_all/PageRank-15-subgraph/task_18_rank.gml
Security/diffprivlib,19,diffprivlib.models.naive_bayes.GaussianNB._noisy_class_counts,1,0,0.0,0,0.0,0.0,15,2,13,0,[],<external_root>/testRepoSummaryOut/DevEval/Security/diffprivlib/graph_results_all/PageRank-15-subgraph/task_19_rank.gml
Security/diffprivlib,20,diffprivlib.mechanisms.base.bernoulli_neg_exp,2,0,0.0,0,0.0,0.0,15,3,12,0,[],<external_root>/testRepoSummaryOut/DevEval/Security/diffprivlib/graph_results_all/PageRank-15-subgraph/task_20_rank.gml
Security/diffprivlib,21,diffprivlib.tools.utils.nansum,2,1,0.5,1,0.5,0.5,15,0,15,0,"[""diffprivlib.utils.warn_unused_args""]",<external_root>/testRepoSummaryOut/DevEval/Security/diffprivlib/graph_results_all/PageRank-15-subgraph/task_21_rank.gml
Security/diffprivlib,22,diffprivlib.tools.histograms.histogram2d,2,2,1.0,2,1.0,1.0,15,0,15,0,"[""diffprivlib.tools.histograms.histogramdd"", ""diffprivlib.utils.warn_unused_args""]",<external_root>/testRepoSummaryOut/DevEval/Security/diffprivlib/graph_results_all/PageRank-15-subgraph/task_22_rank.gml
Security/diffprivlib,23,diffprivlib.models.forest._FittingTree.__getstate__,4,4,1.0,4,1.0,0.0,15,2,13,0,"[""diffprivlib.models.forest._FittingTree.max_depth"", ""diffprivlib.models.forest._FittingTree.node_count"", ""diffprivlib.models.forest._FittingTree.nodes"", ""diffprivlib.models.forest._FittingTree.values_""]",<external_root>/testRepoSummaryOut/DevEval/Security/diffprivlib/graph_results_all/PageRank-15-subgraph/task_23_rank.gml
Security/diffprivlib,24,diffprivlib.tools.utils.sum,2,1,0.5,1,0.5,0.5,12,1,11,0,"[""diffprivlib.utils.warn_unused_args""]",<external_root>/testRepoSummaryOut/DevEval/Security/diffprivlib/graph_results_all/PageRank-15-subgraph/task_24_rank.gml
Security/diffprivlib,25,diffprivlib.tools.utils.nanvar,2,2,1.0,2,1.0,1.0,15,0,15,0,"[""diffprivlib.tools.utils._var"", ""diffprivlib.utils.warn_unused_args""]",<external_root>/testRepoSummaryOut/DevEval/Security/diffprivlib/graph_results_all/PageRank-15-subgraph/task_25_rank.gml
Security/diffprivlib,26,diffprivlib.models.naive_bayes.GaussianNB._update_mean_variance,5,0,0.0,0,0.0,0.0,14,3,11,0,[],<external_root>/testRepoSummaryOut/DevEval/Security/diffprivlib/graph_results_all/PageRank-15-subgraph/task_26_rank.gml
Security/diffprivlib,27,diffprivlib.accountant.BudgetAccountant.spend,2,2,1.0,2,1.0,0.5,15,1,14,0,"[""diffprivlib.accountant.BudgetAccountant.__spent_budget"", ""diffprivlib.accountant.BudgetAccountant.check""]",<external_root>/testRepoSummaryOut/DevEval/Security/diffprivlib/graph_results_all/PageRank-15-subgraph/task_27_rank.gml
Security/diffprivlib,28,diffprivlib.models.k_means.KMeans.fit,19,8,0.42105263157894735,8,0.42105263157894735,0.3157894736842105,15,1,14,0,"[""diffprivlib.accountant.BudgetAccountant.check"", ""diffprivlib.accountant.BudgetAccountant.spend"", ""diffprivlib.models.k_means.KMeans._calc_iters"", ""diffprivlib.models.k_means.KMeans._distances_labels"", ""diffprivlib.models.k_means.KMeans._init_centers"", ""diffprivlib.models.k_means.KMeans._update_centers"", ""diffprivlib.models.k_means.KMeans.bounds"", ""diffprivlib.models.k_means.KMeans.epsilon""]",<external_root>/testRepoSummaryOut/DevEval/Security/diffprivlib/graph_results_all/PageRank-15-subgraph/task_28_rank.gml
Security/diffprivlib,29,diffprivlib.models.forest._FittingTree.fit,9,5,0.5555555555555556,5,0.5555555555555556,0.1111111111111111,15,3,12,0,"[""diffprivlib.models.forest._FittingTree.apply"", ""diffprivlib.models.forest._FittingTree.node_count"", ""diffprivlib.models.forest._FittingTree.nodes"", ""diffprivlib.models.forest._FittingTree.random_state"", ""diffprivlib.models.forest._FittingTree.values_""]",<external_root>/testRepoSummaryOut/DevEval/Security/diffprivlib/graph_results_all/PageRank-15-subgraph/task_29_rank.gml
Security/diffprivlib,30,diffprivlib.tools.utils.var,2,2,1.0,2,1.0,1.0,15,0,15,0,"[""diffprivlib.tools.utils._var"", ""diffprivlib.utils.warn_unused_args""]",<external_root>/testRepoSummaryOut/DevEval/Security/diffprivlib/graph_results_all/PageRank-15-subgraph/task_30_rank.gml
Security/msticpy,1,msticpy.analysis.anomalous_sequence.utils.laplace_smooth.laplace_smooth_cmd_counts,0,0,,0,,,15,0,15,0,[],<external_root>/testRepoSummaryOut/DevEval/Security/msticpy/graph_results_all/PageRank-15-subgraph/task_1_rank.gml
Security/msticpy,2,msticpy.analysis.anomalous_sequence.utils.laplace_smooth.laplace_smooth_param_counts,0,0,,0,,,15,0,15,0,[],<external_root>/testRepoSummaryOut/DevEval/Security/msticpy/graph_results_all/PageRank-15-subgraph/task_2_rank.gml
Security/msticpy,3,msticpy.analysis.anomalous_sequence.utils.laplace_smooth.laplace_smooth_value_counts,0,0,,0,,,15,0,15,0,[],<external_root>/testRepoSummaryOut/DevEval/Security/msticpy/graph_results_all/PageRank-15-subgraph/task_3_rank.gml
Security/msticpy,4,msticpy.analysis.anomalous_sequence.utils.probabilities.compute_values_probs,1,0,0.0,1,1.0,1.0,15,3,12,0,"[""msticpy.analysis.anomalous_sequence.utils.data_structures.StateMatrix""]",<external_root>/testRepoSummaryOut/DevEval/Security/msticpy/graph_results_all/PageRank-15-subgraph/task_4_rank.gml
Security/msticpy,5,msticpy.analysis.anomalous_sequence.utils.cmds_params_values.compute_likelihood_windows_in_session,4,1,0.25,1,0.25,0.25,13,1,12,0,"[""msticpy.analysis.anomalous_sequence.utils.cmds_params_values.compute_likelihood_window""]",<external_root>/testRepoSummaryOut/DevEval/Security/msticpy/graph_results_all/PageRank-15-subgraph/task_5_rank.gml
Security/msticpy,6,msticpy.config.query_editor.QueryParameterEditWidget.delete_parameter,4,4,1.0,4,1.0,0.25,15,1,14,0,"[""msticpy.config.query_editor.QueryParameterEditWidget._blank_parameter"", ""msticpy.config.query_editor.QueryParameterEditWidget._changed_data"", ""msticpy.config.query_editor.QueryParameterEditWidget.param_container"", ""msticpy.config.query_editor.QueryParameterEditWidget.parameter_dropdown""]",<external_root>/testRepoSummaryOut/DevEval/Security/msticpy/graph_results_all/PageRank-15-subgraph/task_6_rank.gml
Security/msticpy,7,msticpy.analysis.anomalous_sequence.utils.cmds_params_values.rarest_window_session,3,1,0.3333333333333333,1,0.3333333333333333,0.3333333333333333,15,0,15,0,"[""msticpy.analysis.anomalous_sequence.utils.cmds_params_values.compute_likelihood_windows_in_session""]",<external_root>/testRepoSummaryOut/DevEval/Security/msticpy/graph_results_all/PageRank-15-subgraph/task_7_rank.gml
Security/msticpy,8,msticpy.analysis.anomalous_sequence.anomalous.score_sessions,6,1,0.16666666666666666,2,0.3333333333333333,0.3333333333333333,15,1,14,0,"[""msticpy.analysis.anomalous_sequence.model.Model"", ""msticpy.analysis.anomalous_sequence.model.Model.compute_rarest_windows""]",<external_root>/testRepoSummaryOut/DevEval/Security/msticpy/graph_results_all/PageRank-15-subgraph/task_8_rank.gml
Security/msticpy,9,msticpy.analysis.anomalous_sequence.utils.probabilities.compute_cmds_probs,1,0,0.0,0,0.0,0.0,15,1,14,0,[],<external_root>/testRepoSummaryOut/DevEval/Security/msticpy/graph_results_all/PageRank-15-subgraph/task_9_rank.gml
Security/msticpy,10,msticpy.analysis.anomalous_sequence.utils.cmds_only.rarest_window_session,2,1,0.5,1,0.5,0.5,15,0,15,0,"[""msticpy.analysis.anomalous_sequence.utils.cmds_only.compute_likelihood_windows_in_session""]",<external_root>/testRepoSummaryOut/DevEval/Security/msticpy/graph_results_all/PageRank-15-subgraph/task_10_rank.gml
Security/msticpy,11,msticpy.analysis.anomalous_sequence.utils.cmds_params_only.compute_likelihood_window,4,1,0.25,1,0.25,0.25,15,1,14,0,"[""msticpy.analysis.anomalous_sequence.utils.cmds_params_only.compute_prob_setofparams_given_cmd""]",<external_root>/testRepoSummaryOut/DevEval/Security/msticpy/graph_results_all/PageRank-15-subgraph/task_11_rank.gml
Security/msticpy,12,msticpy.analysis.anomalous_sequence.model.Model.compute_rarest_windows,11,3,0.2727272727272727,3,0.2727272727272727,0.0,15,1,14,0,"[""msticpy.analysis.anomalous_sequence.model.Model.prior_probs"", ""msticpy.analysis.anomalous_sequence.model.Model.session_type"", ""msticpy.analysis.anomalous_sequence.model.Model.sessions""]",<external_root>/testRepoSummaryOut/DevEval/Security/msticpy/graph_results_all/PageRank-15-subgraph/task_12_rank.gml
Security/msticpy,13,msticpy.analysis.anomalous_sequence.utils.cmds_params_only.rarest_window_session,3,1,0.3333333333333333,1,0.3333333333333333,0.3333333333333333,15,0,15,0,"[""msticpy.analysis.anomalous_sequence.utils.cmds_params_only.compute_likelihood_windows_in_session""]",<external_root>/testRepoSummaryOut/DevEval/Security/msticpy/graph_results_all/PageRank-15-subgraph/task_13_rank.gml
Security/msticpy,14,msticpy.analysis.anomalous_sequence.utils.cmds_params_values.get_params_to_model_values,1,0,0.0,0,0.0,0.0,15,4,11,0,[],<external_root>/testRepoSummaryOut/DevEval/Security/msticpy/graph_results_all/PageRank-15-subgraph/task_14_rank.gml
Security/msticpy,15,msticpy.analysis.anomalous_sequence.utils.cmds_params_values.compute_likelihood_window,4,1,0.25,1,0.25,0.25,15,1,14,0,"[""msticpy.analysis.anomalous_sequence.utils.cmds_params_values.compute_prob_setofparams_given_cmd""]",<external_root>/testRepoSummaryOut/DevEval/Security/msticpy/graph_results_all/PageRank-15-subgraph/task_15_rank.gml
Security/msticpy,16,msticpy.analysis.anomalous_sequence.utils.cmds_only.compute_likelihood_window,2,0,0.0,1,0.5,0.5,15,2,13,0,"[""msticpy.analysis.anomalous_sequence.utils.data_structures.StateMatrix""]",<external_root>/testRepoSummaryOut/DevEval/Security/msticpy/graph_results_all/PageRank-15-subgraph/task_16_rank.gml
Security/msticpy,17,msticpy.auth.msal_auth.MSALDelegatedAuth.get_token,9,6,0.6666666666666666,6,0.6666666666666666,0.2222222222222222,15,1,14,0,"[""msticpy.auth.msal_auth.MSALDelegatedAuth._app_auth"", ""msticpy.auth.msal_auth.MSALDelegatedAuth.app"", ""msticpy.auth.msal_auth.MSALDelegatedAuth.refresh_token"", ""msticpy.auth.msal_auth.MSALDelegatedAuth.result"", ""msticpy.auth.msal_auth.MSALDelegatedAuth.scopes"", ""msticpy.auth.msal_auth.MSALDelegatedAuth.username""]",<external_root>/testRepoSummaryOut/DevEval/Security/msticpy/graph_results_all/PageRank-15-subgraph/task_17_rank.gml
Security/msticpy,18,msticpy.analysis.anomalous_sequence.utils.cmds_params_only.laplace_smooth_counts,3,2,0.6666666666666666,2,0.6666666666666666,0.6666666666666666,15,0,15,0,"[""msticpy.analysis.anomalous_sequence.utils.laplace_smooth.laplace_smooth_cmd_counts"", ""msticpy.analysis.anomalous_sequence.utils.laplace_smooth.laplace_smooth_param_counts""]",<external_root>/testRepoSummaryOut/DevEval/Security/msticpy/graph_results_all/PageRank-15-subgraph/task_18_rank.gml
Security/msticpy,19,msticpy.analysis.anomalous_sequence.utils.cmds_only.compute_likelihood_windows_in_session,3,1,0.3333333333333333,1,0.3333333333333333,0.3333333333333333,15,0,15,0,"[""msticpy.analysis.anomalous_sequence.utils.cmds_only.compute_likelihood_window""]",<external_root>/testRepoSummaryOut/DevEval/Security/msticpy/graph_results_all/PageRank-15-subgraph/task_19_rank.gml
Security/msticpy,20,msticpy.analysis.anomalous_sequence.utils.cmds_params_values.compute_prob_setofparams_given_cmd,1,0,0.0,0,0.0,0.0,15,1,14,0,[],<external_root>/testRepoSummaryOut/DevEval/Security/msticpy/graph_results_all/PageRank-15-subgraph/task_20_rank.gml
Security/msticpy,21,msticpy.analysis.anomalous_sequence.model.Model.compute_scores,5,4,0.8,4,0.8,0.6,15,1,14,0,"[""msticpy.analysis.anomalous_sequence.model.Model.compute_geomean_lik_of_sessions"", ""msticpy.analysis.anomalous_sequence.model.Model.compute_likelihoods_of_sessions"", ""msticpy.analysis.anomalous_sequence.model.Model.compute_rarest_windows"", ""msticpy.analysis.anomalous_sequence.model.Model.prior_probs""]",<external_root>/testRepoSummaryOut/DevEval/Security/msticpy/graph_results_all/PageRank-15-subgraph/task_21_rank.gml
Security/msticpy,22,msticpy.analysis.anomalous_sequence.utils.cmds_params_only.compute_likelihood_windows_in_session,4,0,0.0,0,0.0,0.0,15,0,15,0,[],<external_root>/testRepoSummaryOut/DevEval/Security/msticpy/graph_results_all/PageRank-15-subgraph/task_22_rank.gml
Security/oletools,1,oletools.ooxml.ZipSubFile.read,4,2,0.5,2,0.5,0.0,15,2,13,0,"[""oletools.ooxml.ZipSubFile.pos"", ""oletools.ooxml.ZipSubFile.size""]",<external_root>/testRepoSummaryOut/DevEval/Security/oletools/graph_results_all/PageRank-15-subgraph/task_1_rank.gml
Security/oletools,2,oletools.ppt_record_parser.is_ppt,5,0,0.0,0,0.0,0.0,15,0,15,0,[],<external_root>/testRepoSummaryOut/DevEval/Security/oletools/graph_results_all/PageRank-15-subgraph/task_2_rank.gml
Security/oletools,3,oletools.ooxml.get_type,22,8,0.36363636363636365,9,0.4090909090909091,0.22727272727272727,15,1,14,0,"[""oletools.common.io_encoding.uopen"", ""oletools.ooxml.CONTENT_TYPES_EXCEL"", ""oletools.ooxml.CONTENT_TYPES_PPT"", ""oletools.ooxml.CONTENT_TYPES_WORD"", ""oletools.ooxml.XmlParser"", ""oletools.ooxml.XmlParser.is_single_xml"", ""oletools.ooxml.XmlParser.iter_xml"", ""oletools.ooxml.debug_str"", ""oletools.ooxml.logger""]",<external_root>/testRepoSummaryOut/DevEval/Security/oletools/graph_results_all/PageRank-15-subgraph/task_3_rank.gml
Security/oletools,4,oletools.msodde.field_is_blacklisted,5,1,0.2,1,0.2,0.0,15,0,15,0,"[""oletools.msodde.logger""]",<external_root>/testRepoSummaryOut/DevEval/Security/oletools/graph_results_all/PageRank-15-subgraph/task_4_rank.gml
Security/oletools,5,oletools.oleobj.get_sane_embedded_filenames,2,1,0.5,1,0.5,0.5,15,4,11,0,"[""oletools.oleobj.sanitize_filename""]",<external_root>/testRepoSummaryOut/DevEval/Security/oletools/graph_results_all/PageRank-15-subgraph/task_5_rank.gml
Security/oletools,6,oletools.oleid.OleID.check,29,3,0.10344827586206896,3,0.10344827586206896,0.034482758620689655,15,3,12,0,"[""oletools.oleid.OleID.check_object_pool"", ""oletools.oleid.OleID.indicators"", ""oletools.oleid.OleID.ole""]",<external_root>/testRepoSummaryOut/DevEval/Security/oletools/graph_results_all/PageRank-15-subgraph/task_6_rank.gml
Security/oletools,7,oletools.ooxml.ZipSubFile.seek,4,3,0.75,3,0.75,0.25,15,3,12,0,"[""oletools.ooxml.ZipSubFile._seek_skip"", ""oletools.ooxml.ZipSubFile.pos"", ""oletools.ooxml.ZipSubFile.size""]",<external_root>/testRepoSummaryOut/DevEval/Security/oletools/graph_results_all/PageRank-15-subgraph/task_7_rank.gml
Security/oletools,8,oletools.rtfobj.is_rtf,2,0,0.0,0,0.0,0.0,15,4,11,0,[],<external_root>/testRepoSummaryOut/DevEval/Security/oletools/graph_results_all/PageRank-15-subgraph/task_8_rank.gml
Security/passpie,1,passpie.database.PasspieStorage.read,1,0,0.0,0,0.0,0.0,15,3,12,0,[],<external_root>/testRepoSummaryOut/DevEval/Security/passpie/graph_results_all/PageRank-15-subgraph/task_1_rank.gml
Security/passpie,2,passpie.database.PasspieStorage.delete,1,1,1.0,1,1.0,1.0,15,2,13,0,"[""passpie.database.PasspieStorage.make_credpath""]",<external_root>/testRepoSummaryOut/DevEval/Security/passpie/graph_results_all/PageRank-15-subgraph/task_2_rank.gml
Security/principalmapper,1,principalmapper.querying.local_policy_simulation._matches_after_expansion,2,1,0.5,1,0.5,0.5,15,0,15,0,"[""principalmapper.querying.local_policy_simulation._compose_pattern""]",<external_root>/testRepoSummaryOut/DevEval/Security/principalmapper/graph_results_all/PageRank-15-subgraph/task_1_rank.gml
Security/principalmapper,2,principalmapper.querying.local_policy_simulation._statement_matches_resource,3,2,0.6666666666666666,2,0.6666666666666666,0.6666666666666666,15,0,15,0,"[""principalmapper.querying.local_policy_simulation._listify_string"", ""principalmapper.querying.local_policy_simulation._matches_after_expansion""]",<external_root>/testRepoSummaryOut/DevEval/Security/principalmapper/graph_results_all/PageRank-15-subgraph/task_2_rank.gml
Security/pyOpenSSL,1,OpenSSL.rand.add,1,1,1.0,1,1.0,0.0,14,4,10,0,"[""OpenSSL._util.lib""]",<external_root>/testRepoSummaryOut/DevEval/Security/pyOpenSSL/graph_results_all/PageRank-15-subgraph/task_1_rank.gml
Security/pycoin,1,pycoin.satoshi.IntStreamer.IntStreamer.int_to_script_bytes,0,0,,0,,,15,0,15,0,[],<external_root>/testRepoSummaryOut/DevEval/Security/pycoin/graph_results_all/PageRank-15-subgraph/task_1_rank.gml
Security/pycoin,2,pycoin.satoshi.stackops.do_OP_2DROP,0,0,,0,,,15,1,14,0,[],<external_root>/testRepoSummaryOut/DevEval/Security/pycoin/graph_results_all/PageRank-15-subgraph/task_2_rank.gml
Security/pycoin,3,pycoin.satoshi.stackops.do_OP_2DUP,0,0,,0,,,15,0,15,0,[],<external_root>/testRepoSummaryOut/DevEval/Security/pycoin/graph_results_all/PageRank-15-subgraph/task_3_rank.gml
Security/pycoin,4,pycoin.satoshi.stackops.do_OP_3DUP,0,0,,0,,,15,0,15,0,[],<external_root>/testRepoSummaryOut/DevEval/Security/pycoin/graph_results_all/PageRank-15-subgraph/task_4_rank.gml
Security/pycoin,5,pycoin.satoshi.stackops.do_OP_2OVER,0,0,,0,,,15,0,15,0,[],<external_root>/testRepoSummaryOut/DevEval/Security/pycoin/graph_results_all/PageRank-15-subgraph/task_5_rank.gml
Security/pycoin,6,pycoin.satoshi.stackops.do_OP_2SWAP,0,0,,0,,,15,1,14,0,[],<external_root>/testRepoSummaryOut/DevEval/Security/pycoin/graph_results_all/PageRank-15-subgraph/task_6_rank.gml
Security/pycoin,7,pycoin.satoshi.stackops.do_OP_IFDUP,0,0,,0,,,15,1,14,0,[],<external_root>/testRepoSummaryOut/DevEval/Security/pycoin/graph_results_all/PageRank-15-subgraph/task_7_rank.gml
Security/pycoin,8,pycoin.satoshi.stackops.do_OP_NIP,0,0,,0,,,15,0,15,0,[],<external_root>/testRepoSummaryOut/DevEval/Security/pycoin/graph_results_all/PageRank-15-subgraph/task_8_rank.gml
Security/pycoin,9,pycoin.satoshi.stackops.do_OP_TUCK,0,0,,0,,,15,0,15,0,[],<external_root>/testRepoSummaryOut/DevEval/Security/pycoin/graph_results_all/PageRank-15-subgraph/task_9_rank.gml
Security/pycoin,10,pycoin.satoshi.stackops.do_OP_CAT,0,0,,0,,,15,1,14,0,[],<external_root>/testRepoSummaryOut/DevEval/Security/pycoin/graph_results_all/PageRank-15-subgraph/task_10_rank.gml
Security/pycoin,11,pycoin.crack.ecdsa.crack_secret_exponent_from_k,0,0,,0,,,15,0,15,0,[],<external_root>/testRepoSummaryOut/DevEval/Security/pycoin/graph_results_all/PageRank-15-subgraph/task_11_rank.gml
Security/pycoin,12,pycoin.crack.ecdsa.crack_k_from_sigs,0,0,,0,,,15,0,15,0,[],<external_root>/testRepoSummaryOut/DevEval/Security/pycoin/graph_results_all/PageRank-15-subgraph/task_12_rank.gml
Security/pycoin,13,pycoin.message.make_parser_and_packer.standard_streamer,0,0,,0,,,15,1,14,0,[],<external_root>/testRepoSummaryOut/DevEval/Security/pycoin/graph_results_all/PageRank-15-subgraph/task_13_rank.gml
Security/pycoin,14,pycoin.key.subpaths.subpaths_for_path_range,0,0,,0,,,15,4,11,0,[],<external_root>/testRepoSummaryOut/DevEval/Security/pycoin/graph_results_all/PageRank-15-subgraph/task_14_rank.gml
Security/pycoin,15,pycoin.encoding.hexbytes.h2b,0,0,,0,,,15,0,15,0,[],<external_root>/testRepoSummaryOut/DevEval/Security/pycoin/graph_results_all/PageRank-15-subgraph/task_15_rank.gml
Security/pycoin,16,pycoin.services.providers.providers_for_config_string,1,1,1.0,1,1.0,1.0,15,0,15,0,"[""pycoin.services.providers.provider_for_descriptor_and_netcode""]",<external_root>/testRepoSummaryOut/DevEval/Security/pycoin/graph_results_all/PageRank-15-subgraph/task_16_rank.gml
Security/pycoin,17,pycoin.satoshi.stackops.do_OP_HASH256,1,0,0.0,0,0.0,0.0,11,2,9,0,[],<external_root>/testRepoSummaryOut/DevEval/Security/pycoin/graph_results_all/PageRank-15-subgraph/task_17_rank.gml
Security/pycoin,18,pycoin.blockchain.BlockChain.BlockChain.tuple_for_index,6,6,1.0,6,1.0,0.3333333333333333,15,1,14,0,"[""pycoin.blockchain.BlockChain.BlockChain._locked_chain"", ""pycoin.blockchain.BlockChain.BlockChain._longest_chain_cache"", ""pycoin.blockchain.BlockChain.BlockChain._longest_local_block_chain"", ""pycoin.blockchain.BlockChain.BlockChain.length"", ""pycoin.blockchain.BlockChain.BlockChain.parent_hash"", ""pycoin.blockchain.BlockChain.BlockChain.weight_lookup""]",<external_root>/testRepoSummaryOut/DevEval/Security/pycoin/graph_results_all/PageRank-15-subgraph/task_18_rank.gml
Security/pycoin,19,pycoin.services.providers.get_default_providers_for_netcode,3,3,1.0,3,1.0,0.6666666666666666,15,0,15,0,"[""pycoin.networks.default.get_current_netcode"", ""pycoin.services.providers.THREAD_LOCALS"", ""pycoin.services.providers.providers_for_netcode_from_env""]",<external_root>/testRepoSummaryOut/DevEval/Security/pycoin/graph_results_all/PageRank-15-subgraph/task_19_rank.gml
Security/pycoin,20,pycoin.crack.bip32.crack_bip32,2,0,0.0,0,0.0,0.0,15,1,14,0,[],<external_root>/testRepoSummaryOut/DevEval/Security/pycoin/graph_results_all/PageRank-15-subgraph/task_20_rank.gml
Security/pycoin,21,pycoin.bloomfilter.BloomFilter.add_spendable,1,1,1.0,1,1.0,1.0,15,1,14,0,"[""pycoin.bloomfilter.BloomFilter.add_item""]",<external_root>/testRepoSummaryOut/DevEval/Security/pycoin/graph_results_all/PageRank-15-subgraph/task_21_rank.gml
Security/pycoin,22,pycoin.bloomfilter.filter_size_required,1,1,1.0,1,1.0,0.0,15,4,11,0,"[""pycoin.bloomfilter.LOG_2""]",<external_root>/testRepoSummaryOut/DevEval/Security/pycoin/graph_results_all/PageRank-15-subgraph/task_22_rank.gml
Security/pycoin,23,pycoin.blockchain.ChainFinder.ChainFinder.find_ancestral_path,1,1,1.0,1,1.0,1.0,15,2,13,0,"[""pycoin.blockchain.ChainFinder.ChainFinder.maximum_path""]",<external_root>/testRepoSummaryOut/DevEval/Security/pycoin/graph_results_all/PageRank-15-subgraph/task_23_rank.gml
Security/pycoin,24,pycoin.satoshi.stackops.do_OP_RIPEMD160,1,1,1.0,1,1.0,0.0,15,0,15,0,"[""pycoin.encoding.hash.ripemd160""]",<external_root>/testRepoSummaryOut/DevEval/Security/pycoin/graph_results_all/PageRank-15-subgraph/task_24_rank.gml
Security/pycoin,25,pycoin.satoshi.IntStreamer.IntStreamer.int_from_script_bytes,3,0,0.0,0,0.0,0.0,15,0,15,0,[],<external_root>/testRepoSummaryOut/DevEval/Security/pycoin/graph_results_all/PageRank-15-subgraph/task_25_rank.gml
Security/pycoin,26,pycoin.message.PeerAddress.ip_bin_to_ip4_addr,1,0,0.0,0,0.0,0.0,15,1,14,0,[],<external_root>/testRepoSummaryOut/DevEval/Security/pycoin/graph_results_all/PageRank-15-subgraph/task_26_rank.gml
Security/pycoin,27,pycoin.contrib.bech32m.decode,5,1,0.2,1,0.2,0.2,15,0,15,0,"[""pycoin.contrib.bech32m.convertbits""]",<external_root>/testRepoSummaryOut/DevEval/Security/pycoin/graph_results_all/PageRank-15-subgraph/task_27_rank.gml
Security/pycoin,28,pycoin.contrib.bech32m.bech32_encode,1,1,1.0,1,1.0,1.0,15,0,15,0,"[""pycoin.contrib.bech32m.bech32_create_checksum""]",<external_root>/testRepoSummaryOut/DevEval/Security/pycoin/graph_results_all/PageRank-15-subgraph/task_28_rank.gml
Security/pycoin,29,pycoin.satoshi.stackops.do_OP_HASH160,1,0,0.0,0,0.0,0.0,11,2,9,0,[],<external_root>/testRepoSummaryOut/DevEval/Security/pycoin/graph_results_all/PageRank-15-subgraph/task_29_rank.gml
Security/pycoin,30,pycoin.message.PeerAddress.PeerAddress.host,4,4,1.0,4,1.0,0.5,15,1,14,0,"[""pycoin.message.PeerAddress.IP4_HEADER"", ""pycoin.message.PeerAddress.PeerAddress.ip_bin"", ""pycoin.message.PeerAddress.ip_bin_to_ip4_addr"", ""pycoin.message.PeerAddress.ip_bin_to_ip6_addr""]",<external_root>/testRepoSummaryOut/DevEval/Security/pycoin/graph_results_all/PageRank-15-subgraph/task_30_rank.gml
Security/pycoin,31,pycoin.bloomfilter.murmur3,1,0,0.0,0,0.0,0.0,15,1,14,0,[],<external_root>/testRepoSummaryOut/DevEval/Security/pycoin/graph_results_all/PageRank-15-subgraph/task_31_rank.gml
Security/pycoin,32,pycoin.networks.registry.network_for_netcode,1,1,1.0,1,1.0,1.0,15,0,15,0,"[""pycoin.networks.registry.search_prefixes""]",<external_root>/testRepoSummaryOut/DevEval/Security/pycoin/graph_results_all/PageRank-15-subgraph/task_32_rank.gml
Security/pycoin,33,pycoin.services.providers.set_default_providers_for_netcode,1,1,1.0,1,1.0,0.0,15,0,15,0,"[""pycoin.services.providers.THREAD_LOCALS""]",<external_root>/testRepoSummaryOut/DevEval/Security/pycoin/graph_results_all/PageRank-15-subgraph/task_33_rank.gml
Security/python-taint,1,pyt.core.project_handler._is_python_file,0,0,,0,,,15,0,15,0,[],<external_root>/testRepoSummaryOut/DevEval/Security/python-taint/graph_results_all/PageRank-15-subgraph/task_1_rank.gml
Security/python-taint,2,pyt.core.project_handler.get_directory_modules,2,1,0.5,1,0.5,0.5,15,0,15,0,"[""pyt.core.project_handler._is_python_file""]",<external_root>/testRepoSummaryOut/DevEval/Security/python-taint/graph_results_all/PageRank-15-subgraph/task_2_rank.gml
Security/python-taint,3,pyt.vulnerabilities.vulnerabilities.label_contains,2,1,0.5,2,1.0,1.0,15,1,14,0,"[""pyt.vulnerabilities.trigger_definitions_parser.Sink.trigger_word"", ""pyt.vulnerabilities.vulnerability_helper.TriggerNode""]",<external_root>/testRepoSummaryOut/DevEval/Security/python-taint/graph_results_all/PageRank-15-subgraph/task_3_rank.gml
Security/python-taint,4,pyt.vulnerabilities.trigger_definitions_parser.parse,4,1,0.25,2,0.5,0.5,15,5,10,0,"[""pyt.vulnerabilities.trigger_definitions_parser.Sink"", ""pyt.vulnerabilities.trigger_definitions_parser.Sink.from_json""]",<external_root>/testRepoSummaryOut/DevEval/Security/python-taint/graph_results_all/PageRank-15-subgraph/task_4_rank.gml
Security/python-taint,5,pyt.__main__.discover_files,1,1,1.0,1,1.0,0.0,15,0,15,0,"[""pyt.__main__.log""]",<external_root>/testRepoSummaryOut/DevEval/Security/python-taint/graph_results_all/PageRank-15-subgraph/task_5_rank.gml
Security/python-taint,6,pyt.vulnerabilities.vulnerabilities.build_sanitiser_node_dict,3,2,0.6666666666666666,2,0.6666666666666666,0.6666666666666666,15,2,13,0,"[""pyt.vulnerabilities.vulnerabilities.find_sanitiser_nodes"", ""pyt.vulnerabilities.vulnerability_helper.TriggerNode.sanitisers""]",<external_root>/testRepoSummaryOut/DevEval/Security/python-taint/graph_results_all/PageRank-15-subgraph/task_6_rank.gml
Security/python-taint,7,pyt.vulnerabilities.vulnerabilities.find_triggers,1,1,1.0,1,1.0,1.0,15,1,14,0,"[""pyt.vulnerabilities.vulnerabilities.label_contains""]",<external_root>/testRepoSummaryOut/DevEval/Security/python-taint/graph_results_all/PageRank-15-subgraph/task_7_rank.gml
Security/threatingestor,1,threatingestor.state.State.save_state,2,1,0.5,1,0.5,0.0,15,5,10,0,"[""threatingestor.state.State.cursor""]",<external_root>/testRepoSummaryOut/DevEval/Security/threatingestor/graph_results_all/PageRank-15-subgraph/task_1_rank.gml
Security/threatingestor,2,threatingestor.Ingestor.run,5,3,0.6,3,0.6,0.6,15,4,11,1,"[""threatingestor.Ingestor.run_forever"", ""threatingestor.Ingestor.run_once"", ""threatingestor.config.Config.daemon""]",<external_root>/testRepoSummaryOut/DevEval/Security/threatingestor/graph_results_all/PageRank-15-subgraph/task_2_rank.gml
Security/threatingestor,3,threatingestor.state.State.get_state,1,1,1.0,1,1.0,0.0,15,2,13,0,"[""threatingestor.state.State.cursor""]",<external_root>/testRepoSummaryOut/DevEval/Security/threatingestor/graph_results_all/PageRank-15-subgraph/task_3_rank.gml
Security/trailscraper,1,trailscraper.iam.all_known_iam_permissions,0,0,,0,,,15,2,13,0,[],<external_root>/testRepoSummaryOut/DevEval/Security/trailscraper/graph_results_all/PageRank-15-subgraph/task_1_rank.gml
Security/trailscraper,2,trailscraper.cloudtrail.parse_records,0,0,,0,,,15,1,14,0,[],<external_root>/testRepoSummaryOut/DevEval/Security/trailscraper/graph_results_all/PageRank-15-subgraph/task_2_rank.gml
Security/trailscraper,3,trailscraper.s3_download._s3_key_prefixes,0,0,,0,,,15,0,15,0,[],<external_root>/testRepoSummaryOut/DevEval/Security/trailscraper/graph_results_all/PageRank-15-subgraph/task_3_rank.gml
Security/trailscraper,4,trailscraper.boto_service_definitions.operation_definition,1,1,1.0,1,1.0,1.0,15,3,12,0,"[""trailscraper.boto_service_definitions.service_definition_file""]",<external_root>/testRepoSummaryOut/DevEval/Security/trailscraper/graph_results_all/PageRank-15-subgraph/task_4_rank.gml
Security/trailscraper,5,trailscraper.boto_service_definitions.service_definition_file,1,1,1.0,1,1.0,1.0,15,2,13,0,"[""trailscraper.boto_service_definitions.boto_service_definition_files""]",<external_root>/testRepoSummaryOut/DevEval/Security/trailscraper/graph_results_all/PageRank-15-subgraph/task_5_rank.gml
Security/trailscraper,6,trailscraper.record_sources.local_directory_record_source.LocalDirectoryRecordSource.load_from_dir,3,3,1.0,3,1.0,1.0,15,1,14,0,"[""trailscraper.cloudtrail.LogFile.contains_events_for_timeframe"", ""trailscraper.cloudtrail.LogFile.records"", ""trailscraper.record_sources.local_directory_record_source.LocalDirectoryRecordSource._valid_log_files""]",<external_root>/testRepoSummaryOut/DevEval/Security/trailscraper/graph_results_all/PageRank-15-subgraph/task_6_rank.gml
Security/trailscraper,7,trailscraper.iam.parse_policy_document,3,1,0.3333333333333333,1,0.3333333333333333,0.3333333333333333,15,3,12,0,"[""trailscraper.iam._parse_statements""]",<external_root>/testRepoSummaryOut/DevEval/Security/trailscraper/graph_results_all/PageRank-15-subgraph/task_7_rank.gml
Security/trailscraper,8,trailscraper.iam.known_iam_actions,2,2,1.0,2,1.0,1.0,15,2,13,0,"[""trailscraper.iam._parse_action"", ""trailscraper.iam.all_known_iam_permissions""]",<external_root>/testRepoSummaryOut/DevEval/Security/trailscraper/graph_results_all/PageRank-15-subgraph/task_8_rank.gml
Security/trailscraper,9,trailscraper.iam.Statement.merge,4,3,0.75,3,0.75,0.0,15,3,12,0,"[""trailscraper.iam.Statement.Action"", ""trailscraper.iam.Statement.Effect"", ""trailscraper.iam.Statement.Resource""]",<external_root>/testRepoSummaryOut/DevEval/Security/trailscraper/graph_results_all/PageRank-15-subgraph/task_9_rank.gml
Security/trailscraper,10,trailscraper.cloudtrail.Record.to_statement,8,5,0.625,5,0.625,0.375,15,1,14,0,"[""trailscraper.cloudtrail.Record._event_name_to_iam_action"", ""trailscraper.cloudtrail.Record._source_to_iam_prefix"", ""trailscraper.cloudtrail.Record._to_api_gateway_statement"", ""trailscraper.cloudtrail.Record.event_name"", ""trailscraper.cloudtrail.Record.event_source""]",<external_root>/testRepoSummaryOut/DevEval/Security/trailscraper/graph_results_all/PageRank-15-subgraph/task_10_rank.gml
Security/trailscraper,11,trailscraper.cloudtrail.filter_records,3,2,0.6666666666666666,2,0.6666666666666666,0.6666666666666666,15,2,13,0,"[""trailscraper.cloudtrail._by_role_arns"", ""trailscraper.cloudtrail._by_timeframe""]",<external_root>/testRepoSummaryOut/DevEval/Security/trailscraper/graph_results_all/PageRank-15-subgraph/task_11_rank.gml
Security/zxcvbn-python,1,zxcvbn.scoring.calc_average_degree,0,0,,0,,,15,0,15,0,[],<external_root>/testRepoSummaryOut/DevEval/Security/zxcvbn-python/graph_results_all/PageRank-15-subgraph/task_1_rank.gml
Security/zxcvbn-python,2,zxcvbn.scoring.nCk,0,0,,0,,,10,0,10,0,[],<external_root>/testRepoSummaryOut/DevEval/Security/zxcvbn-python/graph_results_all/PageRank-15-subgraph/task_2_rank.gml
Security/zxcvbn-python,3,zxcvbn.matching.relevant_l33t_subtable,0,0,,0,,,15,0,15,0,[],<external_root>/testRepoSummaryOut/DevEval/Security/zxcvbn-python/graph_results_all/PageRank-15-subgraph/task_3_rank.gml
Security/zxcvbn-python,4,zxcvbn.matching.translate,0,0,,0,,,15,0,15,0,[],<external_root>/testRepoSummaryOut/DevEval/Security/zxcvbn-python/graph_results_all/PageRank-15-subgraph/task_4_rank.gml
Security/zxcvbn-python,5,zxcvbn.scoring.regex_guesses,2,0,0.0,0,0.0,0.0,15,0,15,0,[],<external_root>/testRepoSummaryOut/DevEval/Security/zxcvbn-python/graph_results_all/PageRank-15-subgraph/task_5_rank.gml
Security/zxcvbn-python,6,zxcvbn.scoring.uppercase_variations,5,1,0.2,1,0.2,0.2,15,0,15,0,"[""zxcvbn.scoring.nCk""]",<external_root>/testRepoSummaryOut/DevEval/Security/zxcvbn-python/graph_results_all/PageRank-15-subgraph/task_6_rank.gml
Security/zxcvbn-python,7,zxcvbn.matching.spatial_match,3,2,0.6666666666666666,2,0.6666666666666666,0.3333333333333333,15,0,15,0,"[""zxcvbn.matching.RANKED_DICTIONARIES"", ""zxcvbn.matching.spatial_match_helper""]",<external_root>/testRepoSummaryOut/DevEval/Security/zxcvbn-python/graph_results_all/PageRank-15-subgraph/task_7_rank.gml
Security/zxcvbn-python,8,zxcvbn.matching.regex_match,2,1,0.5,1,0.5,0.0,15,0,15,0,"[""zxcvbn.matching.RANKED_DICTIONARIES""]",<external_root>/testRepoSummaryOut/DevEval/Security/zxcvbn-python/graph_results_all/PageRank-15-subgraph/task_8_rank.gml
Security/zxcvbn-python,9,zxcvbn.scoring.dictionary_guesses,2,2,1.0,2,1.0,1.0,15,0,15,0,"[""zxcvbn.scoring.l33t_variations"", ""zxcvbn.scoring.uppercase_variations""]",<external_root>/testRepoSummaryOut/DevEval/Security/zxcvbn-python/graph_results_all/PageRank-15-subgraph/task_9_rank.gml
Security/zxcvbn-python,10,zxcvbn.matching.dictionary_match,1,1,1.0,1,1.0,0.0,15,0,15,0,"[""zxcvbn.matching.RANKED_DICTIONARIES""]",<external_root>/testRepoSummaryOut/DevEval/Security/zxcvbn-python/graph_results_all/PageRank-15-subgraph/task_10_rank.gml
Security/zxcvbn-python,11,zxcvbn.scoring.spatial_guesses,5,1,0.2,1,0.2,0.2,15,0,15,0,"[""zxcvbn.scoring.nCk""]",<external_root>/testRepoSummaryOut/DevEval/Security/zxcvbn-python/graph_results_all/PageRank-15-subgraph/task_11_rank.gml
Security/zxcvbn-python,12,zxcvbn.matching.repeat_match,3,3,1.0,3,1.0,0.6666666666666666,15,0,15,0,"[""zxcvbn.matching.RANKED_DICTIONARIES"", ""zxcvbn.matching.omnimatch"", ""zxcvbn.scoring.most_guessable_match_sequence""]",<external_root>/testRepoSummaryOut/DevEval/Security/zxcvbn-python/graph_results_all/PageRank-15-subgraph/task_12_rank.gml
Security/zxcvbn-python,13,zxcvbn.matching.sequence_match,1,1,1.0,1,1.0,0.0,15,0,15,0,"[""zxcvbn.matching.RANKED_DICTIONARIES""]",<external_root>/testRepoSummaryOut/DevEval/Security/zxcvbn-python/graph_results_all/PageRank-15-subgraph/task_13_rank.gml
Security/zxcvbn-python,14,zxcvbn.scoring.date_guesses,2,0,0.0,0,0.0,0.0,15,0,15,0,[],<external_root>/testRepoSummaryOut/DevEval/Security/zxcvbn-python/graph_results_all/PageRank-15-subgraph/task_14_rank.gml
Security/zxcvbn-python,15,zxcvbn.scoring.estimate_guesses,9,5,0.5555555555555556,5,0.5555555555555556,0.5555555555555556,15,0,15,0,"[""zxcvbn.scoring.bruteforce_guesses"", ""zxcvbn.scoring.regex_guesses"", ""zxcvbn.scoring.repeat_guesses"", ""zxcvbn.scoring.sequence_guesses"", ""zxcvbn.scoring.spatial_guesses""]",<external_root>/testRepoSummaryOut/DevEval/Security/zxcvbn-python/graph_results_all/PageRank-15-subgraph/task_15_rank.gml
Security/zxcvbn-python,16,zxcvbn.matching.reverse_dictionary_match,2,2,1.0,2,1.0,0.5,15,0,15,0,"[""zxcvbn.matching.RANKED_DICTIONARIES"", ""zxcvbn.matching.dictionary_match""]",<external_root>/testRepoSummaryOut/DevEval/Security/zxcvbn-python/graph_results_all/PageRank-15-subgraph/task_16_rank.gml
Security/zxcvbn-python,17,zxcvbn.matching.l33t_match,6,4,0.6666666666666666,4,0.6666666666666666,0.5,15,0,15,0,"[""zxcvbn.matching.RANKED_DICTIONARIES"", ""zxcvbn.matching.dictionary_match"", ""zxcvbn.matching.enumerate_l33t_subs"", ""zxcvbn.matching.relevant_l33t_subtable""]",<external_root>/testRepoSummaryOut/DevEval/Security/zxcvbn-python/graph_results_all/PageRank-15-subgraph/task_17_rank.gml
Security/zxcvbn-python,18,zxcvbn.time_estimates.estimate_attack_times,3,3,1.0,3,1.0,1.0,15,0,15,0,"[""zxcvbn.time_estimates.display_time"", ""zxcvbn.time_estimates.float_to_decimal"", ""zxcvbn.time_estimates.guesses_to_score""]",<external_root>/testRepoSummaryOut/DevEval/Security/zxcvbn-python/graph_results_all/PageRank-15-subgraph/task_18_rank.gml
Software-Development/Faker,1,faker.utils.decorators.slugify,0,0,,0,,,15,0,15,0,[],<external_root>/testRepoSummaryOut/DevEval/Software-Development/Faker/graph_results_all/PageRank-15-subgraph/task_1_rank.gml
Software-Development/Faker,2,faker.utils.decorators.slugify_domain,0,0,,0,,,15,0,15,0,[],<external_root>/testRepoSummaryOut/DevEval/Software-Development/Faker/graph_results_all/PageRank-15-subgraph/task_2_rank.gml
Software-Development/Faker,3,faker.utils.decorators.slugify_unicode,0,0,,0,,,15,0,15,0,[],<external_root>/testRepoSummaryOut/DevEval/Software-Development/Faker/graph_results_all/PageRank-15-subgraph/task_3_rank.gml
Software-Development/Faker,4,faker.utils.loading.get_path,0,0,,0,,,15,1,14,0,[],<external_root>/testRepoSummaryOut/DevEval/Software-Development/Faker/graph_results_all/PageRank-15-subgraph/task_4_rank.gml
Software-Development/Faker,5,faker.utils.checksums.luhn_checksum,0,0,,0,,,15,1,14,0,[],<external_root>/testRepoSummaryOut/DevEval/Software-Development/Faker/graph_results_all/PageRank-15-subgraph/task_5_rank.gml
Software-Development/Faker,6,faker.utils.datasets.add_ordereddicts,0,0,,0,,,15,2,13,0,[],<external_root>/testRepoSummaryOut/DevEval/Software-Development/Faker/graph_results_all/PageRank-15-subgraph/task_6_rank.gml
Software-Development/Faker,7,faker.providers.person.pl_PL.checksum_identity_card_number,0,0,,0,,,9,3,6,0,[],<external_root>/testRepoSummaryOut/DevEval/Software-Development/Faker/graph_results_all/PageRank-15-subgraph/task_7_rank.gml
Software-Development/Faker,8,faker.providers.company.pl_PL.regon_checksum,0,0,,0,,,9,3,6,0,[],<external_root>/testRepoSummaryOut/DevEval/Software-Development/Faker/graph_results_all/PageRank-15-subgraph/task_8_rank.gml
Software-Development/Faker,9,faker.providers.company.ru_RU.calculate_checksum,0,0,,0,,,15,0,15,0,[],<external_root>/testRepoSummaryOut/DevEval/Software-Development/Faker/graph_results_all/PageRank-15-subgraph/task_9_rank.gml
Software-Development/Faker,10,faker.providers.company.pl_PL.local_regon_checksum,0,0,,0,,,9,3,6,0,[],<external_root>/testRepoSummaryOut/DevEval/Software-Development/Faker/graph_results_all/PageRank-15-subgraph/task_10_rank.gml
Software-Development/Faker,11,faker.providers.company.pl_PL.company_vat_checksum,0,0,,0,,,11,3,8,1,[],<external_root>/testRepoSummaryOut/DevEval/Software-Development/Faker/graph_results_all/PageRank-15-subgraph/task_11_rank.gml
Software-Development/Faker,12,faker.providers.company.pt_BR.company_id_checksum,0,0,,0,,,15,0,15,1,[],<external_root>/testRepoSummaryOut/DevEval/Software-Development/Faker/graph_results_all/PageRank-15-subgraph/task_12_rank.gml
Software-Development/Faker,13,faker.providers.misc.Provider.binary,0,0,,0,,,15,1,14,1,[],<external_root>/testRepoSummaryOut/DevEval/Software-Development/Faker/graph_results_all/PageRank-15-subgraph/task_13_rank.gml
Software-Development/Faker,14,faker.providers.python.Provider.pystr,0,0,,0,,,15,2,13,1,[],<external_root>/testRepoSummaryOut/DevEval/Software-Development/Faker/graph_results_all/PageRank-15-subgraph/task_14_rank.gml
Software-Development/Faker,15,faker.utils.checksums.calculate_luhn,1,1,1.0,1,1.0,1.0,8,2,6,0,"[""faker.utils.checksums.luhn_checksum""]",<external_root>/testRepoSummaryOut/DevEval/Software-Development/Faker/graph_results_all/PageRank-15-subgraph/task_15_rank.gml
Software-Development/Faker,16,faker.utils.loading.find_available_locales,1,1,1.0,1,1.0,1.0,15,1,14,0,"[""faker.utils.loading.list_module""]",<external_root>/testRepoSummaryOut/DevEval/Software-Development/Faker/graph_results_all/PageRank-15-subgraph/task_16_rank.gml
Software-Development/Faker,17,faker.decode.unidecode,1,0,0.0,0,0.0,0.0,15,0,15,1,[],<external_root>/testRepoSummaryOut/DevEval/Software-Development/Faker/graph_results_all/PageRank-15-subgraph/task_17_rank.gml
Software-Development/Faker,18,faker.utils.loading.find_available_providers,1,1,1.0,1,1.0,1.0,15,0,15,0,"[""faker.utils.loading.list_module""]",<external_root>/testRepoSummaryOut/DevEval/Software-Development/Faker/graph_results_all/PageRank-15-subgraph/task_18_rank.gml
Software-Development/Faker,19,faker.utils.text.slugify,3,0,0.0,0,0.0,0.0,15,0,15,0,[],<external_root>/testRepoSummaryOut/DevEval/Software-Development/Faker/graph_results_all/PageRank-15-subgraph/task_19_rank.gml
Software-Development/Faker,20,faker.providers.credit_card.Provider._generate_number,2,0,0.0,0,0.0,0.0,15,1,14,1,[],<external_root>/testRepoSummaryOut/DevEval/Software-Development/Faker/graph_results_all/PageRank-15-subgraph/task_20_rank.gml
Software-Development/Faker,21,faker.utils.distribution.choices_distribution_unique,4,4,1.0,4,1.0,0.5,15,0,15,0,"[""faker.generator.random"", ""faker.utils.distribution.T"", ""faker.utils.distribution.cumsum"", ""faker.utils.distribution.random_sample""]",<external_root>/testRepoSummaryOut/DevEval/Software-Development/Faker/graph_results_all/PageRank-15-subgraph/task_21_rank.gml
Software-Development/PySnooper,1,pysnooper.utils.truncate,0,0,,0,,,15,2,13,0,[],<external_root>/testRepoSummaryOut/DevEval/Software-Development/PySnooper/graph_results_all/PageRank-15-subgraph/task_1_rank.gml
Software-Development/PySnooper,2,pysnooper.variables.needs_parentheses,0,0,,0,,,15,6,9,0,[],<external_root>/testRepoSummaryOut/DevEval/Software-Development/PySnooper/graph_results_all/PageRank-15-subgraph/task_2_rank.gml
Software-Development/PySnooper,3,pysnooper.utils.ensure_tuple,1,0,0.0,0,0.0,0.0,15,2,13,0,[],<external_root>/testRepoSummaryOut/DevEval/Software-Development/PySnooper/graph_results_all/PageRank-15-subgraph/task_3_rank.gml
Software-Development/backtrader,1,backtrader.trade.Trade.update,24,1,0.041666666666666664,2,0.08333333333333333,0.08333333333333333,15,2,13,0,"[""backtrader.trade.TradeHistory"", ""backtrader.trade.TradeHistory.doupdate""]",<external_root>/testRepoSummaryOut/DevEval/Software-Development/backtrader/graph_results_all/PageRank-15-subgraph/task_1_rank.gml
Software-Development/dash,1,dash._utils.AttributeDict.set_read_only,0,0,,0,,,15,2,13,0,[],<external_root>/testRepoSummaryOut/DevEval/Software-Development/dash/graph_results_all/PageRank-15-subgraph/task_1_rank.gml
Software-Development/dash,2,dash._utils.AttributeDict.first,0,0,,0,,,15,3,12,0,[],<external_root>/testRepoSummaryOut/DevEval/Software-Development/dash/graph_results_all/PageRank-15-subgraph/task_2_rank.gml
Software-Development/dash,3,dash._get_paths.app_get_asset_url,0,0,,0,,,15,2,13,0,[],<external_root>/testRepoSummaryOut/DevEval/Software-Development/dash/graph_results_all/PageRank-15-subgraph/task_3_rank.gml
Software-Development/dash,4,dash._grouping.grouping_len,0,0,,0,,,15,3,12,0,[],<external_root>/testRepoSummaryOut/DevEval/Software-Development/dash/graph_results_all/PageRank-15-subgraph/task_4_rank.gml
Software-Development/dash,5,dash.development.base_component.Component._traverse,1,1,1.0,1,1.0,1.0,15,1,14,0,"[""dash.development.base_component.Component._traverse_with_paths""]",<external_root>/testRepoSummaryOut/DevEval/Software-Development/dash/graph_results_all/PageRank-15-subgraph/task_5_rank.gml
Software-Development/dash,6,dash._get_paths.app_strip_relative_path,2,0,0.0,0,0.0,0.0,13,1,12,0,[],<external_root>/testRepoSummaryOut/DevEval/Software-Development/dash/graph_results_all/PageRank-15-subgraph/task_6_rank.gml
Software-Development/dash,7,dash._configs.pages_folder_config,1,0,0.0,0,0.0,0.0,15,0,15,0,[],<external_root>/testRepoSummaryOut/DevEval/Software-Development/dash/graph_results_all/PageRank-15-subgraph/task_7_rank.gml
Software-Development/dash,8,dash.development._py_components_generation.js_to_py_type,2,2,1.0,2,1.0,1.0,15,0,15,0,"[""dash.development._py_components_generation.map_js_to_py_types_flow_types"", ""dash.development._py_components_generation.map_js_to_py_types_prop_types""]",<external_root>/testRepoSummaryOut/DevEval/Software-Development/dash/graph_results_all/PageRank-15-subgraph/task_8_rank.gml
Software-Development/dash,9,dash._grouping.make_grouping_by_index,1,1,1.0,1,1.0,1.0,15,0,15,0,"[""dash._grouping.flatten_grouping""]",<external_root>/testRepoSummaryOut/DevEval/Software-Development/dash/graph_results_all/PageRank-15-subgraph/task_9_rank.gml
Software-Development/dash,10,dash._grouping.validate_grouping,7,5,0.7142857142857143,6,0.8571428571428571,0.8571428571428571,15,4,11,0,"[""dash._grouping.SchemaKeysValidationError"", ""dash._grouping.SchemaKeysValidationError.check"", ""dash._grouping.SchemaLengthValidationError"", ""dash._grouping.SchemaLengthValidationError.check"", ""dash._grouping.SchemaTypeValidationError"", ""dash._grouping.SchemaTypeValidationError.check""]",<external_root>/testRepoSummaryOut/DevEval/Software-Development/dash/graph_results_all/PageRank-15-subgraph/task_10_rank.gml
Software-Development/dash,11,dash._grouping.map_grouping,1,0,0.0,0,0.0,0.0,15,0,15,0,[],<external_root>/testRepoSummaryOut/DevEval/Software-Development/dash/graph_results_all/PageRank-15-subgraph/task_11_rank.gml
Software-Development/dash,12,dash.development._collect_nodes.collect_nodes,6,5,0.8333333333333334,5,0.8333333333333334,0.8333333333333334,15,0,15,0,"[""dash.development._collect_nodes.collect_array"", ""dash.development._collect_nodes.collect_object"", ""dash.development._collect_nodes.collect_union"", ""dash.development._collect_nodes.is_node"", ""dash.development._collect_nodes.is_shape""]",<external_root>/testRepoSummaryOut/DevEval/Software-Development/dash/graph_results_all/PageRank-15-subgraph/task_12_rank.gml
Software-Development/dash,13,dash.development.base_component.Component.to_plotly_json,3,0,0.0,0,0.0,0.0,15,0,15,0,[],<external_root>/testRepoSummaryOut/DevEval/Software-Development/dash/graph_results_all/PageRank-15-subgraph/task_13_rank.gml
Software-Development/dash,14,dash.fingerprint.build_fingerprint,1,0,0.0,0,0.0,0.0,15,3,12,0,[],<external_root>/testRepoSummaryOut/DevEval/Software-Development/dash/graph_results_all/PageRank-15-subgraph/task_14_rank.gml
Software-Development/dash,15,dash.fingerprint.check_fingerprint,1,0,0.0,0,0.0,0.0,13,4,9,0,[],<external_root>/testRepoSummaryOut/DevEval/Software-Development/dash/graph_results_all/PageRank-15-subgraph/task_15_rank.gml
Software-Development/dash,16,dash._get_paths.app_get_relative_path,2,0,0.0,0,0.0,0.0,13,1,12,0,[],<external_root>/testRepoSummaryOut/DevEval/Software-Development/dash/graph_results_all/PageRank-15-subgraph/task_16_rank.gml
Software-Development/dash,17,dash.development.component_loader.load_components,4,1,0.25,1,0.25,0.25,15,0,15,0,"[""dash.development.component_loader._get_metadata""]",<external_root>/testRepoSummaryOut/DevEval/Software-Development/dash/graph_results_all/PageRank-15-subgraph/task_17_rank.gml
Software-Development/dash,18,dash._grouping.flatten_grouping,1,0,0.0,0,0.0,0.0,15,0,15,0,[],<external_root>/testRepoSummaryOut/DevEval/Software-Development/dash/graph_results_all/PageRank-15-subgraph/task_18_rank.gml
Software-Development/discord-py,1,discord.utils.get_slots,0,0,,0,,,15,3,12,0,[],<external_root>/testRepoSummaryOut/DevEval/Software-Development/discord-py/graph_results_all/PageRank-15-subgraph/task_1_rank.gml
Software-Development/discord-py,2,discord.utils.is_inside_class,0,0,,0,,,15,4,11,0,[],<external_root>/testRepoSummaryOut/DevEval/Software-Development/discord-py/graph_results_all/PageRank-15-subgraph/task_2_rank.gml
Software-Development/discord-py,3,discord.utils.time_snowflake,1,0,0.0,0,0.0,0.0,11,1,10,0,[],<external_root>/testRepoSummaryOut/DevEval/Software-Development/discord-py/graph_results_all/PageRank-15-subgraph/task_3_rank.gml
Software-Development/discord-py,4,discord.utils.snowflake_time,1,0,0.0,0,0.0,0.0,15,0,15,0,[],<external_root>/testRepoSummaryOut/DevEval/Software-Development/discord-py/graph_results_all/PageRank-15-subgraph/task_4_rank.gml
Software-Development/discord-py,5,discord.ext.tasks.loop,3,2,0.6666666666666666,2,0.6666666666666666,0.3333333333333333,15,1,14,1,"[""discord.ext.tasks.Loop"", ""discord.utils.MISSING""]",<external_root>/testRepoSummaryOut/DevEval/Software-Development/discord-py/graph_results_all/PageRank-15-subgraph/task_5_rank.gml
Software-Development/discord-py,6,discord.utils.resolve_invite,2,1,0.5,1,0.5,0.5,15,1,14,0,"[""discord.invite.Invite""]",<external_root>/testRepoSummaryOut/DevEval/Software-Development/discord-py/graph_results_all/PageRank-15-subgraph/task_6_rank.gml
Software-Development/discord-py,7,discord.utils.resolve_annotation,1,1,1.0,1,1.0,1.0,15,0,15,0,"[""discord.utils.evaluate_annotation""]",<external_root>/testRepoSummaryOut/DevEval/Software-Development/discord-py/graph_results_all/PageRank-15-subgraph/task_7_rank.gml
Software-Development/pandas-profiling,1,ydata_profiling.utils.dataframe.expand_mixed,1,0,0.0,0,0.0,0.0,15,0,15,0,[],<external_root>/testRepoSummaryOut/DevEval/Software-Development/pandas-profiling/graph_results_all/PageRank-15-subgraph/task_1_rank.gml
Software-Development/pandas-profiling,2,ydata_profiling.report.presentation.flavours.html.image.HTMLImage.render,2,2,1.0,2,1.0,0.5,15,0,15,0,"[""ydata_profiling.report.presentation.flavours.html.templates"", ""ydata_profiling.report.presentation.flavours.html.templates.template""]",<external_root>/testRepoSummaryOut/DevEval/Software-Development/pandas-profiling/graph_results_all/PageRank-15-subgraph/task_2_rank.gml
Software-Development/pandas-profiling,3,ydata_profiling.controller.console.main,4,2,0.5,1,0.25,0.25,15,2,13,0,"[""ydata_profiling.controller.console.parse_args""]",<external_root>/testRepoSummaryOut/DevEval/Software-Development/pandas-profiling/graph_results_all/PageRank-15-subgraph/task_3_rank.gml
Software-Development/pandas-profiling,4,ydata_profiling.model.summarizer.BaseSummarizer.summarize,2,1,0.5,1,0.5,0.5,15,0,15,0,"[""ydata_profiling.model.handler.Handler.handle""]",<external_root>/testRepoSummaryOut/DevEval/Software-Development/pandas-profiling/graph_results_all/PageRank-15-subgraph/task_4_rank.gml
Software-Development/pandas-profiling,5,ydata_profiling.model.summary_algorithms.histogram_compute,6,0,0.0,0,0.0,0.0,15,0,15,0,[],<external_root>/testRepoSummaryOut/DevEval/Software-Development/pandas-profiling/graph_results_all/PageRank-15-subgraph/task_5_rank.gml
Software-Development/pandas-profiling,6,ydata_profiling.model.pandas.correlations_pandas.pandas_cramers_compute,3,1,0.3333333333333333,1,0.3333333333333333,0.3333333333333333,15,0,15,0,"[""ydata_profiling.model.pandas.correlations_pandas._cramers_corrected_stat""]",<external_root>/testRepoSummaryOut/DevEval/Software-Development/pandas-profiling/graph_results_all/PageRank-15-subgraph/task_6_rank.gml
Software-Development/pandas-profiling,7,ydata_profiling.profile_report.ProfileReport.typeset,2,1,0.5,1,0.5,0.0,15,1,14,0,"[""ydata_profiling.config""]",<external_root>/testRepoSummaryOut/DevEval/Software-Development/pandas-profiling/graph_results_all/PageRank-15-subgraph/task_7_rank.gml
Software-Development/pandas-profiling,8,ydata_profiling.model.pandas.correlations_pandas.pandas_auto_compute,9,1,0.1111111111111111,1,0.1111111111111111,0.1111111111111111,15,0,15,0,"[""ydata_profiling.model.pandas.correlations_pandas._pairwise_cramers""]",<external_root>/testRepoSummaryOut/DevEval/Software-Development/pandas-profiling/graph_results_all/PageRank-15-subgraph/task_8_rank.gml
Software-Development/pandas-profiling,9,ydata_profiling.report.presentation.flavours.html.frequency_table.HTMLFrequencyTable.render,2,2,1.0,2,1.0,0.5,15,1,14,0,"[""ydata_profiling.report.presentation.flavours.html.templates"", ""ydata_profiling.report.presentation.flavours.html.templates.template""]",<external_root>/testRepoSummaryOut/DevEval/Software-Development/pandas-profiling/graph_results_all/PageRank-15-subgraph/task_9_rank.gml
Software-Development/pandas-profiling,10,ydata_profiling.model.pandas.discretize_pandas.Discretizer.discretize_dataframe,3,2,0.6666666666666666,2,0.6666666666666666,0.6666666666666666,15,1,14,0,"[""ydata_profiling.model.pandas.discretize_pandas.Discretizer._discretize_column"", ""ydata_profiling.model.pandas.discretize_pandas.Discretizer._get_numerical_columns""]",<external_root>/testRepoSummaryOut/DevEval/Software-Development/pandas-profiling/graph_results_all/PageRank-15-subgraph/task_10_rank.gml
Software-Development/pandas-profiling,11,ydata_profiling.utils.cache.cache_file,1,1,1.0,1,1.0,1.0,15,2,13,0,"[""ydata_profiling.utils.paths.get_data_path""]",<external_root>/testRepoSummaryOut/DevEval/Software-Development/pandas-profiling/graph_results_all/PageRank-15-subgraph/task_11_rank.gml
Software-Development/peewee,1,peewee.sort_models,0,0,,0,,,15,0,15,0,[],<external_root>/testRepoSummaryOut/DevEval/Software-Development/peewee/graph_results_all/PageRank-15-subgraph/task_1_rank.gml
Software-Development/peewee,2,playhouse.kv.KeyValue.get,0,0,,0,,,15,1,14,0,[],<external_root>/testRepoSummaryOut/DevEval/Software-Development/peewee/graph_results_all/PageRank-15-subgraph/task_2_rank.gml
Software-Development/peewee,3,playhouse.kv.KeyValue.setdefault,0,0,,0,,,15,3,12,0,[],<external_root>/testRepoSummaryOut/DevEval/Software-Development/peewee/graph_results_all/PageRank-15-subgraph/task_3_rank.gml
Software-Development/peewee,4,playhouse.db_url.parse,1,1,1.0,1,1.0,1.0,15,4,11,0,"[""playhouse.db_url.parseresult_to_dict""]",<external_root>/testRepoSummaryOut/DevEval/Software-Development/peewee/graph_results_all/PageRank-15-subgraph/task_4_rank.gml
Software-Development/peewee,5,playhouse.kv.KeyValue.pop,2,0,0.0,0,0.0,0.0,15,2,13,0,[],<external_root>/testRepoSummaryOut/DevEval/Software-Development/peewee/graph_results_all/PageRank-15-subgraph/task_5_rank.gml
Software-Development/peewee,6,playhouse.signals.Signal.connect,2,2,1.0,2,1.0,0.0,15,1,14,0,"[""playhouse.signals.Signal._receiver_list"", ""playhouse.signals.Signal._receivers""]",<external_root>/testRepoSummaryOut/DevEval/Software-Development/peewee/graph_results_all/PageRank-15-subgraph/task_6_rank.gml
Software-Development/peewee,7,playhouse.sqlite_changelog.ChangeLog.install,5,4,0.8,4,0.8,0.6,15,1,14,0,"[""playhouse.sqlite_changelog.ChangeLog.db"", ""playhouse.sqlite_changelog.ChangeLog.drop_trigger_sql"", ""playhouse.sqlite_changelog.ChangeLog.model"", ""playhouse.sqlite_changelog.ChangeLog.trigger_sql""]",<external_root>/testRepoSummaryOut/DevEval/Software-Development/peewee/graph_results_all/PageRank-15-subgraph/task_7_rank.gml
Software-Development/peewee,8,playhouse.db_url.connect,2,1,0.5,1,0.5,0.5,15,0,15,0,"[""playhouse.db_url.parseresult_to_dict""]",<external_root>/testRepoSummaryOut/DevEval/Software-Development/peewee/graph_results_all/PageRank-15-subgraph/task_8_rank.gml
Software-Development/peewee,9,playhouse.dataset.DataSet.freeze,4,3,0.75,3,0.75,0.5,14,4,10,0,"[""playhouse.dataset.DataSet._check_arguments"", ""playhouse.dataset.DataSet._export_formats"", ""playhouse.dataset.open_file""]",<external_root>/testRepoSummaryOut/DevEval/Software-Development/peewee/graph_results_all/PageRank-15-subgraph/task_9_rank.gml
Software-Development/peewee,10,playhouse.dataset.DataSet.tables,3,3,1.0,3,1.0,0.3333333333333333,15,2,13,0,"[""playhouse.dataset.DataSet._database"", ""playhouse.dataset.DataSet._include_views"", ""playhouse.dataset.DataSet.views""]",<external_root>/testRepoSummaryOut/DevEval/Software-Development/peewee/graph_results_all/PageRank-15-subgraph/task_10_rank.gml
Software-Development/peewee,11,playhouse.dataset.DataSet.update_cache,5,3,0.6,3,0.6,0.2,15,3,12,0,"[""playhouse.dataset.DataSet._include_views"", ""playhouse.dataset.DataSet._models"", ""playhouse.dataset.DataSet.get_table_dependencies""]",<external_root>/testRepoSummaryOut/DevEval/Software-Development/peewee/graph_results_all/PageRank-15-subgraph/task_11_rank.gml
Software-Development/peewee,12,peewee.Index.where,1,0,0.0,0,0.0,0.0,15,0,15,0,[],<external_root>/testRepoSummaryOut/DevEval/Software-Development/peewee/graph_results_all/PageRank-15-subgraph/task_12_rank.gml
Software-Development/peewee,13,playhouse.signals.Signal.disconnect,2,2,1.0,2,1.0,0.0,15,3,12,0,"[""playhouse.signals.Signal._receiver_list"", ""playhouse.signals.Signal._receivers""]",<external_root>/testRepoSummaryOut/DevEval/Software-Development/peewee/graph_results_all/PageRank-15-subgraph/task_13_rank.gml
System/exodus-bundler,1,exodus_bundler.bundling.bytes_to_int,0,0,,0,,,15,3,12,0,[],<external_root>/testRepoSummaryOut/DevEval/System/exodus-bundler/graph_results_all/PageRank-15-subgraph/task_1_rank.gml
System/exodus-bundler,2,exodus_bundler.templating.render_template,0,0,,0,,,15,3,12,0,[],<external_root>/testRepoSummaryOut/DevEval/System/exodus-bundler/graph_results_all/PageRank-15-subgraph/task_2_rank.gml
System/exodus-bundler,3,exodus_bundler.input_parsing.strip_pid_prefix,0,0,,0,,,14,3,11,0,[],<external_root>/testRepoSummaryOut/DevEval/System/exodus-bundler/graph_results_all/PageRank-15-subgraph/task_3_rank.gml
System/exodus-bundler,4,exodus_bundler.bundling.resolve_binary,1,0,0.0,0,0.0,0.0,15,4,11,0,[],<external_root>/testRepoSummaryOut/DevEval/System/exodus-bundler/graph_results_all/PageRank-15-subgraph/task_4_rank.gml
System/exodus-bundler,5,exodus_bundler.bundling.File.hash,1,1,1.0,1,1.0,0.0,14,4,10,0,"[""exodus_bundler.bundling.File.path""]",<external_root>/testRepoSummaryOut/DevEval/System/exodus-bundler/graph_results_all/PageRank-15-subgraph/task_5_rank.gml
System/exodus-bundler,6,exodus_bundler.bundling.Bundle.add_file,7,2,0.2857142857142857,2,0.2857142857142857,0.14285714285714285,15,2,13,0,"[""exodus_bundler.bundling.Bundle.file_factory"", ""exodus_bundler.bundling.Bundle.files""]",<external_root>/testRepoSummaryOut/DevEval/System/exodus-bundler/graph_results_all/PageRank-15-subgraph/task_6_rank.gml
System/exodus-bundler,7,exodus_bundler.bundling.Elf.dependencies,3,3,1.0,3,1.0,0.6666666666666666,15,2,13,0,"[""exodus_bundler.bundling.Elf.direct_dependencies"", ""exodus_bundler.bundling.Elf.find_direct_dependencies"", ""exodus_bundler.bundling.Elf.linker_file""]",<external_root>/testRepoSummaryOut/DevEval/System/exodus-bundler/graph_results_all/PageRank-15-subgraph/task_7_rank.gml
System/exodus-bundler,8,exodus_bundler.bundling.detect_elf_binary,1,0,0.0,0,0.0,0.0,15,1,14,0,[],<external_root>/testRepoSummaryOut/DevEval/System/exodus-bundler/graph_results_all/PageRank-15-subgraph/task_8_rank.gml
System/exodus-bundler,9,exodus_bundler.bundling.resolve_file_path,3,0,0.0,0,0.0,0.0,15,2,13,0,[],<external_root>/testRepoSummaryOut/DevEval/System/exodus-bundler/graph_results_all/PageRank-15-subgraph/task_9_rank.gml
System/exodus-bundler,10,exodus_bundler.input_parsing.extract_open_path,1,1,1.0,1,1.0,1.0,14,2,12,0,"[""exodus_bundler.input_parsing.strip_pid_prefix""]",<external_root>/testRepoSummaryOut/DevEval/System/exodus-bundler/graph_results_all/PageRank-15-subgraph/task_10_rank.gml
System/exodus-bundler,11,exodus_bundler.input_parsing.extract_paths,4,3,0.75,3,0.75,0.75,13,2,11,0,"[""exodus_bundler.input_parsing.extract_exec_path"", ""exodus_bundler.input_parsing.extract_open_path"", ""exodus_bundler.input_parsing.extract_stat_path""]",<external_root>/testRepoSummaryOut/DevEval/System/exodus-bundler/graph_results_all/PageRank-15-subgraph/task_11_rank.gml
System/exodus-bundler,12,exodus_bundler.bundling.Bundle.hash,1,1,1.0,1,1.0,0.0,14,4,10,0,"[""exodus_bundler.bundling.Bundle.files""]",<external_root>/testRepoSummaryOut/DevEval/System/exodus-bundler/graph_results_all/PageRank-15-subgraph/task_12_rank.gml
System/exodus-bundler,13,exodus_bundler.bundling.Bundle.bundle_root,2,2,1.0,2,1.0,0.5,15,2,13,0,"[""exodus_bundler.bundling.Bundle.hash"", ""exodus_bundler.bundling.Bundle.working_directory""]",<external_root>/testRepoSummaryOut/DevEval/System/exodus-bundler/graph_results_all/PageRank-15-subgraph/task_13_rank.gml
System/exodus-bundler,14,exodus_bundler.bundling.run_ldd,3,2,0.6666666666666666,2,0.6666666666666666,0.6666666666666666,15,1,14,0,"[""exodus_bundler.bundling.detect_elf_binary"", ""exodus_bundler.bundling.resolve_binary""]",<external_root>/testRepoSummaryOut/DevEval/System/exodus-bundler/graph_results_all/PageRank-15-subgraph/task_14_rank.gml
System/exodus-bundler,15,exodus_bundler.cli.configure_logging,1,0,0.0,0,0.0,0.0,12,2,10,0,[],<external_root>/testRepoSummaryOut/DevEval/System/exodus-bundler/graph_results_all/PageRank-15-subgraph/task_15_rank.gml
System/exodus-bundler,16,exodus_bundler.launchers.construct_bash_launcher,1,1,1.0,1,1.0,1.0,15,0,15,0,"[""exodus_bundler.templating.render_template_file""]",<external_root>/testRepoSummaryOut/DevEval/System/exodus-bundler/graph_results_all/PageRank-15-subgraph/task_16_rank.gml
System/flower,1,flower.utils.search.stringified_dict_contains_value,0,0,,0,,,15,4,11,0,[],<external_root>/testRepoSummaryOut/DevEval/System/flower/graph_results_all/PageRank-15-subgraph/task_1_rank.gml
System/flower,2,flower.utils.abs_path,0,0,,0,,,15,3,12,1,[],<external_root>/testRepoSummaryOut/DevEval/System/flower/graph_results_all/PageRank-15-subgraph/task_2_rank.gml
System/flower,3,flower.utils.strtobool,0,0,,0,,,13,2,11,1,[],<external_root>/testRepoSummaryOut/DevEval/System/flower/graph_results_all/PageRank-15-subgraph/task_3_rank.gml
System/flower,4,flower.command.apply_options,2,1,0.5,1,0.5,0.5,13,2,11,0,"[""flower.command.is_flower_option""]",<external_root>/testRepoSummaryOut/DevEval/System/flower/graph_results_all/PageRank-15-subgraph/task_4_rank.gml
System/fs,1,fs.path.abspath,0,0,,0,,,15,0,15,0,[],<external_root>/testRepoSummaryOut/DevEval/System/fs/graph_results_all/PageRank-15-subgraph/task_1_rank.gml
System/fs,2,fs.path.combine,0,0,,0,,,15,1,14,0,[],<external_root>/testRepoSummaryOut/DevEval/System/fs/graph_results_all/PageRank-15-subgraph/task_2_rank.gml
System/fs,3,fs.path.split,0,0,,0,,,15,1,14,0,[],<external_root>/testRepoSummaryOut/DevEval/System/fs/graph_results_all/PageRank-15-subgraph/task_3_rank.gml
System/fs,4,fs.path.isparent,0,0,,0,,,15,0,15,0,[],<external_root>/testRepoSummaryOut/DevEval/System/fs/graph_results_all/PageRank-15-subgraph/task_4_rank.gml
System/fs,5,fs.path.forcedir,0,0,,0,,,15,0,15,0,[],<external_root>/testRepoSummaryOut/DevEval/System/fs/graph_results_all/PageRank-15-subgraph/task_5_rank.gml
System/fs,6,fs.wildcard.match_any,0,0,,0,,,15,0,15,0,[],<external_root>/testRepoSummaryOut/DevEval/System/fs/graph_results_all/PageRank-15-subgraph/task_6_rank.gml
System/fs,7,fs.wildcard.imatch_any,0,0,,0,,,15,0,15,0,[],<external_root>/testRepoSummaryOut/DevEval/System/fs/graph_results_all/PageRank-15-subgraph/task_7_rank.gml
System/fs,8,fs.path.frombase,1,1,1.0,1,1.0,1.0,15,0,15,0,"[""fs.path.isparent""]",<external_root>/testRepoSummaryOut/DevEval/System/fs/graph_results_all/PageRank-15-subgraph/task_8_rank.gml
System/fs,9,fs.wildcard.imatch,2,2,1.0,2,1.0,0.5,15,0,15,0,"[""fs.wildcard._PATTERN_CACHE"", ""fs.wildcard._translate""]",<external_root>/testRepoSummaryOut/DevEval/System/fs/graph_results_all/PageRank-15-subgraph/task_9_rank.gml
System/fs,10,fs.info.Info.stem,1,0,0.0,0,0.0,0.0,15,0,15,0,[],<external_root>/testRepoSummaryOut/DevEval/System/fs/graph_results_all/PageRank-15-subgraph/task_10_rank.gml
System/fs,11,fs.permissions.Permissions.create,1,0,0.0,1,1.0,1.0,15,2,13,0,"[""fs.permissions.Permissions.__init__""]",<external_root>/testRepoSummaryOut/DevEval/System/fs/graph_results_all/PageRank-15-subgraph/task_11_rank.gml
System/fs,12,fs.wildcard.match,2,2,1.0,2,1.0,0.5,15,0,15,0,"[""fs.wildcard._PATTERN_CACHE"", ""fs.wildcard._translate""]",<external_root>/testRepoSummaryOut/DevEval/System/fs/graph_results_all/PageRank-15-subgraph/task_12_rank.gml
System/fs,13,fs._ftp_parse._parse_time,3,0,0.0,0,0.0,0.0,15,2,13,0,[],<external_root>/testRepoSummaryOut/DevEval/System/fs/graph_results_all/PageRank-15-subgraph/task_13_rank.gml
System/fs,14,fs._ftp_parse.parse,1,1,1.0,1,1.0,1.0,15,0,15,0,"[""fs._ftp_parse.parse_line""]",<external_root>/testRepoSummaryOut/DevEval/System/fs/graph_results_all/PageRank-15-subgraph/task_14_rank.gml
System/fs,15,fs.path.recursepath,2,2,1.0,2,1.0,1.0,15,0,15,0,"[""fs.path.abspath"", ""fs.path.normpath""]",<external_root>/testRepoSummaryOut/DevEval/System/fs/graph_results_all/PageRank-15-subgraph/task_15_rank.gml
System/fs,16,fs.path.normpath,2,0,0.0,0,0.0,0.0,15,0,15,0,[],<external_root>/testRepoSummaryOut/DevEval/System/fs/graph_results_all/PageRank-15-subgraph/task_16_rank.gml
System/fs,17,fs.path.relativefrom,1,1,1.0,1,1.0,1.0,15,0,15,0,"[""fs.path.iteratepath""]",<external_root>/testRepoSummaryOut/DevEval/System/fs/graph_results_all/PageRank-15-subgraph/task_17_rank.gml
System/fs,18,fs.path.iteratepath,2,2,1.0,2,1.0,1.0,15,0,15,0,"[""fs.path.normpath"", ""fs.path.relpath""]",<external_root>/testRepoSummaryOut/DevEval/System/fs/graph_results_all/PageRank-15-subgraph/task_18_rank.gml
System/fs,19,fs.wildcard.get_matcher,2,2,1.0,2,1.0,1.0,15,0,15,0,"[""fs.wildcard.imatch_any"", ""fs.wildcard.match_any""]",<external_root>/testRepoSummaryOut/DevEval/System/fs/graph_results_all/PageRank-15-subgraph/task_19_rank.gml
System/fs,20,fs.path.parts,1,1,1.0,1,1.0,1.0,15,0,15,0,"[""fs.path.normpath""]",<external_root>/testRepoSummaryOut/DevEval/System/fs/graph_results_all/PageRank-15-subgraph/task_20_rank.gml
System/fs,21,fs.info.Info.type,3,2,0.6666666666666666,2,0.6666666666666666,0.6666666666666666,15,1,14,0,"[""fs.info.Info._require_namespace"", ""fs.info.Info.get""]",<external_root>/testRepoSummaryOut/DevEval/System/fs/graph_results_all/PageRank-15-subgraph/task_21_rank.gml
System/fs,22,fs.path.iswildcard,1,0,0.0,0,0.0,0.0,15,1,14,0,[],<external_root>/testRepoSummaryOut/DevEval/System/fs/graph_results_all/PageRank-15-subgraph/task_22_rank.gml
System/fs,23,fs._url_tools.url_quote,2,1,0.5,1,0.5,0.5,15,0,15,0,"[""fs._url_tools._has_drive_letter""]",<external_root>/testRepoSummaryOut/DevEval/System/fs/graph_results_all/PageRank-15-subgraph/task_23_rank.gml
System/fs,24,fs.permissions.Permissions.parse,1,0,0.0,0,0.0,0.0,15,2,13,0,[],<external_root>/testRepoSummaryOut/DevEval/System/fs/graph_results_all/PageRank-15-subgraph/task_24_rank.gml
System/fs,25,fs.path.isbase,2,0,0.0,0,0.0,0.0,15,0,15,0,[],<external_root>/testRepoSummaryOut/DevEval/System/fs/graph_results_all/PageRank-15-subgraph/task_25_rank.gml
System/fs,26,fs.info.Info.suffixes,1,1,1.0,1,1.0,1.0,15,1,14,0,"[""fs.info.Info.get""]",<external_root>/testRepoSummaryOut/DevEval/System/fs/graph_results_all/PageRank-15-subgraph/task_26_rank.gml
System/fs,27,fs.path.join,2,2,1.0,2,1.0,1.0,15,0,15,0,"[""fs.path.abspath"", ""fs.path.normpath""]",<external_root>/testRepoSummaryOut/DevEval/System/fs/graph_results_all/PageRank-15-subgraph/task_27_rank.gml
System/fs,28,fs.time.epoch_to_datetime,2,0,0.0,0,0.0,0.0,15,2,13,0,[],<external_root>/testRepoSummaryOut/DevEval/System/fs/graph_results_all/PageRank-15-subgraph/task_28_rank.gml
System/fs,29,fs.path.splitext,2,0,0.0,0,0.0,0.0,15,0,15,0,[],<external_root>/testRepoSummaryOut/DevEval/System/fs/graph_results_all/PageRank-15-subgraph/task_29_rank.gml
System/fs,30,fs.info.Info.suffix,1,1,1.0,1,1.0,1.0,15,1,14,0,"[""fs.info.Info.get""]",<external_root>/testRepoSummaryOut/DevEval/System/fs/graph_results_all/PageRank-15-subgraph/task_30_rank.gml
System/fs,31,fs.info.Info.created,3,3,1.0,3,1.0,1.0,15,1,14,0,"[""fs.info.Info._make_datetime"", ""fs.info.Info._require_namespace"", ""fs.info.Info.get""]",<external_root>/testRepoSummaryOut/DevEval/System/fs/graph_results_all/PageRank-15-subgraph/task_31_rank.gml
System/mrjob,1,mrjob.job.MRJob.mr_job_script,0,0,,0,,,15,1,14,0,[],<external_root>/testRepoSummaryOut/DevEval/System/mrjob/graph_results_all/PageRank-15-subgraph/task_1_rank.gml
System/mrjob,2,mrjob.compat.map_version,0,0,,0,,,15,2,13,0,[],<external_root>/testRepoSummaryOut/DevEval/System/mrjob/graph_results_all/PageRank-15-subgraph/task_2_rank.gml
System/mrjob,3,mrjob.conf.combine_values,0,0,,0,,,15,2,13,0,[],<external_root>/testRepoSummaryOut/DevEval/System/mrjob/graph_results_all/PageRank-15-subgraph/task_3_rank.gml
System/mrjob,4,mrjob.protocol.BytesProtocol.read,0,0,,0,,,15,3,12,0,[],<external_root>/testRepoSummaryOut/DevEval/System/mrjob/graph_results_all/PageRank-15-subgraph/task_4_rank.gml
System/mrjob,5,mrjob.protocol.TextProtocol.write,0,0,,0,,,9,4,5,0,[],<external_root>/testRepoSummaryOut/DevEval/System/mrjob/graph_results_all/PageRank-15-subgraph/task_5_rank.gml
System/mrjob,6,mrjob.protocol.TextProtocol.read,0,0,,0,,,15,5,10,0,[],<external_root>/testRepoSummaryOut/DevEval/System/mrjob/graph_results_all/PageRank-15-subgraph/task_6_rank.gml
System/mrjob,7,mrjob.protocol.TextValueProtocol.read,0,0,,0,,,15,6,9,0,[],<external_root>/testRepoSummaryOut/DevEval/System/mrjob/graph_results_all/PageRank-15-subgraph/task_7_rank.gml
System/mrjob,8,mrjob.util.file_ext,0,0,,0,,,15,3,12,0,[],<external_root>/testRepoSummaryOut/DevEval/System/mrjob/graph_results_all/PageRank-15-subgraph/task_8_rank.gml
System/mrjob,9,mrjob.util.cmd_line,0,0,,0,,,15,1,14,0,[],<external_root>/testRepoSummaryOut/DevEval/System/mrjob/graph_results_all/PageRank-15-subgraph/task_9_rank.gml
System/mrjob,10,mrjob.util.save_cwd,0,0,,0,,,15,0,15,0,[],<external_root>/testRepoSummaryOut/DevEval/System/mrjob/graph_results_all/PageRank-15-subgraph/task_10_rank.gml
System/mrjob,11,mrjob.util.save_sys_std,0,0,,0,,,15,0,15,0,[],<external_root>/testRepoSummaryOut/DevEval/System/mrjob/graph_results_all/PageRank-15-subgraph/task_11_rank.gml
System/mrjob,12,mrjob.util.unarchive,0,0,,0,,,15,1,14,0,[],<external_root>/testRepoSummaryOut/DevEval/System/mrjob/graph_results_all/PageRank-15-subgraph/task_12_rank.gml
System/mrjob,13,mrjob.util.unique,0,0,,0,,,15,1,14,0,[],<external_root>/testRepoSummaryOut/DevEval/System/mrjob/graph_results_all/PageRank-15-subgraph/task_13_rank.gml
System/mrjob,14,mrjob.parse.urlparse,0,0,,0,,,15,0,15,0,[],<external_root>/testRepoSummaryOut/DevEval/System/mrjob/graph_results_all/PageRank-15-subgraph/task_14_rank.gml
System/mrjob,15,mrjob.util.which,0,0,,0,,,15,0,15,0,[],<external_root>/testRepoSummaryOut/DevEval/System/mrjob/graph_results_all/PageRank-15-subgraph/task_15_rank.gml
System/mrjob,16,mrjob.job.MRJob.set_status,1,1,1.0,1,1.0,1.0,15,1,14,0,"[""mrjob.job.MRJob.stderr""]",<external_root>/testRepoSummaryOut/DevEval/System/mrjob/graph_results_all/PageRank-15-subgraph/task_16_rank.gml
System/mrjob,17,mrjob.hadoop.HadoopJobRunner._stream_history_log_dirs,6,6,1.0,6,1.0,0.8333333333333334,15,0,15,0,"[""mrjob.hadoop.HadoopJobRunner._hadoop_log_dirs"", ""mrjob.hadoop.HadoopJobRunner.fs"", ""mrjob.hadoop.log"", ""mrjob.logs.mixin.LogInterpretationMixin._read_logs"", ""mrjob.logs.wrap._logs_exist"", ""mrjob.util.unique""]",<external_root>/testRepoSummaryOut/DevEval/System/mrjob/graph_results_all/PageRank-15-subgraph/task_17_rank.gml
System/mrjob,18,mrjob.hadoop.HadoopJobRunner._find_binaries_and_jars,5,1,0.2,1,0.2,0.2,15,1,14,0,"[""mrjob.hadoop.HadoopJobRunner.get_hadoop_streaming_jar""]",<external_root>/testRepoSummaryOut/DevEval/System/mrjob/graph_results_all/PageRank-15-subgraph/task_18_rank.gml
System/mrjob,19,mrjob.job.MRJob.add_passthru_arg,2,2,1.0,2,1.0,0.0,15,1,14,0,"[""mrjob.job.MRJob._passthru_arg_dests"", ""mrjob.job.MRJob.arg_parser""]",<external_root>/testRepoSummaryOut/DevEval/System/mrjob/graph_results_all/PageRank-15-subgraph/task_19_rank.gml
System/mrjob,20,mrjob.logs.history._parse_pre_yarn_history_records,3,0,0.0,0,0.0,0.0,15,3,12,0,[],<external_root>/testRepoSummaryOut/DevEval/System/mrjob/graph_results_all/PageRank-15-subgraph/task_20_rank.gml
System/mrjob,21,mrjob.fs.composite.CompositeFilesystem.add_fs,2,2,1.0,2,1.0,0.0,13,3,10,0,"[""mrjob.fs.composite.CompositeFilesystem._disable_if"", ""mrjob.fs.composite.CompositeFilesystem._fs_names""]",<external_root>/testRepoSummaryOut/DevEval/System/mrjob/graph_results_all/PageRank-15-subgraph/task_21_rank.gml
System/mrjob,22,mrjob.job.MRJob.run_combiner,2,2,1.0,2,1.0,1.0,15,1,14,0,"[""mrjob.job.MRJob._wrap_protocols"", ""mrjob.job.MRJob.combine_pairs""]",<external_root>/testRepoSummaryOut/DevEval/System/mrjob/graph_results_all/PageRank-15-subgraph/task_22_rank.gml
System/mrjob,23,mrjob.logs.task._parse_task_syslog,2,2,1.0,2,1.0,1.0,15,0,15,0,"[""mrjob.logs.log4j._parse_hadoop_log4j_records"", ""mrjob.logs.task._parse_task_syslog_records""]",<external_root>/testRepoSummaryOut/DevEval/System/mrjob/graph_results_all/PageRank-15-subgraph/task_23_rank.gml
System/mrjob,24,mrjob.fs.hadoop.HadoopFilesystem.mkdir,4,3,0.75,3,0.75,0.75,15,1,14,0,"[""mrjob.compat.uses_yarn"", ""mrjob.fs.hadoop.HadoopFilesystem.get_hadoop_version"", ""mrjob.fs.hadoop.HadoopFilesystem.invoke_hadoop""]",<external_root>/testRepoSummaryOut/DevEval/System/mrjob/graph_results_all/PageRank-15-subgraph/task_24_rank.gml
System/mrjob,25,mrjob.job.MRJob.steps,4,2,0.5,1,0.25,0.25,15,1,14,0,"[""mrjob.job.MRJob.spark_args""]",<external_root>/testRepoSummaryOut/DevEval/System/mrjob/graph_results_all/PageRank-15-subgraph/task_25_rank.gml
System/mrjob,26,mrjob.job.MRJob.run_mapper,2,1,0.5,1,0.5,0.5,15,1,14,0,"[""mrjob.job.MRJob._wrap_protocols""]",<external_root>/testRepoSummaryOut/DevEval/System/mrjob/graph_results_all/PageRank-15-subgraph/task_26_rank.gml
System/mrjob,27,mrjob.conf.load_opts_from_mrjob_confs,2,2,1.0,2,1.0,0.5,15,0,15,0,"[""mrjob.conf.load_opts_from_mrjob_conf"", ""mrjob.conf.log""]",<external_root>/testRepoSummaryOut/DevEval/System/mrjob/graph_results_all/PageRank-15-subgraph/task_27_rank.gml
System/mrjob,28,mrjob.conf.combine_lists,1,1,1.0,1,1.0,0.0,15,0,15,0,"[""mrjob.py2.string_types""]",<external_root>/testRepoSummaryOut/DevEval/System/mrjob/graph_results_all/PageRank-15-subgraph/task_28_rank.gml
System/mrjob,29,mrjob.conf.combine_dicts,2,0,0.0,0,0.0,0.0,15,1,14,0,[],<external_root>/testRepoSummaryOut/DevEval/System/mrjob/graph_results_all/PageRank-15-subgraph/task_29_rank.gml
System/mrjob,30,mrjob.setup.WorkingDirManager.name_to_path,4,2,0.5,2,0.5,0.0,15,1,14,0,"[""mrjob.setup.WorkingDirManager._name_to_typed_path"", ""mrjob.setup.WorkingDirManager._typed_path_to_auto_name""]",<external_root>/testRepoSummaryOut/DevEval/System/mrjob/graph_results_all/PageRank-15-subgraph/task_30_rank.gml
System/mrjob,31,mrjob.logs.ids._sort_for_spark,3,1,0.3333333333333333,1,0.3333333333333333,0.3333333333333333,15,0,15,0,"[""mrjob.logs.ids._step_sort_key""]",<external_root>/testRepoSummaryOut/DevEval/System/mrjob/graph_results_all/PageRank-15-subgraph/task_31_rank.gml
System/mrjob,32,mrjob.compat.jobconf_from_env,1,1,1.0,1,1.0,0.0,15,0,15,0,"[""mrjob.compat._JOBCONF_MAP""]",<external_root>/testRepoSummaryOut/DevEval/System/mrjob/graph_results_all/PageRank-15-subgraph/task_32_rank.gml
System/mrjob,33,mrjob.fs.hadoop.HadoopFilesystem.du,1,1,1.0,1,1.0,1.0,15,5,10,0,"[""mrjob.fs.hadoop.HadoopFilesystem.invoke_hadoop""]",<external_root>/testRepoSummaryOut/DevEval/System/mrjob/graph_results_all/PageRank-15-subgraph/task_33_rank.gml
System/mrjob,34,mrjob.step.MRStep.description,7,4,0.5714285714285714,4,0.5714285714285714,0.42857142857142855,15,1,14,0,"[""mrjob.step.MRStep._steps"", ""mrjob.step.MRStep.render_combiner"", ""mrjob.step.MRStep.render_mapper"", ""mrjob.step.MRStep.render_reducer""]",<external_root>/testRepoSummaryOut/DevEval/System/mrjob/graph_results_all/PageRank-15-subgraph/task_34_rank.gml
System/mrjob,35,mrjob.fs.ssh.SSHFilesystem._cat_file,4,4,1.0,4,1.0,0.75,15,1,14,0,"[""mrjob.cat.decompress"", ""mrjob.fs.ssh.SSHFilesystem._ssh_finish_run"", ""mrjob.fs.ssh.SSHFilesystem._ssh_launch"", ""mrjob.fs.ssh._SSH_URI_RE""]",<external_root>/testRepoSummaryOut/DevEval/System/mrjob/graph_results_all/PageRank-15-subgraph/task_35_rank.gml
System/mrjob,36,mrjob.fs.local.LocalFilesystem.exists,1,1,1.0,1,1.0,1.0,15,1,14,0,"[""mrjob.fs.local._from_file_uri""]",<external_root>/testRepoSummaryOut/DevEval/System/mrjob/graph_results_all/PageRank-15-subgraph/task_36_rank.gml
System/mrjob,37,mrjob.job.MRJob.increment_counter,3,1,0.3333333333333333,1,0.3333333333333333,0.3333333333333333,15,1,14,0,"[""mrjob.job.MRJob.stderr""]",<external_root>/testRepoSummaryOut/DevEval/System/mrjob/graph_results_all/PageRank-15-subgraph/task_37_rank.gml
System/mrjob,38,mrjob.compat.uses_yarn,1,0,0.0,0,0.0,0.0,15,1,14,0,[],<external_root>/testRepoSummaryOut/DevEval/System/mrjob/graph_results_all/PageRank-15-subgraph/task_38_rank.gml
System/mrjob,39,mrjob.compat.jobconf_from_dict,1,0,0.0,0,0.0,0.0,15,2,13,0,[],<external_root>/testRepoSummaryOut/DevEval/System/mrjob/graph_results_all/PageRank-15-subgraph/task_39_rank.gml
System/mrjob,40,mrjob.logs.errors._merge_and_sort_errors,1,1,1.0,1,1.0,1.0,15,0,15,0,"[""mrjob.logs.ids._time_sort_key""]",<external_root>/testRepoSummaryOut/DevEval/System/mrjob/graph_results_all/PageRank-15-subgraph/task_40_rank.gml
System/mrjob,41,mrjob.step.StepFailedException.__repr__,1,0,0.0,0,0.0,0.0,15,3,12,0,[],<external_root>/testRepoSummaryOut/DevEval/System/mrjob/graph_results_all/PageRank-15-subgraph/task_41_rank.gml
System/mrjob,42,mrjob.conf.combine_path_lists,2,2,1.0,2,1.0,1.0,15,0,15,0,"[""mrjob.conf.combine_lists"", ""mrjob.util.expand_path""]",<external_root>/testRepoSummaryOut/DevEval/System/mrjob/graph_results_all/PageRank-15-subgraph/task_42_rank.gml
System/mrjob,43,mrjob.fs.ssh.SSHFilesystem.ls,4,3,0.75,3,0.75,0.5,15,1,14,0,"[""mrjob.fs.ssh.SSHFilesystem._ssh_finish_run"", ""mrjob.fs.ssh.SSHFilesystem._ssh_launch"", ""mrjob.fs.ssh._SSH_URI_RE""]",<external_root>/testRepoSummaryOut/DevEval/System/mrjob/graph_results_all/PageRank-15-subgraph/task_43_rank.gml
System/mrjob,44,mrjob.conf.dump_mrjob_conf,1,1,1.0,1,1.0,1.0,15,0,15,0,"[""mrjob.conf._dump_yaml_with_clear_tags""]",<external_root>/testRepoSummaryOut/DevEval/System/mrjob/graph_results_all/PageRank-15-subgraph/task_44_rank.gml
System/mrjob,45,mrjob.compat.translate_jobconf_dict,3,3,1.0,3,1.0,0.6666666666666666,15,1,14,0,"[""mrjob.compat.log"", ""mrjob.compat.translate_jobconf"", ""mrjob.compat.translate_jobconf_for_all_versions""]",<external_root>/testRepoSummaryOut/DevEval/System/mrjob/graph_results_all/PageRank-15-subgraph/task_45_rank.gml
System/mrjob,46,mrjob.hadoop.HadoopJobRunner._args_for_streaming_step,3,3,1.0,3,1.0,1.0,15,1,14,0,"[""mrjob.bin.MRJobBinRunner._hadoop_streaming_jar_args"", ""mrjob.hadoop.HadoopJobRunner.get_hadoop_bin"", ""mrjob.hadoop.HadoopJobRunner.get_hadoop_streaming_jar""]",<external_root>/testRepoSummaryOut/DevEval/System/mrjob/graph_results_all/PageRank-15-subgraph/task_46_rank.gml
System/mrjob,47,mrjob.logs.task._match_task_log_path,3,0,0.0,0,0.0,0.0,15,0,15,0,[],<external_root>/testRepoSummaryOut/DevEval/System/mrjob/graph_results_all/PageRank-15-subgraph/task_47_rank.gml
System/mrjob,48,mrjob.job.MRJob.execute,6,5,0.8333333333333334,5,0.8333333333333334,0.6666666666666666,15,1,14,0,"[""mrjob.job.MRJob.options"", ""mrjob.job.MRJob.run_combiner"", ""mrjob.job.MRJob.run_mapper"", ""mrjob.job.MRJob.run_reducer"", ""mrjob.job.MRJob.run_spark""]",<external_root>/testRepoSummaryOut/DevEval/System/mrjob/graph_results_all/PageRank-15-subgraph/task_48_rank.gml
System/mrjob,49,mrjob.job.MRJob.run_job,8,3,0.375,3,0.375,0.125,15,5,10,0,"[""mrjob.job.MRJob._should_cat_output"", ""mrjob.job.MRJob.options"", ""mrjob.job.log""]",<external_root>/testRepoSummaryOut/DevEval/System/mrjob/graph_results_all/PageRank-15-subgraph/task_49_rank.gml
System/mrjob,50,mrjob.parse.parse_s3_uri,4,2,0.5,2,0.5,0.0,15,1,14,0,"[""mrjob.parse.urlparse.netloc"", ""mrjob.parse.urlparse.path""]",<external_root>/testRepoSummaryOut/DevEval/System/mrjob/graph_results_all/PageRank-15-subgraph/task_50_rank.gml
System/mrjob,51,mrjob.examples.mr_text_classifier.parse_doc_filename,1,0,0.0,0,0.0,0.0,15,3,12,0,[],<external_root>/testRepoSummaryOut/DevEval/System/mrjob/graph_results_all/PageRank-15-subgraph/task_51_rank.gml
System/mrjob,52,mrjob.logs.step._parse_step_syslog,2,2,1.0,2,1.0,1.0,15,0,15,0,"[""mrjob.logs.log4j._parse_hadoop_log4j_records"", ""mrjob.logs.step._parse_step_syslog_from_log4j_records""]",<external_root>/testRepoSummaryOut/DevEval/System/mrjob/graph_results_all/PageRank-15-subgraph/task_52_rank.gml
System/mrjob,53,mrjob.util.safeeval,1,0,0.0,0,0.0,0.0,15,2,13,0,[],<external_root>/testRepoSummaryOut/DevEval/System/mrjob/graph_results_all/PageRank-15-subgraph/task_53_rank.gml
System/mrjob,54,mrjob.fs.base.Filesystem.cat,2,2,1.0,2,1.0,1.0,15,1,14,0,"[""mrjob.fs.base.Filesystem._cat_file"", ""mrjob.fs.base.Filesystem.ls""]",<external_root>/testRepoSummaryOut/DevEval/System/mrjob/graph_results_all/PageRank-15-subgraph/task_54_rank.gml
System/mrjob,55,mrjob.step.StepFailedException.__str__,5,5,1.0,5,1.0,0.0,10,4,6,0,"[""mrjob.step.StepFailedException.last_step_num"", ""mrjob.step.StepFailedException.num_steps"", ""mrjob.step.StepFailedException.reason"", ""mrjob.step.StepFailedException.step_desc"", ""mrjob.step.StepFailedException.step_num""]",<external_root>/testRepoSummaryOut/DevEval/System/mrjob/graph_results_all/PageRank-15-subgraph/task_55_rank.gml
System/mrjob,56,mrjob.logs.history._parse_pre_yarn_history_log,3,3,1.0,3,1.0,1.0,15,0,15,0,"[""mrjob.logs.counters._sum_counters"", ""mrjob.logs.history._parse_pre_yarn_counters"", ""mrjob.logs.history._parse_pre_yarn_history_records""]",<external_root>/testRepoSummaryOut/DevEval/System/mrjob/graph_results_all/PageRank-15-subgraph/task_56_rank.gml
System/mrjob,57,mrjob.fs.local.LocalFilesystem.put,1,1,1.0,1,1.0,1.0,15,0,15,0,"[""mrjob.fs.local._from_file_uri""]",<external_root>/testRepoSummaryOut/DevEval/System/mrjob/graph_results_all/PageRank-15-subgraph/task_57_rank.gml
System/mrjob,58,mrjob.protocol._KeyCachingProtocol.read,3,1,0.3333333333333333,1,0.3333333333333333,0.3333333333333333,15,5,10,0,"[""mrjob.protocol._KeyCachingProtocol._loads""]",<external_root>/testRepoSummaryOut/DevEval/System/mrjob/graph_results_all/PageRank-15-subgraph/task_58_rank.gml
System/mrjob,59,mrjob.bin.MRJobBinRunner._task_python_bin,2,2,1.0,2,1.0,0.5,15,1,14,0,"[""mrjob.bin.MRJobBinRunner._python_bin"", ""mrjob.runner.MRJobRunner._opts""]",<external_root>/testRepoSummaryOut/DevEval/System/mrjob/graph_results_all/PageRank-15-subgraph/task_59_rank.gml
System/mrjob,60,mrjob.job.MRJob.is_task,1,1,1.0,1,1.0,0.0,15,1,14,0,"[""mrjob.job.MRJob.options""]",<external_root>/testRepoSummaryOut/DevEval/System/mrjob/graph_results_all/PageRank-15-subgraph/task_60_rank.gml
System/mrjob,61,mrjob.hadoop.HadoopJobRunner.fs,5,0,0.0,0,0.0,0.0,15,1,14,0,[],<external_root>/testRepoSummaryOut/DevEval/System/mrjob/graph_results_all/PageRank-15-subgraph/task_61_rank.gml
System/mrjob,62,mrjob.conf.combine_opts,3,1,0.3333333333333333,1,0.3333333333333333,0.3333333333333333,15,1,14,0,"[""mrjob.conf._resolve_clear_tags_in_list""]",<external_root>/testRepoSummaryOut/DevEval/System/mrjob/graph_results_all/PageRank-15-subgraph/task_62_rank.gml
System/mrjob,63,mrjob.fs.local.LocalFilesystem.md5sum,2,2,1.0,2,1.0,1.0,15,1,14,0,"[""mrjob.fs.local.LocalFilesystem._md5sum_file"", ""mrjob.fs.local._from_file_uri""]",<external_root>/testRepoSummaryOut/DevEval/System/mrjob/graph_results_all/PageRank-15-subgraph/task_63_rank.gml
System/mrjob,64,mrjob.fs.local.LocalFilesystem.ls,1,1,1.0,1,1.0,1.0,15,1,14,0,"[""mrjob.fs.local._from_file_uri""]",<external_root>/testRepoSummaryOut/DevEval/System/mrjob/graph_results_all/PageRank-15-subgraph/task_64_rank.gml
System/mrjob,65,mrjob.job.MRJob._runner_kwargs,7,3,0.42857142857142855,3,0.42857142857142855,0.2857142857142857,15,1,14,0,"[""mrjob.job.MRJob._kwargs_from_switches"", ""mrjob.job.MRJob._runner_class"", ""mrjob.options._RUNNER_OPTS""]",<external_root>/testRepoSummaryOut/DevEval/System/mrjob/graph_results_all/PageRank-15-subgraph/task_65_rank.gml
System/mrjob,66,mrjob.job.MRJob.set_up_logging,2,2,1.0,2,1.0,1.0,12,5,7,0,"[""mrjob.util.log_to_null"", ""mrjob.util.log_to_stream""]",<external_root>/testRepoSummaryOut/DevEval/System/mrjob/graph_results_all/PageRank-15-subgraph/task_66_rank.gml
System/mrjob,67,mrjob.local.LocalMRJobRunner._spark_master,3,1,0.3333333333333333,1,0.3333333333333333,0.3333333333333333,15,3,12,0,"[""mrjob.local._to_num_bytes""]",<external_root>/testRepoSummaryOut/DevEval/System/mrjob/graph_results_all/PageRank-15-subgraph/task_67_rank.gml
System/mrjob,68,mrjob.parse.is_s3_uri,1,1,1.0,1,1.0,1.0,15,0,15,0,"[""mrjob.parse.parse_s3_uri""]",<external_root>/testRepoSummaryOut/DevEval/System/mrjob/graph_results_all/PageRank-15-subgraph/task_68_rank.gml
System/mrjob,69,mrjob.step._Step.description,2,0,0.0,0,0.0,0.0,11,2,9,0,[],<external_root>/testRepoSummaryOut/DevEval/System/mrjob/graph_results_all/PageRank-15-subgraph/task_69_rank.gml
System/mrjob,70,mrjob.conf.combine_cmds,3,2,0.6666666666666666,2,0.6666666666666666,0.6666666666666666,15,1,14,0,"[""mrjob.conf.combine_values"", ""mrjob.util.shlex_split""]",<external_root>/testRepoSummaryOut/DevEval/System/mrjob/graph_results_all/PageRank-15-subgraph/task_70_rank.gml
System/mrjob,71,mrjob.job.MRJob.parse_output,3,1,0.3333333333333333,1,0.3333333333333333,0.3333333333333333,15,1,14,0,"[""mrjob.util.to_lines""]",<external_root>/testRepoSummaryOut/DevEval/System/mrjob/graph_results_all/PageRank-15-subgraph/task_71_rank.gml
System/mrjob,72,mrjob.fs.local.LocalFilesystem.du,2,2,1.0,2,1.0,1.0,15,1,14,0,"[""mrjob.fs.local.LocalFilesystem.ls"", ""mrjob.fs.local._from_file_uri""]",<external_root>/testRepoSummaryOut/DevEval/System/mrjob/graph_results_all/PageRank-15-subgraph/task_72_rank.gml
System/mrjob,73,mrjob.setup.UploadDirManager.uri,3,1,0.3333333333333333,1,0.3333333333333333,0.3333333333333333,15,0,15,0,"[""mrjob.parse.is_uri""]",<external_root>/testRepoSummaryOut/DevEval/System/mrjob/graph_results_all/PageRank-15-subgraph/task_73_rank.gml
System/mrjob,74,mrjob.fs.hadoop.HadoopFilesystem.touchz,1,1,1.0,1,1.0,1.0,15,4,11,0,"[""mrjob.fs.hadoop.HadoopFilesystem.invoke_hadoop""]",<external_root>/testRepoSummaryOut/DevEval/System/mrjob/graph_results_all/PageRank-15-subgraph/task_74_rank.gml
System/mrjob,75,mrjob.conf.load_opts_from_mrjob_conf,2,2,1.0,2,1.0,1.0,15,0,15,0,"[""mrjob.conf._expanded_mrjob_conf_path"", ""mrjob.conf._load_opts_from_mrjob_conf""]",<external_root>/testRepoSummaryOut/DevEval/System/mrjob/graph_results_all/PageRank-15-subgraph/task_75_rank.gml
System/mrjob,76,mrjob.fs.local.LocalFilesystem._cat_file,2,1,0.5,1,0.5,0.5,15,0,15,0,"[""mrjob.cat.decompress""]",<external_root>/testRepoSummaryOut/DevEval/System/mrjob/graph_results_all/PageRank-15-subgraph/task_76_rank.gml
System/mrjob,77,mrjob.fs.local.LocalFilesystem.touchz,1,0,0.0,0,0.0,0.0,15,4,11,0,[],<external_root>/testRepoSummaryOut/DevEval/System/mrjob/graph_results_all/PageRank-15-subgraph/task_77_rank.gml
System/mrjob,78,mrjob.compat.translate_jobconf_for_all_versions,1,1,1.0,1,1.0,0.0,15,1,14,0,"[""mrjob.compat._JOBCONF_MAP""]",<external_root>/testRepoSummaryOut/DevEval/System/mrjob/graph_results_all/PageRank-15-subgraph/task_78_rank.gml
System/mrjob,79,mrjob.util.to_lines,1,1,1.0,1,1.0,1.0,15,2,13,0,"[""mrjob.util._to_lines""]",<external_root>/testRepoSummaryOut/DevEval/System/mrjob/graph_results_all/PageRank-15-subgraph/task_79_rank.gml
System/mrjob,80,mrjob.logs.spark._parse_spark_log,1,1,1.0,1,1.0,1.0,15,0,15,0,"[""mrjob.logs.spark._parse_spark_log_from_log4j_records""]",<external_root>/testRepoSummaryOut/DevEval/System/mrjob/graph_results_all/PageRank-15-subgraph/task_80_rank.gml
System/mrjob,81,mrjob.setup.UploadDirManager.path_to_uri,2,0,0.0,0,0.0,0.0,15,1,14,0,[],<external_root>/testRepoSummaryOut/DevEval/System/mrjob/graph_results_all/PageRank-15-subgraph/task_81_rank.gml
System/mrjob,82,mrjob.parse.parse_mr_job_stderr,3,0,0.0,0,0.0,0.0,15,2,13,0,[],<external_root>/testRepoSummaryOut/DevEval/System/mrjob/graph_results_all/PageRank-15-subgraph/task_82_rank.gml
System/mrjob,83,mrjob.fs.base.Filesystem.join,2,2,1.0,2,1.0,1.0,15,0,15,0,"[""mrjob.parse.is_uri"", ""mrjob.parse.urlparse""]",<external_root>/testRepoSummaryOut/DevEval/System/mrjob/graph_results_all/PageRank-15-subgraph/task_83_rank.gml
System/mrjob,84,mrjob.setup.WorkingDirManager.paths,2,0,0.0,0,0.0,0.0,15,0,15,0,[],<external_root>/testRepoSummaryOut/DevEval/System/mrjob/graph_results_all/PageRank-15-subgraph/task_84_rank.gml
System/mrjob,85,mrjob.fs.hadoop.HadoopFilesystem.exists,2,0,0.0,0,0.0,0.0,14,4,10,0,[],<external_root>/testRepoSummaryOut/DevEval/System/mrjob/graph_results_all/PageRank-15-subgraph/task_85_rank.gml
System/mrjob,86,mrjob.hadoop.HadoopJobRunner._find_hadoop_streaming_jar,6,2,0.3333333333333333,2,0.3333333333333333,0.16666666666666666,15,1,14,0,"[""mrjob.hadoop.HadoopJobRunner._hadoop_streaming_jar_dirs"", ""mrjob.hadoop.log""]",<external_root>/testRepoSummaryOut/DevEval/System/mrjob/graph_results_all/PageRank-15-subgraph/task_86_rank.gml
System/mrjob,87,mrjob.fs.hadoop.HadoopFilesystem.rm,7,5,0.7142857142857143,5,0.7142857142857143,0.7142857142857143,15,1,14,0,"[""mrjob.compat.uses_yarn"", ""mrjob.fs.base.Filesystem.rm"", ""mrjob.fs.hadoop.HadoopFilesystem.get_hadoop_version"", ""mrjob.fs.hadoop.HadoopFilesystem.invoke_hadoop"", ""mrjob.parse.is_uri""]",<external_root>/testRepoSummaryOut/DevEval/System/mrjob/graph_results_all/PageRank-15-subgraph/task_87_rank.gml
System/mrjob,88,mrjob.conf._fix_clear_tags,4,1,0.25,1,0.25,0.25,15,0,15,0,"[""mrjob.conf._strip_clear_tag""]",<external_root>/testRepoSummaryOut/DevEval/System/mrjob/graph_results_all/PageRank-15-subgraph/task_88_rank.gml
System/mrjob,89,mrjob.bin.MRJobBinRunner.get_spark_submit_bin,2,2,1.0,2,1.0,0.5,15,1,14,0,"[""mrjob.bin.MRJobBinRunner._find_spark_submit_bin"", ""mrjob.bin.MRJobBinRunner._spark_submit_bin""]",<external_root>/testRepoSummaryOut/DevEval/System/mrjob/graph_results_all/PageRank-15-subgraph/task_89_rank.gml
System/mrjob,90,mrjob.conf.combine_jobconfs,2,1,0.5,1,0.5,0.5,14,1,13,0,"[""mrjob.conf._to_java_str""]",<external_root>/testRepoSummaryOut/DevEval/System/mrjob/graph_results_all/PageRank-15-subgraph/task_90_rank.gml
System/mrjob,91,mrjob.parse._parse_progress_from_resource_manager,1,0,0.0,0,0.0,0.0,15,1,14,0,[],<external_root>/testRepoSummaryOut/DevEval/System/mrjob/graph_results_all/PageRank-15-subgraph/task_91_rank.gml
System/mrjob,92,mrjob.fs.local.LocalFilesystem.rm,2,1,0.5,1,0.5,0.5,15,1,14,0,"[""mrjob.fs.local._from_file_uri""]",<external_root>/testRepoSummaryOut/DevEval/System/mrjob/graph_results_all/PageRank-15-subgraph/task_92_rank.gml
System/mrjob,93,mrjob.logs.mixin.LogInterpretationMixin._pick_error,8,6,0.75,6,0.75,0.625,15,1,14,0,"[""mrjob.logs.mixin.LogInterpretationMixin._interpret_history_log"", ""mrjob.logs.mixin.LogInterpretationMixin._interpret_step_logs"", ""mrjob.logs.mixin.LogInterpretationMixin._interpret_task_logs"", ""mrjob.logs.mixin.LogInterpretationMixin._logs_needed_to_pick_error"", ""mrjob.logs.mixin.LogInterpretationMixin._read_logs"", ""mrjob.logs.mixin.log""]",<external_root>/testRepoSummaryOut/DevEval/System/mrjob/graph_results_all/PageRank-15-subgraph/task_93_rank.gml
System/mrjob,94,mrjob.fs.hadoop.HadoopFilesystem.get_hadoop_bin,2,1,0.5,1,0.5,0.5,15,1,14,0,"[""mrjob.fs.hadoop.HadoopFilesystem._find_hadoop_bin""]",<external_root>/testRepoSummaryOut/DevEval/System/mrjob/graph_results_all/PageRank-15-subgraph/task_94_rank.gml
System/mrjob,95,mrjob.fs.local.LocalFilesystem.mkdir,1,1,1.0,1,1.0,1.0,15,2,13,0,"[""mrjob.fs.local._from_file_uri""]",<external_root>/testRepoSummaryOut/DevEval/System/mrjob/graph_results_all/PageRank-15-subgraph/task_95_rank.gml
System/mrjob,96,mrjob.compat.translate_jobconf,2,1,0.5,1,0.5,0.0,15,1,14,0,"[""mrjob.compat._JOBCONF_MAP""]",<external_root>/testRepoSummaryOut/DevEval/System/mrjob/graph_results_all/PageRank-15-subgraph/task_96_rank.gml
System/mrjob,97,mrjob.parse.to_uri,1,1,1.0,1,1.0,1.0,15,0,15,0,"[""mrjob.parse.is_uri""]",<external_root>/testRepoSummaryOut/DevEval/System/mrjob/graph_results_all/PageRank-15-subgraph/task_97_rank.gml
System/mrjob,98,mrjob.py2.to_unicode,1,1,1.0,1,1.0,0.0,15,1,14,0,"[""mrjob.py2.string_types""]",<external_root>/testRepoSummaryOut/DevEval/System/mrjob/graph_results_all/PageRank-15-subgraph/task_98_rank.gml
System/mrjob,99,mrjob.job.MRJob.sandbox,3,0,0.0,0,0.0,0.0,12,6,6,0,[],<external_root>/testRepoSummaryOut/DevEval/System/mrjob/graph_results_all/PageRank-15-subgraph/task_99_rank.gml
System/mrjob,100,mrjob.runner.MRJobRunner._bootstrap_mrjob,1,1,1.0,1,1.0,0.0,15,1,14,0,"[""mrjob.runner.MRJobRunner._opts""]",<external_root>/testRepoSummaryOut/DevEval/System/mrjob/graph_results_all/PageRank-15-subgraph/task_100_rank.gml
System/mrjob,101,mrjob.hadoop.HadoopJobRunner._stream_task_log_dirs,7,6,0.8571428571428571,6,0.8571428571428571,0.7142857142857143,15,0,15,0,"[""mrjob.hadoop.HadoopJobRunner._hadoop_log_dirs"", ""mrjob.hadoop.HadoopJobRunner.fs"", ""mrjob.hadoop.log"", ""mrjob.logs.mixin.LogInterpretationMixin._read_logs"", ""mrjob.logs.wrap._logs_exist"", ""mrjob.util.unique""]",<external_root>/testRepoSummaryOut/DevEval/System/mrjob/graph_results_all/PageRank-15-subgraph/task_101_rank.gml
System/mrjob,102,mrjob.setup.UploadDirManager.add,5,2,0.4,2,0.4,0.4,15,0,15,0,"[""mrjob.parse.is_uri"", ""mrjob.setup.name_uniquely""]",<external_root>/testRepoSummaryOut/DevEval/System/mrjob/graph_results_all/PageRank-15-subgraph/task_102_rank.gml
System/mrjob,103,mrjob.logs.history._match_history_log_path,1,0,0.0,0,0.0,0.0,15,0,15,0,[],<external_root>/testRepoSummaryOut/DevEval/System/mrjob/graph_results_all/PageRank-15-subgraph/task_103_rank.gml
System/mrjob,104,mrjob.parse._parse_progress_from_job_tracker,1,0,0.0,0,0.0,0.0,15,1,14,0,[],<external_root>/testRepoSummaryOut/DevEval/System/mrjob/graph_results_all/PageRank-15-subgraph/task_104_rank.gml
System/mrjob,105,mrjob.hadoop.fully_qualify_hdfs_path,1,1,1.0,1,1.0,1.0,15,0,15,0,"[""mrjob.parse.is_uri""]",<external_root>/testRepoSummaryOut/DevEval/System/mrjob/graph_results_all/PageRank-15-subgraph/task_105_rank.gml
System/prometheus-client,1,prometheus_client.mmap_dict.MmapedDict.read_value,4,4,1.0,4,1.0,0.25,15,1,14,0,"[""prometheus_client.mmap_dict.MmapedDict._init_value"", ""prometheus_client.mmap_dict.MmapedDict._m"", ""prometheus_client.mmap_dict.MmapedDict._positions"", ""prometheus_client.mmap_dict._unpack_two_doubles""]",<external_root>/testRepoSummaryOut/DevEval/System/prometheus-client/graph_results_all/PageRank-15-subgraph/task_1_rank.gml
System/prometheus-client,2,prometheus_client.multiprocess.MultiProcessCollector.merge,2,2,1.0,2,1.0,1.0,15,1,14,0,"[""prometheus_client.multiprocess.MultiProcessCollector._accumulate_metrics"", ""prometheus_client.multiprocess.MultiProcessCollector._read_metrics""]",<external_root>/testRepoSummaryOut/DevEval/System/prometheus-client/graph_results_all/PageRank-15-subgraph/task_2_rank.gml
System/prometheus-client,3,prometheus_client.mmap_dict.MmapedDict.write_value,4,4,1.0,4,1.0,0.5,15,1,14,0,"[""prometheus_client.mmap_dict.MmapedDict._init_value"", ""prometheus_client.mmap_dict.MmapedDict._m"", ""prometheus_client.mmap_dict.MmapedDict._positions"", ""prometheus_client.mmap_dict._pack_two_doubles""]",<external_root>/testRepoSummaryOut/DevEval/System/prometheus-client/graph_results_all/PageRank-15-subgraph/task_3_rank.gml
System/prometheus-client,4,prometheus_client.multiprocess.MultiProcessCollector.collect,2,1,0.5,1,0.5,0.5,15,1,14,0,"[""prometheus_client.multiprocess.MultiProcessCollector.merge""]",<external_root>/testRepoSummaryOut/DevEval/System/prometheus-client/graph_results_all/PageRank-15-subgraph/task_4_rank.gml
System/prometheus-client,5,prometheus_client.exposition.choose_encoder,6,2,0.3333333333333333,2,0.3333333333333333,0.16666666666666666,15,1,14,0,"[""prometheus_client.openmetrics.exposition"", ""prometheus_client.openmetrics.exposition.generate_latest""]",<external_root>/testRepoSummaryOut/DevEval/System/prometheus-client/graph_results_all/PageRank-15-subgraph/task_5_rank.gml
System/sslyze,1,sslyze.plugins.certificate_info._certificate_utils.get_public_key_sha256,0,0,,0,,,15,0,15,0,[],<external_root>/testRepoSummaryOut/DevEval/System/sslyze/graph_results_all/PageRank-15-subgraph/task_1_rank.gml
System/sslyze,2,sslyze.plugins.session_renegotiation_plugin._SessionRenegotiationCliConnector.result_to_console_output,5,2,0.4,2,0.4,0.4,15,0,15,0,"[""sslyze.plugins.plugin_base.ScanCommandCliConnector._format_field"", ""sslyze.plugins.plugin_base.ScanCommandCliConnector._format_title""]",<external_root>/testRepoSummaryOut/DevEval/System/sslyze/graph_results_all/PageRank-15-subgraph/task_2_rank.gml
System/sslyze,3,sslyze.plugins.heartbleed_plugin._HeartbleedCliConnector.result_to_console_output,3,1,0.3333333333333333,1,0.3333333333333333,0.3333333333333333,15,0,15,0,"[""sslyze.plugins.plugin_base.ScanCommandCliConnector._format_field""]",<external_root>/testRepoSummaryOut/DevEval/System/sslyze/graph_results_all/PageRank-15-subgraph/task_3_rank.gml
System/sslyze,4,sslyze.plugins.certificate_info._cli_connector._CertificateInfoCliConnector.result_to_console_output,5,3,0.6,3,0.6,0.6,15,1,14,0,"[""sslyze.plugins.certificate_info._cli_connector._CertificateInfoCliConnector._cert_deployment_to_console_output"", ""sslyze.plugins.plugin_base.ScanCommandCliConnector._format_field"", ""sslyze.plugins.plugin_base.ScanCommandCliConnector._format_title""]",<external_root>/testRepoSummaryOut/DevEval/System/sslyze/graph_results_all/PageRank-15-subgraph/task_4_rank.gml
System/sslyze,5,sslyze.plugins.certificate_info._certificate_utils.parse_subject_alternative_name_extension,1,0,0.0,0,0.0,0.0,15,0,15,0,[],<external_root>/testRepoSummaryOut/DevEval/System/sslyze/graph_results_all/PageRank-15-subgraph/task_5_rank.gml
System/sslyze,6,sslyze.plugins.certificate_info._cert_chain_analyzer._certificate_matches_hostname,4,0,0.0,0,0.0,0.0,15,1,14,0,[],<external_root>/testRepoSummaryOut/DevEval/System/sslyze/graph_results_all/PageRank-15-subgraph/task_6_rank.gml
System/sslyze,7,sslyze.plugins.http_headers_plugin._detect_http_redirection,1,1,1.0,1,1.0,1.0,15,0,15,0,"[""sslyze.plugins.http_headers_plugin._extract_first_header_value""]",<external_root>/testRepoSummaryOut/DevEval/System/sslyze/graph_results_all/PageRank-15-subgraph/task_7_rank.gml
System/sslyze,8,sslyze.plugins.certificate_info._symantec.SymantecDistructTester.get_distrust_timeline,6,1,0.16666666666666666,1,0.16666666666666666,0.16666666666666666,15,0,15,0,"[""sslyze.plugins.certificate_info._certificate_utils.get_public_key_sha256""]",<external_root>/testRepoSummaryOut/DevEval/System/sslyze/graph_results_all/PageRank-15-subgraph/task_8_rank.gml
System/sslyze,9,sslyze.cli.server_string_parser.CommandLineServerStringParser.parse_server_string,2,2,1.0,2,1.0,1.0,15,3,12,0,"[""sslyze.cli.server_string_parser.CommandLineServerStringParser._parse_ipv4_server_string"", ""sslyze.cli.server_string_parser.CommandLineServerStringParser._parse_ipv6_server_string""]",<external_root>/testRepoSummaryOut/DevEval/System/sslyze/graph_results_all/PageRank-15-subgraph/task_9_rank.gml
System/sslyze,10,sslyze.plugins.certificate_info._cli_connector._get_name_as_short_text,1,0,0.0,0,0.0,0.0,15,1,14,0,[],<external_root>/testRepoSummaryOut/DevEval/System/sslyze/graph_results_all/PageRank-15-subgraph/task_10_rank.gml
System/trackerjacker,1,trackerjacker.ieee_mac_vendor_db.MacVendorDB.lookup,1,0,0.0,0,0.0,0.0,15,2,13,0,[],<external_root>/testRepoSummaryOut/DevEval/System/trackerjacker/graph_results_all/PageRank-15-subgraph/task_1_rank.gml
System/viztracer,1,viztracer.tracer._VizTracer.start,8,8,1.0,8,1.0,0.625,15,1,14,0,"[""viztracer.tracer._VizTracer._tracer"", ""viztracer.tracer._VizTracer.config"", ""viztracer.tracer._VizTracer.enable"", ""viztracer.tracer._VizTracer.exclude_files"", ""viztracer.tracer._VizTracer.include_files"", ""viztracer.tracer._VizTracer.log_print"", ""viztracer.tracer._VizTracer.overload_print"", ""viztracer.tracer._VizTracer.parsed""]",<external_root>/testRepoSummaryOut/DevEval/System/viztracer/graph_results_all/PageRank-15-subgraph/task_1_rank.gml
System/viztracer,2,viztracer.code_monkey.AstTransformer.get_assign_targets_with_attr,1,1,1.0,1,1.0,1.0,15,1,14,0,"[""viztracer.util.color_print""]",<external_root>/testRepoSummaryOut/DevEval/System/viztracer/graph_results_all/PageRank-15-subgraph/task_2_rank.gml
System/viztracer,3,viztracer.tracer._VizTracer.stop,4,4,1.0,4,1.0,0.5,15,1,14,0,"[""viztracer.tracer._VizTracer._tracer"", ""viztracer.tracer._VizTracer.enable"", ""viztracer.tracer._VizTracer.log_print"", ""viztracer.tracer._VizTracer.restore_print""]",<external_root>/testRepoSummaryOut/DevEval/System/viztracer/graph_results_all/PageRank-15-subgraph/task_3_rank.gml
System/viztracer,4,viztracer.code_monkey.SourceProcessor.process,1,0,0.0,0,0.0,0.0,15,2,13,0,[],<external_root>/testRepoSummaryOut/DevEval/System/viztracer/graph_results_all/PageRank-15-subgraph/task_4_rank.gml
System/viztracer,5,viztracer.report_builder.ReportBuilder.save,3,3,1.0,3,1.0,0.6666666666666666,15,1,14,0,"[""viztracer.report_builder.ReportBuilder.final_messages"", ""viztracer.report_builder.ReportBuilder.generate_report"", ""viztracer.report_builder.ReportBuilder.print_messages""]",<external_root>/testRepoSummaryOut/DevEval/System/viztracer/graph_results_all/PageRank-15-subgraph/task_5_rank.gml
System/wal-e,1,wal_e.cmd.parse_boolean_envvar,0,0,,0,,,15,1,14,0,[],<external_root>/testRepoSummaryOut/DevEval/System/wal-e/graph_results_all/PageRank-15-subgraph/task_1_rank.gml
System/wal-e,2,wal_e.log_help.get_log_destinations,0,0,,0,,,15,1,14,0,[],<external_root>/testRepoSummaryOut/DevEval/System/wal-e/graph_results_all/PageRank-15-subgraph/task_2_rank.gml
System/wal-e,3,wal_e.log_help.WalELogger._fmt_structured,0,0,,0,,,15,2,13,0,[],<external_root>/testRepoSummaryOut/DevEval/System/wal-e/graph_results_all/PageRank-15-subgraph/task_3_rank.gml
System/wal-e,4,wal_e.tar_partition._fsync_files,0,0,,0,,,15,3,12,0,[],<external_root>/testRepoSummaryOut/DevEval/System/wal-e/graph_results_all/PageRank-15-subgraph/task_4_rank.gml
System/wal-e,5,wal_e.blobstore.file.calling_format.Bucket.list,0,0,,0,,,15,0,15,0,[],<external_root>/testRepoSummaryOut/DevEval/System/wal-e/graph_results_all/PageRank-15-subgraph/task_5_rank.gml
System/wal-e,6,wal_e.worker.pg.wal_transfer.WalTransferGroup.start,6,2,0.3333333333333333,2,0.3333333333333333,0.16666666666666666,15,2,13,0,"[""wal_e.worker.pg.wal_transfer.WalTransferGroup._complete_execution"", ""wal_e.worker.pg.wal_transfer.WalTransferGroup.greenlets""]",<external_root>/testRepoSummaryOut/DevEval/System/wal-e/graph_results_all/PageRank-15-subgraph/task_6_rank.gml
System/wal-e,7,wal_e.worker.pg.wal_transfer.WalTransferGroup.join,4,4,1.0,4,1.0,0.0,15,2,13,0,"[""wal_e.worker.pg.wal_transfer.WalTransferGroup.closed"", ""wal_e.worker.pg.wal_transfer.WalTransferGroup.expect"", ""wal_e.worker.pg.wal_transfer.WalTransferGroup.greenlets"", ""wal_e.worker.pg.wal_transfer.WalTransferGroup.wait_change""]",<external_root>/testRepoSummaryOut/DevEval/System/wal-e/graph_results_all/PageRank-15-subgraph/task_7_rank.gml
System/wal-e,8,wal_e.log_help.WalELogger.fmt_logline,1,1,1.0,1,1.0,1.0,15,2,13,0,"[""wal_e.log_help.WalELogger._fmt_structured""]",<external_root>/testRepoSummaryOut/DevEval/System/wal-e/graph_results_all/PageRank-15-subgraph/task_8_rank.gml
System/wal-e,9,wal_e.worker.pg.wal_transfer.WalSegment.from_ready_archive_status,3,2,0.6666666666666666,2,0.6666666666666666,0.0,15,1,14,0,"[""wal_e.storage"", ""wal_e.worker.pg.wal_transfer.WalSegment.path""]",<external_root>/testRepoSummaryOut/DevEval/System/wal-e/graph_results_all/PageRank-15-subgraph/task_9_rank.gml
System/wal-e,10,wal_e.worker.upload_pool.TarUploadPool.put,8,5,0.625,5,0.625,0.25,15,1,14,0,"[""wal_e.worker.upload_pool.TarUploadPool._start"", ""wal_e.worker.upload_pool.TarUploadPool._wait"", ""wal_e.worker.upload_pool.TarUploadPool.closed"", ""wal_e.worker.upload_pool.TarUploadPool.concurrency_burden"", ""wal_e.worker.upload_pool.TarUploadPool.member_burden""]",<external_root>/testRepoSummaryOut/DevEval/System/wal-e/graph_results_all/PageRank-15-subgraph/task_10_rank.gml
System/wal-e,11,wal_e.blobstore.file.calling_format.Bucket.delete_keys,2,2,1.0,2,1.0,1.0,15,0,15,0,"[""wal_e.blobstore.file.calling_format.common_dir_path"", ""wal_e.blobstore.file.calling_format.remove_empty_dirs""]",<external_root>/testRepoSummaryOut/DevEval/System/wal-e/graph_results_all/PageRank-15-subgraph/task_11_rank.gml
Text-Processing/PyLaTeX,1,pylatex.utils.dumps_list,2,1,0.5,1,0.5,0.5,15,1,14,0,"[""pylatex.utils._latex_item_to_string""]",<external_root>/testRepoSummaryOut/DevEval/Text-Processing/PyLaTeX/graph_results_all/PageRank-15-subgraph/task_1_rank.gml
Text-Processing/PyLaTeX,2,pylatex.utils._latex_item_to_string,5,3,0.6,4,0.8,0.6,15,1,14,0,"[""pylatex.base_classes"", ""pylatex.base_classes.latex_object.LatexObject"", ""pylatex.base_classes.latex_object.LatexObject.dumps"", ""pylatex.base_classes.latex_object.LatexObject.dumps_as_content""]",<external_root>/testRepoSummaryOut/DevEval/Text-Processing/PyLaTeX/graph_results_all/PageRank-15-subgraph/task_2_rank.gml
Text-Processing/dominate,1,dominate.dom_tag._get_thread_context,0,0,,0,,,15,1,14,0,[],<external_root>/testRepoSummaryOut/DevEval/Text-Processing/dominate/graph_results_all/PageRank-15-subgraph/task_1_rank.gml
Text-Processing/dominate,2,dominate.util.system,0,0,,0,,,11,2,9,0,[],<external_root>/testRepoSummaryOut/DevEval/Text-Processing/dominate/graph_results_all/PageRank-15-subgraph/task_2_rank.gml
Text-Processing/dominate,3,dominate.util.url_unescape,0,0,,0,,,12,2,10,0,[],<external_root>/testRepoSummaryOut/DevEval/Text-Processing/dominate/graph_results_all/PageRank-15-subgraph/task_3_rank.gml
Text-Processing/dominate,4,dominate.util.include,1,1,1.0,1,1.0,1.0,10,2,8,0,"[""dominate.util.raw""]",<external_root>/testRepoSummaryOut/DevEval/Text-Processing/dominate/graph_results_all/PageRank-15-subgraph/task_4_rank.gml
Text-Processing/dominate,5,dominate.util.unescape,2,2,1.0,2,1.0,0.0,15,3,12,0,"[""dominate.util._unescape"", ""dominate.util.unichr""]",<external_root>/testRepoSummaryOut/DevEval/Text-Processing/dominate/graph_results_all/PageRank-15-subgraph/task_5_rank.gml
Text-Processing/dominate,6,dominate.dom_tag.dom_tag.render,1,1,1.0,1,1.0,1.0,15,1,14,0,"[""dominate.dom_tag.dom_tag._render""]",<external_root>/testRepoSummaryOut/DevEval/Text-Processing/dominate/graph_results_all/PageRank-15-subgraph/task_6_rank.gml
Text-Processing/feedparser,1,feedparser.urls.convert_to_idn,0,0,,0,,,15,1,14,0,[],<external_root>/testRepoSummaryOut/DevEval/Text-Processing/feedparser/graph_results_all/PageRank-15-subgraph/task_1_rank.gml
Text-Processing/feedparser,2,feedparser.urls.make_safe_absolute_uri,2,1,0.5,1,0.5,0.5,15,2,13,0,"[""feedparser.urls._urljoin""]",<external_root>/testRepoSummaryOut/DevEval/Text-Processing/feedparser/graph_results_all/PageRank-15-subgraph/task_2_rank.gml
Text-Processing/feedparser,3,feedparser.api._open_resource,2,1,0.5,1,0.5,0.0,15,1,14,0,"[""feedparser.http""]",<external_root>/testRepoSummaryOut/DevEval/Text-Processing/feedparser/graph_results_all/PageRank-15-subgraph/task_3_rank.gml
Text-Processing/feedparser,4,feedparser.http._build_urllib2_request,1,0,0.0,0,0.0,0.0,15,7,8,0,[],<external_root>/testRepoSummaryOut/DevEval/Text-Processing/feedparser/graph_results_all/PageRank-15-subgraph/task_4_rank.gml
Text-Processing/mistune,1,mistune.toc.add_toc_hook,0,0,,0,,,15,1,14,0,[],<external_root>/testRepoSummaryOut/DevEval/Text-Processing/mistune/graph_results_all/PageRank-15-subgraph/task_1_rank.gml
Text-Processing/mistune,2,mistune.plugins.table.table_in_quote,0,0,,0,,,15,1,14,0,[],<external_root>/testRepoSummaryOut/DevEval/Text-Processing/mistune/graph_results_all/PageRank-15-subgraph/task_2_rank.gml
Text-Processing/mistune,3,mistune.plugins.table.table_in_list,0,0,,0,,,15,1,14,0,[],<external_root>/testRepoSummaryOut/DevEval/Text-Processing/mistune/graph_results_all/PageRank-15-subgraph/task_3_rank.gml
Text-Processing/mistune,4,mistune.create_markdown,3,0,0.0,1,0.3333333333333333,0.3333333333333333,15,2,13,1,"[""mistune.inline_parser.InlineParser""]",<external_root>/testRepoSummaryOut/DevEval/Text-Processing/mistune/graph_results_all/PageRank-15-subgraph/task_4_rank.gml
Text-Processing/mistune,5,mistune.markdown.Markdown.read,4,2,0.5,2,0.5,0.25,14,3,11,0,"[""mistune.markdown.Markdown.block"", ""mistune.markdown.Markdown.parse""]",<external_root>/testRepoSummaryOut/DevEval/Text-Processing/mistune/graph_results_all/PageRank-15-subgraph/task_5_rank.gml
Text-Processing/online-judge-tools,1,onlinejudge_command.pretty_printers._tokenize_line,6,1,0.16666666666666666,1,0.16666666666666666,0.16666666666666666,15,0,15,0,"[""onlinejudge_command.pretty_printers._tokenize_str""]",<external_root>/testRepoSummaryOut/DevEval/Text-Processing/online-judge-tools/graph_results_all/PageRank-15-subgraph/task_1_rank.gml
Text-Processing/online-judge-tools,2,onlinejudge_command.pretty_printers._tokenize_file_content_without_snipping,4,3,0.75,3,0.75,0.75,15,0,15,0,"[""onlinejudge_command.pretty_printers._decode_with_recovery"", ""onlinejudge_command.pretty_printers._tokenize_line"", ""onlinejudge_command.pretty_printers._warn_if_empty""]",<external_root>/testRepoSummaryOut/DevEval/Text-Processing/online-judge-tools/graph_results_all/PageRank-15-subgraph/task_2_rank.gml
Text-Processing/online-judge-tools,3,onlinejudge_command.pretty_printers._render_tokens,10,1,0.1,1,0.1,0.1,15,0,15,0,"[""onlinejudge_command.pretty_printers._replace_whitespace""]",<external_root>/testRepoSummaryOut/DevEval/Text-Processing/online-judge-tools/graph_results_all/PageRank-15-subgraph/task_3_rank.gml
Text-Processing/parsel,1,parsel.utils.shorten,0,0,,0,,,15,3,12,0,[],<external_root>/testRepoSummaryOut/DevEval/Text-Processing/parsel/graph_results_all/PageRank-15-subgraph/task_1_rank.gml
Text-Processing/parsel,2,parsel.xpathfuncs.set_xpathfunc,0,0,,0,,,15,0,15,0,[],<external_root>/testRepoSummaryOut/DevEval/Text-Processing/parsel/graph_results_all/PageRank-15-subgraph/task_2_rank.gml
Text-Processing/parsel,3,parsel.utils.extract_regex,1,1,1.0,1,1.0,1.0,15,3,12,0,"[""parsel.utils.flatten""]",<external_root>/testRepoSummaryOut/DevEval/Text-Processing/parsel/graph_results_all/PageRank-15-subgraph/task_3_rank.gml
Text-Processing/pycorrector,1,pycorrector.proper_corrector.load_dict_file,0,0,,0,,,15,2,13,0,[],<external_root>/testRepoSummaryOut/DevEval/Text-Processing/pycorrector/graph_results_all/PageRank-15-subgraph/task_1_rank.gml
Text-Processing/pycorrector,2,pycorrector.utils.tokenizer.segment,0,0,,0,,,15,0,15,0,[],<external_root>/testRepoSummaryOut/DevEval/Text-Processing/pycorrector/graph_results_all/PageRank-15-subgraph/task_2_rank.gml
Text-Processing/pycorrector,3,pycorrector.en_spell.EnSpell.correct,5,3,0.6,3,0.6,0.4,15,1,14,0,"[""pycorrector.en_spell.EnSpell.check_init"", ""pycorrector.en_spell.EnSpell.correct_word"", ""pycorrector.en_spell.EnSpell.custom_confusion""]",<external_root>/testRepoSummaryOut/DevEval/Text-Processing/pycorrector/graph_results_all/PageRank-15-subgraph/task_3_rank.gml
Text-Processing/pycorrector,4,pycorrector.en_spell.EnSpell.correct_word,2,2,1.0,2,1.0,1.0,15,1,14,0,"[""pycorrector.en_spell.EnSpell.candidates"", ""pycorrector.en_spell.EnSpell.check_init""]",<external_root>/testRepoSummaryOut/DevEval/Text-Processing/pycorrector/graph_results_all/PageRank-15-subgraph/task_4_rank.gml
Text-Processing/pycorrector,5,pycorrector.en_spell.EnSpell.candidates,4,4,1.0,4,1.0,1.0,15,1,14,0,"[""pycorrector.en_spell.EnSpell.check_init"", ""pycorrector.en_spell.EnSpell.edits1"", ""pycorrector.en_spell.EnSpell.edits2"", ""pycorrector.en_spell.EnSpell.known""]",<external_root>/testRepoSummaryOut/DevEval/Text-Processing/pycorrector/graph_results_all/PageRank-15-subgraph/task_5_rank.gml
Text-Processing/pycorrector,6,pycorrector.en_spell.EnSpell.check_init,2,2,1.0,2,1.0,0.5,15,1,14,0,"[""pycorrector.en_spell.EnSpell._init"", ""pycorrector.en_spell.EnSpell.word_freq_dict""]",<external_root>/testRepoSummaryOut/DevEval/Text-Processing/pycorrector/graph_results_all/PageRank-15-subgraph/task_6_rank.gml
Text-Processing/pymorphy2,1,pymorphy2.dawg.assert_can_create,1,0,0.0,0,0.0,0.0,15,6,9,0,[],<external_root>/testRepoSummaryOut/DevEval/Text-Processing/pymorphy2/graph_results_all/PageRank-15-subgraph/task_1_rank.gml
Text-Processing/pymorphy2,2,pymorphy2.opencorpora_dict.compile._to_paradigm,1,1,1.0,1,1.0,1.0,15,0,15,0,"[""pymorphy2.utils.longest_common_substring""]",<external_root>/testRepoSummaryOut/DevEval/Text-Processing/pymorphy2/graph_results_all/PageRank-15-subgraph/task_2_rank.gml
Text-Processing/python-benedict,1,benedict.utils.type_util.is_json_serializable,0,0,,0,,,15,0,15,0,[],<external_root>/testRepoSummaryOut/DevEval/Text-Processing/python-benedict/graph_results_all/PageRank-15-subgraph/task_1_rank.gml
Text-Processing/python-benedict,2,benedict.dicts.keypath.keypath_util._split_key_indexes,1,0,0.0,0,0.0,0.0,15,2,13,0,[],<external_root>/testRepoSummaryOut/DevEval/Text-Processing/python-benedict/graph_results_all/PageRank-15-subgraph/task_2_rank.gml
Text-Processing/python-benedict,3,benedict.dicts.keylist.keylist_util.get_item,1,1,1.0,1,1.0,1.0,15,0,15,0,"[""benedict.dicts.keylist.keylist_util.get_items""]",<external_root>/testRepoSummaryOut/DevEval/Text-Processing/python-benedict/graph_results_all/PageRank-15-subgraph/task_3_rank.gml
Text-Processing/python-benedict,4,benedict.dicts.keylist.keylist_util.set_item,2,2,1.0,2,1.0,1.0,15,1,14,0,"[""benedict.dicts.keylist.keylist_util._get_or_new_item_value"", ""benedict.dicts.keylist.keylist_util._set_item_value""]",<external_root>/testRepoSummaryOut/DevEval/Text-Processing/python-benedict/graph_results_all/PageRank-15-subgraph/task_4_rank.gml
Text-Processing/rows,1,rows.fields.DatetimeField.serialize,0,0,,0,,,15,0,15,0,[],<external_root>/testRepoSummaryOut/DevEval/Text-Processing/rows/graph_results_all/PageRank-15-subgraph/task_1_rank.gml
Text-Processing/rows,2,rows.fields.Field.serialize,0,0,,0,,,15,2,13,0,[],<external_root>/testRepoSummaryOut/DevEval/Text-Processing/rows/graph_results_all/PageRank-15-subgraph/task_2_rank.gml
Text-Processing/rows,3,rows.fields.EmailField.serialize,0,0,,0,,,15,0,15,0,[],<external_root>/testRepoSummaryOut/DevEval/Text-Processing/rows/graph_results_all/PageRank-15-subgraph/task_3_rank.gml
Text-Processing/rows,4,rows.fields.as_string,0,0,,0,,,15,1,14,0,[],<external_root>/testRepoSummaryOut/DevEval/Text-Processing/rows/graph_results_all/PageRank-15-subgraph/task_4_rank.gml
Text-Processing/rows,5,rows.fields.get_items,0,0,,0,,,15,1,14,0,[],<external_root>/testRepoSummaryOut/DevEval/Text-Processing/rows/graph_results_all/PageRank-15-subgraph/task_5_rank.gml
Text-Processing/rows,6,rows.fields.DateField.serialize,1,0,0.0,0,0.0,0.0,15,0,15,0,[],<external_root>/testRepoSummaryOut/DevEval/Text-Processing/rows/graph_results_all/PageRank-15-subgraph/task_6_rank.gml
Text-Processing/rows,7,rows.fields.JSONField.deserialize,3,0,0.0,0,0.0,0.0,15,0,15,0,[],<external_root>/testRepoSummaryOut/DevEval/Text-Processing/rows/graph_results_all/PageRank-15-subgraph/task_7_rank.gml
Text-Processing/rows,8,rows.fields.BinaryField.serialize,1,0,0.0,0,0.0,0.0,15,1,14,0,[],<external_root>/testRepoSummaryOut/DevEval/Text-Processing/rows/graph_results_all/PageRank-15-subgraph/task_8_rank.gml
Text-Processing/rows,9,rows.fields.DateField.deserialize,5,2,0.4,2,0.4,0.4,15,0,15,0,"[""rows.fields.Field.deserialize"", ""rows.fields.as_string""]",<external_root>/testRepoSummaryOut/DevEval/Text-Processing/rows/graph_results_all/PageRank-15-subgraph/task_9_rank.gml
Text-Processing/rows,10,rows.fields.EmailField.deserialize,4,2,0.5,2,0.5,0.5,15,0,15,0,"[""rows.fields.TextField.deserialize"", ""rows.fields.value_error""]",<external_root>/testRepoSummaryOut/DevEval/Text-Processing/rows/graph_results_all/PageRank-15-subgraph/task_10_rank.gml
Text-Processing/rows,11,rows.fields.BoolField.deserialize,6,2,0.3333333333333333,2,0.3333333333333333,0.3333333333333333,15,0,15,0,"[""rows.fields.Field.deserialize"", ""rows.fields.as_string""]",<external_root>/testRepoSummaryOut/DevEval/Text-Processing/rows/graph_results_all/PageRank-15-subgraph/task_11_rank.gml
Text-Processing/rows,12,rows.fields.TextField.deserialize,2,1,0.5,1,0.5,0.5,15,0,15,0,"[""rows.fields.as_string""]",<external_root>/testRepoSummaryOut/DevEval/Text-Processing/rows/graph_results_all/PageRank-15-subgraph/task_12_rank.gml
Utilities/PyJWT,1,jwt.utils.force_bytes,0,0,,0,,,15,0,15,0,[],<external_root>/testRepoSummaryOut/DevEval/Utilities/PyJWT/graph_results_all/PageRank-15-subgraph/task_1_rank.gml
Utilities/PyJWT,2,jwt.algorithms.HMACAlgorithm.to_jwk,3,3,1.0,3,1.0,0.6666666666666666,15,0,15,0,"[""jwt.types.JWKDict"", ""jwt.utils.base64url_encode"", ""jwt.utils.force_bytes""]",<external_root>/testRepoSummaryOut/DevEval/Utilities/PyJWT/graph_results_all/PageRank-15-subgraph/task_2_rank.gml
Utilities/PyJWT,3,jwt.algorithms.HMACAlgorithm.from_jwk,3,2,0.6666666666666666,2,0.6666666666666666,0.3333333333333333,15,0,15,0,"[""jwt.types.JWKDict"", ""jwt.utils.base64url_decode""]",<external_root>/testRepoSummaryOut/DevEval/Utilities/PyJWT/graph_results_all/PageRank-15-subgraph/task_3_rank.gml
Utilities/PyJWT,4,jwt.algorithms.HMACAlgorithm.prepare_key,4,2,0.5,2,0.5,0.5,15,1,14,0,"[""jwt.utils.is_pem_format"", ""jwt.utils.is_ssh_key""]",<external_root>/testRepoSummaryOut/DevEval/Utilities/PyJWT/graph_results_all/PageRank-15-subgraph/task_4_rank.gml
Utilities/PyJWT,5,jwt.utils.base64url_decode,1,1,1.0,1,1.0,1.0,15,0,15,0,"[""jwt.utils.force_bytes""]",<external_root>/testRepoSummaryOut/DevEval/Utilities/PyJWT/graph_results_all/PageRank-15-subgraph/task_5_rank.gml
Utilities/PyJWT,6,jwt.utils.to_base64url_uint,2,2,1.0,2,1.0,1.0,15,2,13,0,"[""jwt.utils.base64url_encode"", ""jwt.utils.bytes_from_int""]",<external_root>/testRepoSummaryOut/DevEval/Utilities/PyJWT/graph_results_all/PageRank-15-subgraph/task_6_rank.gml
Utilities/boltons,1,boltons.funcutils.copy_function,0,0,,0,,,15,2,13,0,[],<external_root>/testRepoSummaryOut/DevEval/Utilities/boltons/graph_results_all/PageRank-15-subgraph/task_1_rank.gml
Utilities/boltons,2,boltons.funcutils.format_invocation,0,0,,0,,,15,3,12,0,[],<external_root>/testRepoSummaryOut/DevEval/Utilities/boltons/graph_results_all/PageRank-15-subgraph/task_2_rank.gml
Utilities/boltons,3,boltons.listutils.SplayList.shift,0,0,,0,,,15,2,13,0,[],<external_root>/testRepoSummaryOut/DevEval/Utilities/boltons/graph_results_all/PageRank-15-subgraph/task_3_rank.gml
Utilities/boltons,4,boltons.strutils.gzip_bytes,0,0,,0,,,15,1,14,0,[],<external_root>/testRepoSummaryOut/DevEval/Utilities/boltons/graph_results_all/PageRank-15-subgraph/task_4_rank.gml
Utilities/boltons,5,boltons.strutils.is_uuid,0,0,,0,,,8,3,5,0,[],<external_root>/testRepoSummaryOut/DevEval/Utilities/boltons/graph_results_all/PageRank-15-subgraph/task_5_rank.gml
Utilities/boltons,6,boltons.strutils.parse_int_list,0,0,,0,,,12,2,10,0,[],<external_root>/testRepoSummaryOut/DevEval/Utilities/boltons/graph_results_all/PageRank-15-subgraph/task_6_rank.gml
Utilities/boltons,7,boltons.cacheutils.ThresholdCounter.get,0,0,,0,,,15,4,11,0,[],<external_root>/testRepoSummaryOut/DevEval/Utilities/boltons/graph_results_all/PageRank-15-subgraph/task_7_rank.gml
Utilities/boltons,8,boltons.iterutils.backoff_iter,0,0,,0,,,8,1,7,0,[],<external_root>/testRepoSummaryOut/DevEval/Utilities/boltons/graph_results_all/PageRank-15-subgraph/task_8_rank.gml
Utilities/boltons,9,boltons.cacheutils.cached,0,0,,0,,,15,3,12,0,[],<external_root>/testRepoSummaryOut/DevEval/Utilities/boltons/graph_results_all/PageRank-15-subgraph/task_9_rank.gml
Utilities/boltons,10,boltons.timeutils.total_seconds,0,0,,0,,,15,3,12,0,[],<external_root>/testRepoSummaryOut/DevEval/Utilities/boltons/graph_results_all/PageRank-15-subgraph/task_10_rank.gml
Utilities/boltons,11,boltons.gcutils.get_all,0,0,,0,,,15,2,13,0,[],<external_root>/testRepoSummaryOut/DevEval/Utilities/boltons/graph_results_all/PageRank-15-subgraph/task_11_rank.gml
Utilities/boltons,12,boltons.timeutils.daterange,0,0,,0,,,15,1,14,0,[],<external_root>/testRepoSummaryOut/DevEval/Utilities/boltons/graph_results_all/PageRank-15-subgraph/task_12_rank.gml
Utilities/boltons,13,boltons.mathutils.clamp,0,0,,0,,,6,1,5,0,[],<external_root>/testRepoSummaryOut/DevEval/Utilities/boltons/graph_results_all/PageRank-15-subgraph/task_13_rank.gml
Utilities/boltons,14,boltons.mathutils.ceil,0,0,,0,,,12,3,9,0,[],<external_root>/testRepoSummaryOut/DevEval/Utilities/boltons/graph_results_all/PageRank-15-subgraph/task_14_rank.gml
Utilities/boltons,15,boltons.formatutils.get_format_args,0,0,,0,,,15,3,12,0,[],<external_root>/testRepoSummaryOut/DevEval/Utilities/boltons/graph_results_all/PageRank-15-subgraph/task_15_rank.gml
Utilities/boltons,16,boltons.mathutils.floor,0,0,,0,,,12,3,9,0,[],<external_root>/testRepoSummaryOut/DevEval/Utilities/boltons/graph_results_all/PageRank-15-subgraph/task_16_rank.gml
Utilities/boltons,17,boltons.dictutils.OneToOne.setdefault,0,0,,0,,,15,3,12,0,[],<external_root>/testRepoSummaryOut/DevEval/Utilities/boltons/graph_results_all/PageRank-15-subgraph/task_17_rank.gml
Utilities/boltons,18,boltons.dictutils.OneToOne.update,0,0,,0,,,15,2,13,0,[],<external_root>/testRepoSummaryOut/DevEval/Utilities/boltons/graph_results_all/PageRank-15-subgraph/task_18_rank.gml
Utilities/boltons,19,boltons.dictutils.ManyToMany.get,0,0,,0,,,15,6,9,0,[],<external_root>/testRepoSummaryOut/DevEval/Utilities/boltons/graph_results_all/PageRank-15-subgraph/task_19_rank.gml
Utilities/boltons,20,boltons.dictutils.FrozenDict.updated,0,0,,0,,,15,1,14,0,[],<external_root>/testRepoSummaryOut/DevEval/Utilities/boltons/graph_results_all/PageRank-15-subgraph/task_20_rank.gml
Utilities/boltons,21,boltons.dictutils.subdict,0,0,,0,,,15,6,9,0,[],<external_root>/testRepoSummaryOut/DevEval/Utilities/boltons/graph_results_all/PageRank-15-subgraph/task_21_rank.gml
Utilities/boltons,22,boltons.dictutils.FrozenDict.__repr__,0,0,,0,,,15,0,15,0,[],<external_root>/testRepoSummaryOut/DevEval/Utilities/boltons/graph_results_all/PageRank-15-subgraph/task_22_rank.gml
Utilities/boltons,23,boltons.socketutils.NetstringSocket.setmaxsize,3,3,1.0,3,1.0,0.3333333333333333,12,5,7,0,"[""boltons.socketutils.NetstringSocket._calc_msgsize_maxsize"", ""boltons.socketutils.NetstringSocket._msgsize_maxsize"", ""boltons.socketutils.NetstringSocket.maxsize""]",<external_root>/testRepoSummaryOut/DevEval/Utilities/boltons/graph_results_all/PageRank-15-subgraph/task_23_rank.gml
Utilities/boltons,24,boltons.funcutils.FunctionBuilder.get_arg_names,3,3,1.0,3,1.0,0.3333333333333333,15,2,13,0,"[""boltons.funcutils.FunctionBuilder.args"", ""boltons.funcutils.FunctionBuilder.get_defaults_dict"", ""boltons.funcutils.FunctionBuilder.kwonlyargs""]",<external_root>/testRepoSummaryOut/DevEval/Utilities/boltons/graph_results_all/PageRank-15-subgraph/task_24_rank.gml
Utilities/boltons,25,boltons.tbutils.ParsedException.to_string,3,0,0.0,0,0.0,0.0,15,2,13,0,[],<external_root>/testRepoSummaryOut/DevEval/Utilities/boltons/graph_results_all/PageRank-15-subgraph/task_25_rank.gml
Utilities/boltons,26,boltons.cacheutils.LRI.pop,3,2,0.6666666666666666,2,0.6666666666666666,0.3333333333333333,15,4,11,0,"[""boltons.cacheutils.LRI._lock"", ""boltons.cacheutils.LRI._remove_from_ll""]",<external_root>/testRepoSummaryOut/DevEval/Utilities/boltons/graph_results_all/PageRank-15-subgraph/task_26_rank.gml
Utilities/boltons,27,boltons.fileutils.FilePerms.__repr__,3,0,0.0,0,0.0,0.0,15,0,15,0,[],<external_root>/testRepoSummaryOut/DevEval/Utilities/boltons/graph_results_all/PageRank-15-subgraph/task_27_rank.gml
Utilities/boltons,28,boltons.cacheutils.CachedFunction.__repr__,3,0,0.0,0,0.0,0.0,15,1,14,0,[],<external_root>/testRepoSummaryOut/DevEval/Utilities/boltons/graph_results_all/PageRank-15-subgraph/task_28_rank.gml
Utilities/boltons,29,boltons.cacheutils.LRI.popitem,2,2,1.0,2,1.0,0.5,15,2,13,0,"[""boltons.cacheutils.LRI._lock"", ""boltons.cacheutils.LRI._remove_from_ll""]",<external_root>/testRepoSummaryOut/DevEval/Utilities/boltons/graph_results_all/PageRank-15-subgraph/task_29_rank.gml
Utilities/boltons,30,boltons.ioutils.SpooledStringIO.write,8,4,0.5,4,0.5,0.375,15,2,13,0,"[""boltons.ioutils.SpooledIOBase._checkClosed"", ""boltons.ioutils.SpooledStringIO._tell"", ""boltons.ioutils.SpooledStringIO.buffer"", ""boltons.ioutils.SpooledStringIO.tell""]",<external_root>/testRepoSummaryOut/DevEval/Utilities/boltons/graph_results_all/PageRank-15-subgraph/task_30_rank.gml
Utilities/boltons,31,boltons.strutils.indent,1,1,1.0,1,1.0,1.0,15,5,10,0,"[""boltons.strutils.iter_splitlines""]",<external_root>/testRepoSummaryOut/DevEval/Utilities/boltons/graph_results_all/PageRank-15-subgraph/task_31_rank.gml
Utilities/boltons,32,boltons.setutils.IndexedSet.index,2,2,1.0,2,1.0,0.5,15,1,14,0,"[""boltons.setutils.IndexedSet._get_apparent_index"", ""boltons.setutils.IndexedSet.item_index_map""]",<external_root>/testRepoSummaryOut/DevEval/Utilities/boltons/graph_results_all/PageRank-15-subgraph/task_32_rank.gml
Utilities/boltons,33,boltons.strutils.multi_replace,3,1,0.3333333333333333,2,0.6666666666666666,0.6666666666666666,15,1,14,0,"[""boltons.strutils.MultiReplace"", ""boltons.strutils.MultiReplace.sub""]",<external_root>/testRepoSummaryOut/DevEval/Utilities/boltons/graph_results_all/PageRank-15-subgraph/task_33_rank.gml
Utilities/boltons,34,boltons.socketutils.NetstringSocket.write_ns,5,3,0.6,4,0.8,0.4,12,5,7,0,"[""boltons.socketutils.NetstringMessageTooLong"", ""boltons.socketutils.NetstringMessageTooLong.__init__"", ""boltons.socketutils.NetstringSocket.bsock"", ""boltons.socketutils.NetstringSocket.maxsize""]",<external_root>/testRepoSummaryOut/DevEval/Utilities/boltons/graph_results_all/PageRank-15-subgraph/task_34_rank.gml
Utilities/boltons,35,boltons.listutils.BarrelList.pop,3,3,1.0,3,1.0,0.6666666666666666,15,1,14,0,"[""boltons.listutils.BarrelList._balance_list"", ""boltons.listutils.BarrelList._translate_index"", ""boltons.listutils.BarrelList.lists""]",<external_root>/testRepoSummaryOut/DevEval/Utilities/boltons/graph_results_all/PageRank-15-subgraph/task_35_rank.gml
Utilities/boltons,36,boltons.tbutils.print_exception,4,2,0.5,3,0.75,0.75,15,4,11,0,"[""boltons.tbutils.TracebackInfo"", ""boltons.tbutils.TracebackInfo.from_traceback"", ""boltons.tbutils.format_exception_only""]",<external_root>/testRepoSummaryOut/DevEval/Utilities/boltons/graph_results_all/PageRank-15-subgraph/task_36_rank.gml
Utilities/boltons,37,boltons.ioutils.SpooledIOBase.writelines,2,2,1.0,2,1.0,1.0,15,2,13,0,"[""boltons.ioutils.SpooledIOBase._checkClosed"", ""boltons.ioutils.SpooledIOBase.write""]",<external_root>/testRepoSummaryOut/DevEval/Utilities/boltons/graph_results_all/PageRank-15-subgraph/task_37_rank.gml
Utilities/boltons,38,boltons.cacheutils.ThresholdCounter.elements,1,1,1.0,1,1.0,1.0,8,1,7,0,"[""boltons.cacheutils.ThresholdCounter.iteritems""]",<external_root>/testRepoSummaryOut/DevEval/Utilities/boltons/graph_results_all/PageRank-15-subgraph/task_38_rank.gml
Utilities/boltons,39,boltons.dictutils.ManyToMany.add,2,2,1.0,2,1.0,0.0,15,3,12,0,"[""boltons.dictutils.ManyToMany.data"", ""boltons.dictutils.ManyToMany.inv""]",<external_root>/testRepoSummaryOut/DevEval/Utilities/boltons/graph_results_all/PageRank-15-subgraph/task_39_rank.gml
Utilities/boltons,40,boltons.cacheutils.LRI.setdefault,2,0,0.0,0,0.0,0.0,15,3,12,0,[],<external_root>/testRepoSummaryOut/DevEval/Utilities/boltons/graph_results_all/PageRank-15-subgraph/task_40_rank.gml
Utilities/boltons,41,boltons.setutils.complement,3,1,0.3333333333333333,2,0.6666666666666666,0.6666666666666666,15,1,14,0,"[""boltons.setutils._ComplementSet"", ""boltons.setutils._ComplementSet.complemented""]",<external_root>/testRepoSummaryOut/DevEval/Utilities/boltons/graph_results_all/PageRank-15-subgraph/task_41_rank.gml
Utilities/boltons,42,boltons.cacheutils.ThresholdCounter.most_common,1,1,1.0,1,1.0,1.0,9,2,7,0,"[""boltons.cacheutils.ThresholdCounter.iteritems""]",<external_root>/testRepoSummaryOut/DevEval/Utilities/boltons/graph_results_all/PageRank-15-subgraph/task_42_rank.gml
Utilities/boltons,43,boltons.cacheutils.LRI.update,2,1,0.5,1,0.5,0.0,15,1,14,0,"[""boltons.cacheutils.LRI._lock""]",<external_root>/testRepoSummaryOut/DevEval/Utilities/boltons/graph_results_all/PageRank-15-subgraph/task_43_rank.gml
Utilities/boltons,44,boltons.tableutils.Table.extend,3,3,1.0,3,1.0,0.6666666666666666,15,1,14,0,"[""boltons.tableutils.Table._data"", ""boltons.tableutils.Table._fill"", ""boltons.tableutils.Table._set_width""]",<external_root>/testRepoSummaryOut/DevEval/Utilities/boltons/graph_results_all/PageRank-15-subgraph/task_44_rank.gml
Utilities/boltons,45,boltons.ioutils.SpooledStringIO.read,5,4,0.8,4,0.8,0.6,15,2,13,0,"[""boltons.ioutils.SpooledIOBase._checkClosed"", ""boltons.ioutils.SpooledStringIO._tell"", ""boltons.ioutils.SpooledStringIO.buffer"", ""boltons.ioutils.SpooledStringIO.tell""]",<external_root>/testRepoSummaryOut/DevEval/Utilities/boltons/graph_results_all/PageRank-15-subgraph/task_45_rank.gml
Utilities/boltons,46,boltons.dictutils.ManyToMany.replace,2,2,1.0,2,1.0,0.0,15,2,13,0,"[""boltons.dictutils.ManyToMany.data"", ""boltons.dictutils.ManyToMany.inv""]",<external_root>/testRepoSummaryOut/DevEval/Utilities/boltons/graph_results_all/PageRank-15-subgraph/task_46_rank.gml
Utilities/boltons,47,boltons.socketutils.BufferedSocket.getsendbuffer,2,2,1.0,2,1.0,0.0,15,1,14,0,"[""boltons.socketutils.BufferedSocket._send_lock"", ""boltons.socketutils.BufferedSocket.sbuf""]",<external_root>/testRepoSummaryOut/DevEval/Utilities/boltons/graph_results_all/PageRank-15-subgraph/task_47_rank.gml
Utilities/boltons,48,boltons.listutils.BarrelList.sort,2,2,1.0,2,1.0,0.5,15,1,14,0,"[""boltons.listutils.BarrelList._balance_list"", ""boltons.listutils.BarrelList.lists""]",<external_root>/testRepoSummaryOut/DevEval/Utilities/boltons/graph_results_all/PageRank-15-subgraph/task_48_rank.gml
Utilities/boltons,49,boltons.socketutils.BufferedSocket.recv,8,6,0.75,6,0.75,0.0,15,1,14,0,"[""boltons.socketutils.BufferedSocket._recv_lock"", ""boltons.socketutils.BufferedSocket._recvsize"", ""boltons.socketutils.BufferedSocket.rbuf"", ""boltons.socketutils.BufferedSocket.sock"", ""boltons.socketutils.BufferedSocket.timeout"", ""boltons.socketutils._UNSET""]",<external_root>/testRepoSummaryOut/DevEval/Utilities/boltons/graph_results_all/PageRank-15-subgraph/task_49_rank.gml
Utilities/boltons,50,boltons.formatutils.tokenize_format_str,3,1,0.3333333333333333,1,0.3333333333333333,0.3333333333333333,15,0,15,0,"[""boltons.formatutils.infer_positional_format_args""]",<external_root>/testRepoSummaryOut/DevEval/Utilities/boltons/graph_results_all/PageRank-15-subgraph/task_50_rank.gml
Utilities/boltons,51,boltons.cacheutils.LRI.__repr__,2,0,0.0,0,0.0,0.0,15,0,15,0,[],<external_root>/testRepoSummaryOut/DevEval/Utilities/boltons/graph_results_all/PageRank-15-subgraph/task_51_rank.gml
Utilities/boltons,52,boltons.cacheutils.LRI._get_flattened_ll,4,0,0.0,0,0.0,0.0,8,2,6,0,[],<external_root>/testRepoSummaryOut/DevEval/Utilities/boltons/graph_results_all/PageRank-15-subgraph/task_52_rank.gml
Utilities/boltons,53,boltons.dictutils.OneToOne.popitem,1,0,0.0,0,0.0,0.0,15,4,11,0,[],<external_root>/testRepoSummaryOut/DevEval/Utilities/boltons/graph_results_all/PageRank-15-subgraph/task_53_rank.gml
Utilities/boltons,54,boltons.socketutils.BufferedSocket.recv_close,9,4,0.4444444444444444,4,0.4444444444444444,0.1111111111111111,15,1,14,0,"[""boltons.socketutils.BufferedSocket._recv_lock"", ""boltons.socketutils.BufferedSocket.rbuf"", ""boltons.socketutils.BufferedSocket.recv_size"", ""boltons.socketutils._UNSET""]",<external_root>/testRepoSummaryOut/DevEval/Utilities/boltons/graph_results_all/PageRank-15-subgraph/task_54_rank.gml
Utilities/boltons,55,boltons.setutils.IndexedSet.add,2,2,1.0,2,1.0,0.0,15,1,14,0,"[""boltons.setutils.IndexedSet.item_index_map"", ""boltons.setutils.IndexedSet.item_list""]",<external_root>/testRepoSummaryOut/DevEval/Utilities/boltons/graph_results_all/PageRank-15-subgraph/task_55_rank.gml
Utilities/boltons,56,boltons.ioutils.MultiFileReader.seek,1,0,0.0,0,0.0,0.0,11,2,9,0,[],<external_root>/testRepoSummaryOut/DevEval/Utilities/boltons/graph_results_all/PageRank-15-subgraph/task_56_rank.gml
Utilities/boltons,57,boltons.iterutils.chunked,1,1,1.0,1,1.0,1.0,15,0,15,0,"[""boltons.iterutils.chunked_iter""]",<external_root>/testRepoSummaryOut/DevEval/Utilities/boltons/graph_results_all/PageRank-15-subgraph/task_57_rank.gml
Utilities/boltons,58,boltons.tbutils.ExceptionInfo.get_formatted,4,1,0.25,1,0.25,0.25,15,0,15,0,"[""boltons.tbutils.TracebackInfo.get_formatted""]",<external_root>/testRepoSummaryOut/DevEval/Utilities/boltons/graph_results_all/PageRank-15-subgraph/task_58_rank.gml
Utilities/boltons,59,boltons.dictutils.ManyToMany.iteritems,1,1,1.0,1,1.0,0.0,15,5,10,0,"[""boltons.dictutils.ManyToMany.data""]",<external_root>/testRepoSummaryOut/DevEval/Utilities/boltons/graph_results_all/PageRank-15-subgraph/task_59_rank.gml
Utilities/boltons,60,boltons.socketutils.BufferedSocket.flush,2,2,1.0,2,1.0,0.5,15,1,14,0,"[""boltons.socketutils.BufferedSocket._send_lock"", ""boltons.socketutils.BufferedSocket.send""]",<external_root>/testRepoSummaryOut/DevEval/Utilities/boltons/graph_results_all/PageRank-15-subgraph/task_60_rank.gml
Utilities/boltons,61,boltons.mathutils.Bits.as_hex,2,1,0.5,1,0.5,0.0,9,1,8,0,"[""boltons.mathutils.Bits.val""]",<external_root>/testRepoSummaryOut/DevEval/Utilities/boltons/graph_results_all/PageRank-15-subgraph/task_61_rank.gml
Utilities/boltons,62,boltons.ioutils.SpooledStringIO.tell,2,2,1.0,2,1.0,0.5,15,2,13,0,"[""boltons.ioutils.SpooledIOBase._checkClosed"", ""boltons.ioutils.SpooledStringIO._tell""]",<external_root>/testRepoSummaryOut/DevEval/Utilities/boltons/graph_results_all/PageRank-15-subgraph/task_62_rank.gml
Utilities/boltons,63,boltons.socketutils.BufferedSocket.close,6,5,0.8333333333333334,5,0.8333333333333334,0.0,15,1,14,0,"[""boltons.socketutils.BufferedSocket._recv_lock"", ""boltons.socketutils.BufferedSocket._send_lock"", ""boltons.socketutils.BufferedSocket.rbuf"", ""boltons.socketutils.BufferedSocket.sbuf"", ""boltons.socketutils.BufferedSocket.sock""]",<external_root>/testRepoSummaryOut/DevEval/Utilities/boltons/graph_results_all/PageRank-15-subgraph/task_63_rank.gml
Utilities/boltons,64,boltons.ioutils.SpooledBytesIO.len,4,3,0.75,3,0.75,0.75,15,1,14,0,"[""boltons.ioutils.SpooledBytesIO._rolled"", ""boltons.ioutils.SpooledBytesIO.seek"", ""boltons.ioutils.SpooledBytesIO.tell""]",<external_root>/testRepoSummaryOut/DevEval/Utilities/boltons/graph_results_all/PageRank-15-subgraph/task_64_rank.gml
Utilities/boltons,65,boltons.formatutils.split_format_str,1,1,1.0,1,1.0,1.0,11,3,8,0,"[""boltons.formatutils.construct_format_field_str""]",<external_root>/testRepoSummaryOut/DevEval/Utilities/boltons/graph_results_all/PageRank-15-subgraph/task_65_rank.gml
Utilities/boltons,66,boltons.tableutils.Table.__repr__,2,2,1.0,2,1.0,0.0,15,1,14,0,"[""boltons.tableutils.Table._data"", ""boltons.tableutils.Table.headers""]",<external_root>/testRepoSummaryOut/DevEval/Utilities/boltons/graph_results_all/PageRank-15-subgraph/task_66_rank.gml
Utilities/boltons,67,boltons.funcutils.FunctionBuilder.get_defaults_dict,3,3,1.0,3,1.0,0.0,15,1,14,0,"[""boltons.funcutils.FunctionBuilder.args"", ""boltons.funcutils.FunctionBuilder.defaults"", ""boltons.funcutils.FunctionBuilder.kwonlydefaults""]",<external_root>/testRepoSummaryOut/DevEval/Utilities/boltons/graph_results_all/PageRank-15-subgraph/task_67_rank.gml
Utilities/boltons,68,boltons.iterutils.remap,5,2,0.4,2,0.4,0.4,15,0,15,0,"[""boltons.iterutils.default_enter"", ""boltons.iterutils.default_visit""]",<external_root>/testRepoSummaryOut/DevEval/Utilities/boltons/graph_results_all/PageRank-15-subgraph/task_68_rank.gml
Utilities/boltons,69,boltons.ioutils.SpooledStringIO.seek,6,5,0.8333333333333334,5,0.8333333333333334,0.6666666666666666,15,2,13,0,"[""boltons.ioutils.SpooledIOBase._checkClosed"", ""boltons.ioutils.SpooledStringIO._tell"", ""boltons.ioutils.SpooledStringIO._traverse_codepoints"", ""boltons.ioutils.SpooledStringIO.buffer"", ""boltons.ioutils.SpooledStringIO.tell""]",<external_root>/testRepoSummaryOut/DevEval/Utilities/boltons/graph_results_all/PageRank-15-subgraph/task_69_rank.gml
Utilities/boltons,70,boltons.iterutils.research,1,1,1.0,1,1.0,1.0,15,0,15,0,"[""boltons.iterutils.remap""]",<external_root>/testRepoSummaryOut/DevEval/Utilities/boltons/graph_results_all/PageRank-15-subgraph/task_70_rank.gml
Utilities/boltons,71,boltons.dictutils.ManyToMany.remove,2,2,1.0,2,1.0,0.0,15,2,13,0,"[""boltons.dictutils.ManyToMany.data"", ""boltons.dictutils.ManyToMany.inv""]",<external_root>/testRepoSummaryOut/DevEval/Utilities/boltons/graph_results_all/PageRank-15-subgraph/task_71_rank.gml
Utilities/boltons,72,boltons.funcutils.FunctionBuilder.from_func,4,1,0.25,1,0.25,0.25,15,3,12,0,"[""boltons.funcutils.FunctionBuilder._argspec_to_dict""]",<external_root>/testRepoSummaryOut/DevEval/Utilities/boltons/graph_results_all/PageRank-15-subgraph/task_72_rank.gml
Utilities/boltons,73,boltons.ioutils.MultiFileReader.read,3,3,1.0,3,1.0,0.0,15,2,13,0,"[""boltons.ioutils.MultiFileReader._fileobjs"", ""boltons.ioutils.MultiFileReader._index"", ""boltons.ioutils.MultiFileReader._joiner""]",<external_root>/testRepoSummaryOut/DevEval/Utilities/boltons/graph_results_all/PageRank-15-subgraph/task_73_rank.gml
Utilities/boltons,74,boltons.ioutils.SpooledStringIO.len,4,2,0.5,2,0.5,0.5,15,1,14,0,"[""boltons.ioutils.SpooledStringIO.buffer"", ""boltons.ioutils.SpooledStringIO.read""]",<external_root>/testRepoSummaryOut/DevEval/Utilities/boltons/graph_results_all/PageRank-15-subgraph/task_74_rank.gml
Utilities/boltons,75,boltons.tableutils.Table.to_text,4,3,0.75,3,0.75,0.0,15,1,14,0,"[""boltons.tableutils.Table._data"", ""boltons.tableutils.Table._width"", ""boltons.tableutils.Table.headers""]",<external_root>/testRepoSummaryOut/DevEval/Utilities/boltons/graph_results_all/PageRank-15-subgraph/task_75_rank.gml
Utilities/boltons,76,boltons.urlutils.URL.navigate,12,9,0.75,10,0.8333333333333334,0.25,15,1,14,0,"[""boltons.urlutils.URL.__init__"", ""boltons.urlutils.URL.fragment"", ""boltons.urlutils.URL.from_parts"", ""boltons.urlutils.URL.host"", ""boltons.urlutils.URL.password"", ""boltons.urlutils.URL.path_parts"", ""boltons.urlutils.URL.port"", ""boltons.urlutils.URL.query_params"", ""boltons.urlutils.URL.scheme"", ""boltons.urlutils.URL.username""]",<external_root>/testRepoSummaryOut/DevEval/Utilities/boltons/graph_results_all/PageRank-15-subgraph/task_76_rank.gml
Utilities/boltons,77,boltons.funcutils.FunctionBuilder.get_sig_str,6,5,0.8333333333333334,5,0.8333333333333334,0.16666666666666666,15,1,14,0,"[""boltons.funcutils.FunctionBuilder.args"", ""boltons.funcutils.FunctionBuilder.kwonlyargs"", ""boltons.funcutils.FunctionBuilder.varargs"", ""boltons.funcutils.FunctionBuilder.varkw"", ""boltons.funcutils.inspect_formatargspec""]",<external_root>/testRepoSummaryOut/DevEval/Utilities/boltons/graph_results_all/PageRank-15-subgraph/task_77_rank.gml
Utilities/boltons,78,boltons.strutils.asciify,1,0,0.0,0,0.0,0.0,10,2,8,0,[],<external_root>/testRepoSummaryOut/DevEval/Utilities/boltons/graph_results_all/PageRank-15-subgraph/task_78_rank.gml
Utilities/boltons,79,boltons.statsutils.Stats.get_histogram_counts,3,2,0.6666666666666666,2,0.6666666666666666,0.3333333333333333,15,2,13,0,"[""boltons.statsutils.Stats._get_bin_bounds"", ""boltons.statsutils.Stats.data""]",<external_root>/testRepoSummaryOut/DevEval/Utilities/boltons/graph_results_all/PageRank-15-subgraph/task_79_rank.gml
Utilities/boltons,80,boltons.listutils.BarrelList.insert,3,3,1.0,3,1.0,0.6666666666666666,15,1,14,0,"[""boltons.listutils.BarrelList._balance_list"", ""boltons.listutils.BarrelList._translate_index"", ""boltons.listutils.BarrelList.lists""]",<external_root>/testRepoSummaryOut/DevEval/Utilities/boltons/graph_results_all/PageRank-15-subgraph/task_80_rank.gml
Utilities/boltons,81,boltons.formatutils.infer_positional_format_args,1,0,0.0,0,0.0,0.0,11,2,9,0,[],<external_root>/testRepoSummaryOut/DevEval/Utilities/boltons/graph_results_all/PageRank-15-subgraph/task_81_rank.gml
Utilities/boltons,82,boltons.socketutils.BufferedSocket.buffer,2,2,1.0,2,1.0,0.0,15,1,14,0,"[""boltons.socketutils.BufferedSocket._send_lock"", ""boltons.socketutils.BufferedSocket.sbuf""]",<external_root>/testRepoSummaryOut/DevEval/Utilities/boltons/graph_results_all/PageRank-15-subgraph/task_82_rank.gml
Utilities/boltons,83,boltons.dictutils.OneToOne.clear,1,0,0.0,0,0.0,0.0,15,2,13,0,[],<external_root>/testRepoSummaryOut/DevEval/Utilities/boltons/graph_results_all/PageRank-15-subgraph/task_83_rank.gml
Utilities/boltons,84,boltons.cacheutils.MinIDMap.get,4,4,1.0,4,1.0,0.25,8,3,5,0,"[""boltons.cacheutils.MinIDMap._clean"", ""boltons.cacheutils.MinIDMap.free"", ""boltons.cacheutils.MinIDMap.mapping"", ""boltons.cacheutils.MinIDMap.ref_map""]",<external_root>/testRepoSummaryOut/DevEval/Utilities/boltons/graph_results_all/PageRank-15-subgraph/task_84_rank.gml
Utilities/boltons,85,boltons.socketutils.BufferedSocket.getrecvbuffer,2,2,1.0,2,1.0,0.0,15,2,13,0,"[""boltons.socketutils.BufferedSocket._recv_lock"", ""boltons.socketutils.BufferedSocket.rbuf""]",<external_root>/testRepoSummaryOut/DevEval/Utilities/boltons/graph_results_all/PageRank-15-subgraph/task_85_rank.gml
Utilities/boltons,86,boltons.dictutils.OneToOne.pop,2,1,0.5,1,0.5,0.0,15,2,13,0,"[""boltons.dictutils.OneToOne.inv""]",<external_root>/testRepoSummaryOut/DevEval/Utilities/boltons/graph_results_all/PageRank-15-subgraph/task_86_rank.gml
Utilities/boltons,87,boltons.iterutils.chunk_ranges,1,1,1.0,1,1.0,1.0,15,0,15,0,"[""boltons.iterutils._validate_positive_int""]",<external_root>/testRepoSummaryOut/DevEval/Utilities/boltons/graph_results_all/PageRank-15-subgraph/task_87_rank.gml
Utilities/boltons,88,boltons.urlutils.QueryParamDict.to_text,3,2,0.6666666666666666,2,0.6666666666666666,0.6666666666666666,15,1,14,0,"[""boltons.urlutils.quote_query_part"", ""boltons.urlutils.to_unicode""]",<external_root>/testRepoSummaryOut/DevEval/Utilities/boltons/graph_results_all/PageRank-15-subgraph/task_88_rank.gml
Utilities/boltons,89,boltons.urlutils.URL.to_text,8,6,0.75,6,0.75,0.5,15,1,14,0,"[""boltons.urlutils.QueryParamDict.to_text"", ""boltons.urlutils.URL.get_authority"", ""boltons.urlutils.URL.path_parts"", ""boltons.urlutils.URL.query_params"", ""boltons.urlutils.URL.scheme"", ""boltons.urlutils.quote_fragment_part""]",<external_root>/testRepoSummaryOut/DevEval/Utilities/boltons/graph_results_all/PageRank-15-subgraph/task_89_rank.gml
Utilities/boltons,90,boltons.tbutils.ParsedException.from_string,4,1,0.25,1,0.25,0.0,15,2,13,0,"[""boltons.tbutils.text""]",<external_root>/testRepoSummaryOut/DevEval/Utilities/boltons/graph_results_all/PageRank-15-subgraph/task_90_rank.gml
Utilities/boltons,91,boltons.setutils.IndexedSet.pop,6,6,1.0,6,1.0,0.5,15,1,14,0,"[""boltons.setutils.IndexedSet._add_dead"", ""boltons.setutils.IndexedSet._cull"", ""boltons.setutils.IndexedSet._get_real_index"", ""boltons.setutils.IndexedSet.item_index_map"", ""boltons.setutils.IndexedSet.item_list"", ""boltons.setutils._MISSING""]",<external_root>/testRepoSummaryOut/DevEval/Utilities/boltons/graph_results_all/PageRank-15-subgraph/task_91_rank.gml
Utilities/boltons,92,boltons.mathutils.Bits.from_hex,2,1,0.5,1,0.5,0.0,9,1,8,0,"[""boltons.mathutils.bytes""]",<external_root>/testRepoSummaryOut/DevEval/Utilities/boltons/graph_results_all/PageRank-15-subgraph/task_92_rank.gml
Utilities/boltons,93,boltons.dictutils.ManyToMany.update,3,3,1.0,3,1.0,0.3333333333333333,14,3,11,0,"[""boltons.dictutils.ManyToMany.add"", ""boltons.dictutils.ManyToMany.data"", ""boltons.dictutils.ManyToMany.inv""]",<external_root>/testRepoSummaryOut/DevEval/Utilities/boltons/graph_results_all/PageRank-15-subgraph/task_93_rank.gml
Utilities/boltons,94,boltons.tableutils.Table.from_object,4,2,0.5,2,0.5,0.25,14,3,11,0,"[""boltons.tableutils.Table.from_data"", ""boltons.tableutils._MISSING""]",<external_root>/testRepoSummaryOut/DevEval/Utilities/boltons/graph_results_all/PageRank-15-subgraph/task_94_rank.gml
Utilities/boltons,95,boltons.ioutils.SpooledBytesIO.write,7,5,0.7142857142857143,5,0.7142857142857143,0.7142857142857143,15,2,13,0,"[""boltons.ioutils.SpooledBytesIO.buffer"", ""boltons.ioutils.SpooledBytesIO.len"", ""boltons.ioutils.SpooledBytesIO.rollover"", ""boltons.ioutils.SpooledBytesIO.tell"", ""boltons.ioutils.SpooledIOBase._checkClosed""]",<external_root>/testRepoSummaryOut/DevEval/Utilities/boltons/graph_results_all/PageRank-15-subgraph/task_95_rank.gml
Utilities/boltons,96,boltons.cacheutils.LRI.clear,2,2,1.0,2,1.0,0.5,13,3,10,0,"[""boltons.cacheutils.LRI._init_ll"", ""boltons.cacheutils.LRI._lock""]",<external_root>/testRepoSummaryOut/DevEval/Utilities/boltons/graph_results_all/PageRank-15-subgraph/task_96_rank.gml
Utilities/boltons,97,boltons.funcutils.FunctionBuilder.get_invocation_str,6,5,0.8333333333333334,5,0.8333333333333334,0.16666666666666666,14,2,12,0,"[""boltons.funcutils.FunctionBuilder.args"", ""boltons.funcutils.FunctionBuilder.kwonlyargs"", ""boltons.funcutils.FunctionBuilder.varargs"", ""boltons.funcutils.FunctionBuilder.varkw"", ""boltons.funcutils.inspect_formatargspec""]",<external_root>/testRepoSummaryOut/DevEval/Utilities/boltons/graph_results_all/PageRank-15-subgraph/task_97_rank.gml
Utilities/boltons,98,boltons.cacheutils.ThresholdCounter.update,3,1,0.3333333333333333,1,0.3333333333333333,0.3333333333333333,7,2,5,0,"[""boltons.cacheutils.ThresholdCounter.add""]",<external_root>/testRepoSummaryOut/DevEval/Utilities/boltons/graph_results_all/PageRank-15-subgraph/task_98_rank.gml
Utilities/boltons,99,boltons.strutils.strip_ansi,3,2,0.6666666666666666,2,0.6666666666666666,0.0,15,4,11,0,"[""boltons.strutils.bytes"", ""boltons.strutils.unicode""]",<external_root>/testRepoSummaryOut/DevEval/Utilities/boltons/graph_results_all/PageRank-15-subgraph/task_99_rank.gml
Utilities/boltons,100,boltons.urlutils.URL.path,2,2,1.0,2,1.0,0.5,15,1,14,0,"[""boltons.urlutils.URL.path_parts"", ""boltons.urlutils.to_unicode""]",<external_root>/testRepoSummaryOut/DevEval/Utilities/boltons/graph_results_all/PageRank-15-subgraph/task_100_rank.gml
Utilities/boltons,101,boltons.iterutils.get_path,5,3,0.6,3,0.6,0.2,15,0,15,0,"[""boltons.iterutils._UNSET"", ""boltons.iterutils.basestring"", ""boltons.iterutils.is_iterable""]",<external_root>/testRepoSummaryOut/DevEval/Utilities/boltons/graph_results_all/PageRank-15-subgraph/task_101_rank.gml
Utilities/boltons,102,boltons.ioutils.SpooledBytesIO.seek,2,2,1.0,2,1.0,1.0,15,2,13,0,"[""boltons.ioutils.SpooledBytesIO.buffer"", ""boltons.ioutils.SpooledIOBase._checkClosed""]",<external_root>/testRepoSummaryOut/DevEval/Utilities/boltons/graph_results_all/PageRank-15-subgraph/task_102_rank.gml
Utilities/boltons,103,boltons.tbutils.TracebackInfo.from_traceback,3,1,0.3333333333333333,1,0.3333333333333333,0.3333333333333333,15,3,12,0,"[""boltons.tbutils.Callpoint.from_tb""]",<external_root>/testRepoSummaryOut/DevEval/Utilities/boltons/graph_results_all/PageRank-15-subgraph/task_103_rank.gml
Utilities/gunicorn,1,gunicorn.config.validate_callable,0,0,,0,,,15,0,15,0,[],<external_root>/testRepoSummaryOut/DevEval/Utilities/gunicorn/graph_results_all/PageRank-15-subgraph/task_1_rank.gml
Utilities/gunicorn,2,gunicorn.config.get_default_config_file,0,0,,0,,,15,1,14,0,[],<external_root>/testRepoSummaryOut/DevEval/Utilities/gunicorn/graph_results_all/PageRank-15-subgraph/task_2_rank.gml
Utilities/gunicorn,3,gunicorn.util.is_ipv6,0,0,,0,,,15,2,13,0,[],<external_root>/testRepoSummaryOut/DevEval/Utilities/gunicorn/graph_results_all/PageRank-15-subgraph/task_3_rank.gml
Utilities/gunicorn,4,gunicorn.systemd.listen_fds,0,0,,0,,,15,1,14,0,[],<external_root>/testRepoSummaryOut/DevEval/Utilities/gunicorn/graph_results_all/PageRank-15-subgraph/task_4_rank.gml
Utilities/gunicorn,5,gunicorn.util.http_date,0,0,,0,,,15,3,12,0,[],<external_root>/testRepoSummaryOut/DevEval/Utilities/gunicorn/graph_results_all/PageRank-15-subgraph/task_5_rank.gml
Utilities/gunicorn,6,gunicorn.util.parse_address,0,0,,0,,,15,1,14,0,[],<external_root>/testRepoSummaryOut/DevEval/Utilities/gunicorn/graph_results_all/PageRank-15-subgraph/task_6_rank.gml
Utilities/gunicorn,7,gunicorn.util.to_bytestring,0,0,,0,,,9,2,7,0,[],<external_root>/testRepoSummaryOut/DevEval/Utilities/gunicorn/graph_results_all/PageRank-15-subgraph/task_7_rank.gml
Utilities/gunicorn,8,gunicorn.util.warn,0,0,,0,,,15,5,10,0,[],<external_root>/testRepoSummaryOut/DevEval/Utilities/gunicorn/graph_results_all/PageRank-15-subgraph/task_8_rank.gml
Utilities/gunicorn,9,gunicorn.util.split_request_uri,0,0,,0,,,15,4,11,0,[],<external_root>/testRepoSummaryOut/DevEval/Utilities/gunicorn/graph_results_all/PageRank-15-subgraph/task_9_rank.gml
Utilities/gunicorn,10,gunicorn.config.Config.__str__,1,0,0.0,0,0.0,0.0,15,0,15,0,[],<external_root>/testRepoSummaryOut/DevEval/Utilities/gunicorn/graph_results_all/PageRank-15-subgraph/task_10_rank.gml
Utilities/gunicorn,11,gunicorn.config.Config.logger_class,5,1,0.2,1,0.2,0.0,15,1,14,0,"[""gunicorn.config.Config.settings""]",<external_root>/testRepoSummaryOut/DevEval/Utilities/gunicorn/graph_results_all/PageRank-15-subgraph/task_11_rank.gml
Utilities/gunicorn,12,gunicorn.http.unreader.Unreader.unread,1,0,0.0,0,0.0,0.0,15,2,13,0,[],<external_root>/testRepoSummaryOut/DevEval/Utilities/gunicorn/graph_results_all/PageRank-15-subgraph/task_12_rank.gml
Utilities/gunicorn,13,gunicorn.http.body.Body.read,4,0,0.0,0,0.0,0.0,9,4,5,0,[],<external_root>/testRepoSummaryOut/DevEval/Utilities/gunicorn/graph_results_all/PageRank-15-subgraph/task_13_rank.gml
Utilities/gunicorn,14,gunicorn.http.body.LengthReader.read,4,2,0.5,2,0.5,0.5,15,1,14,0,"[""gunicorn.http.unreader.Unreader.read"", ""gunicorn.http.unreader.Unreader.unread""]",<external_root>/testRepoSummaryOut/DevEval/Utilities/gunicorn/graph_results_all/PageRank-15-subgraph/task_14_rank.gml
Utilities/gunicorn,15,gunicorn.http.unreader.IterUnreader.chunk,1,0,0.0,0,0.0,0.0,15,4,11,0,[],<external_root>/testRepoSummaryOut/DevEval/Utilities/gunicorn/graph_results_all/PageRank-15-subgraph/task_15_rank.gml
Utilities/gunicorn,16,gunicorn.config.Config.worker_class,3,1,0.3333333333333333,1,0.3333333333333333,0.0,15,1,14,0,"[""gunicorn.config.Config.settings""]",<external_root>/testRepoSummaryOut/DevEval/Utilities/gunicorn/graph_results_all/PageRank-15-subgraph/task_16_rank.gml
Utilities/gunicorn,17,gunicorn.instrument.statsd.Statsd.critical,3,2,0.6666666666666666,3,1.0,1.0,15,2,13,0,"[""gunicorn.glogging.Logger"", ""gunicorn.glogging.Logger.critical"", ""gunicorn.instrument.statsd.Statsd.increment""]",<external_root>/testRepoSummaryOut/DevEval/Utilities/gunicorn/graph_results_all/PageRank-15-subgraph/task_17_rank.gml
Utilities/gunicorn,18,gunicorn.config.Config.address,1,1,1.0,1,1.0,0.0,15,1,14,0,"[""gunicorn.config.Config.settings""]",<external_root>/testRepoSummaryOut/DevEval/Utilities/gunicorn/graph_results_all/PageRank-15-subgraph/task_18_rank.gml
Utilities/gunicorn,19,gunicorn.config.Config.set,2,1,0.5,1,0.5,0.5,12,4,8,0,"[""gunicorn.config.Setting.set""]",<external_root>/testRepoSummaryOut/DevEval/Utilities/gunicorn/graph_results_all/PageRank-15-subgraph/task_19_rank.gml
Utilities/gunicorn,20,gunicorn.http.body.EOFReader.read,4,1,0.25,1,0.25,0.25,15,1,14,0,"[""gunicorn.http.unreader.Unreader.read""]",<external_root>/testRepoSummaryOut/DevEval/Utilities/gunicorn/graph_results_all/PageRank-15-subgraph/task_20_rank.gml
Utilities/gunicorn,21,gunicorn.http.unreader.Unreader.read,2,1,0.5,1,0.5,0.0,15,1,14,0,"[""gunicorn.http.unreader.Unreader.buf""]",<external_root>/testRepoSummaryOut/DevEval/Utilities/gunicorn/graph_results_all/PageRank-15-subgraph/task_21_rank.gml
Utilities/gunicorn,22,gunicorn.sock.create_sockets,4,1,0.25,1,0.25,0.25,15,1,14,0,"[""gunicorn.sock._sock_type""]",<external_root>/testRepoSummaryOut/DevEval/Utilities/gunicorn/graph_results_all/PageRank-15-subgraph/task_22_rank.gml
Utilities/gunicorn,23,gunicorn.instrument.statsd.Statsd.access,4,3,0.75,3,0.75,0.75,15,1,14,0,"[""gunicorn.glogging.Logger.access"", ""gunicorn.instrument.statsd.Statsd.histogram"", ""gunicorn.instrument.statsd.Statsd.increment""]",<external_root>/testRepoSummaryOut/DevEval/Utilities/gunicorn/graph_results_all/PageRank-15-subgraph/task_23_rank.gml
Utilities/jc,1,jc.cli.JcCli.json_out,0,0,,0,,,15,1,14,0,[],<external_root>/testRepoSummaryOut/DevEval/Utilities/jc/graph_results_all/PageRank-15-subgraph/task_1_rank.gml
Utilities/jc,2,jc.parsers.xrandr._parse_mode,4,1,0.25,1,0.25,0.0,15,2,13,0,"[""jc.parsers.xrandr.Mode""]",<external_root>/testRepoSummaryOut/DevEval/Utilities/jc/graph_results_all/PageRank-15-subgraph/task_2_rank.gml
Utilities/jc,3,jc.cli.JcCli.about_jc,14,1,0.07142857142857142,1,0.07142857142857142,0.07142857142857142,15,1,14,0,"[""jc.lib.all_parser_info""]",<external_root>/testRepoSummaryOut/DevEval/Utilities/jc/graph_results_all/PageRank-15-subgraph/task_3_rank.gml
Utilities/jc,4,jc.cli.JcCli.yaml_out,2,1,0.5,1,0.5,0.0,15,1,14,0,"[""jc.utils""]",<external_root>/testRepoSummaryOut/DevEval/Utilities/jc/graph_results_all/PageRank-15-subgraph/task_4_rank.gml
Utilities/jc,5,jc.parsers.xrandr._parse_screen,4,2,0.5,2,0.5,0.25,15,2,13,0,"[""jc.parsers.xrandr.Device"", ""jc.parsers.xrandr._parse_device""]",<external_root>/testRepoSummaryOut/DevEval/Utilities/jc/graph_results_all/PageRank-15-subgraph/task_5_rank.gml
Utilities/jc,6,jc.parsers.xrandr._parse_model,9,1,0.1111111111111111,1,0.1111111111111111,0.0,14,1,13,0,"[""jc.parsers.xrandr.Model""]",<external_root>/testRepoSummaryOut/DevEval/Utilities/jc/graph_results_all/PageRank-15-subgraph/task_6_rank.gml
Utilities/jc,7,jc.parsers.os_release.parse,9,6,0.6666666666666666,6,0.6666666666666666,0.2222222222222222,15,0,15,0,"[""jc.jc_types.JSONDictType"", ""jc.parsers"", ""jc.parsers.kv"", ""jc.parsers.kv.parse"", ""jc.utils"", ""jc.utils.compatibility""]",<external_root>/testRepoSummaryOut/DevEval/Utilities/jc/graph_results_all/PageRank-15-subgraph/task_7_rank.gml
Utilities/mackup,1,mackup.utils.error,0,0,,0,,,15,2,13,0,[],<external_root>/testRepoSummaryOut/DevEval/Utilities/mackup/graph_results_all/PageRank-15-subgraph/task_1_rank.gml
Utilities/mackup,2,mackup.utils.is_process_running,0,0,,0,,,15,0,15,0,[],<external_root>/testRepoSummaryOut/DevEval/Utilities/mackup/graph_results_all/PageRank-15-subgraph/task_2_rank.gml
Utilities/mackup,3,mackup.utils.get_dropbox_folder_location,3,2,0.6666666666666666,2,0.6666666666666666,0.3333333333333333,15,1,14,0,"[""mackup.constants.ERROR_UNABLE_TO_FIND_STORAGE"", ""mackup.utils.error""]",<external_root>/testRepoSummaryOut/DevEval/Utilities/mackup/graph_results_all/PageRank-15-subgraph/task_3_rank.gml
Utilities/mackup,4,mackup.utils.can_file_be_synced_on_current_platform,2,0,0.0,0,0.0,0.0,15,1,14,0,[],<external_root>/testRepoSummaryOut/DevEval/Utilities/mackup/graph_results_all/PageRank-15-subgraph/task_4_rank.gml
Utilities/mackup,5,mackup.utils.copy,1,1,1.0,1,1.0,1.0,14,2,12,0,"[""mackup.utils.chmod""]",<external_root>/testRepoSummaryOut/DevEval/Utilities/mackup/graph_results_all/PageRank-15-subgraph/task_5_rank.gml
Utilities/mackup,6,mackup.utils.delete,2,2,1.0,2,1.0,1.0,14,2,12,0,"[""mackup.utils.remove_acl"", ""mackup.utils.remove_immutable_attribute""]",<external_root>/testRepoSummaryOut/DevEval/Utilities/mackup/graph_results_all/PageRank-15-subgraph/task_6_rank.gml
Utilities/mackup,7,mackup.utils.get_copy_folder_location,3,2,0.6666666666666666,2,0.6666666666666666,0.3333333333333333,15,1,14,0,"[""mackup.constants.ERROR_UNABLE_TO_FIND_STORAGE"", ""mackup.utils.error""]",<external_root>/testRepoSummaryOut/DevEval/Utilities/mackup/graph_results_all/PageRank-15-subgraph/task_7_rank.gml
Utilities/mmcv,1,mmcv.image.colorspace._convert_input_type_range,0,0,,0,,,15,0,15,0,[],<external_root>/testRepoSummaryOut/DevEval/Utilities/mmcv/graph_results_all/PageRank-15-subgraph/task_1_rank.gml
Utilities/mmcv,2,mmcv.image.colorspace._convert_output_type_range,0,0,,0,,,15,0,15,0,[],<external_root>/testRepoSummaryOut/DevEval/Utilities/mmcv/graph_results_all/PageRank-15-subgraph/task_2_rank.gml
Utilities/mmcv,3,mmcv.transforms.wrappers.TransformBroadcaster.__repr__,6,5,0.8333333333333334,5,0.8333333333333334,0.0,15,0,15,0,"[""mmcv.transforms.wrappers.KeyMapper.allow_nonexist_keys"", ""mmcv.transforms.wrappers.KeyMapper.auto_remap"", ""mmcv.transforms.wrappers.KeyMapper.mapping"", ""mmcv.transforms.wrappers.KeyMapper.remapping"", ""mmcv.transforms.wrappers.KeyMapper.transforms""]",<external_root>/testRepoSummaryOut/DevEval/Utilities/mmcv/graph_results_all/PageRank-15-subgraph/task_3_rank.gml
Utilities/mmcv,4,mmcv.transforms.wrappers.KeyMapper.__repr__,5,0,0.0,0,0.0,0.0,15,0,15,0,[],<external_root>/testRepoSummaryOut/DevEval/Utilities/mmcv/graph_results_all/PageRank-15-subgraph/task_4_rank.gml
Utilities/praw,1,praw.models.listing.listing.ModNoteListing.after,0,0,,0,,,15,3,12,0,[],<external_root>/testRepoSummaryOut/DevEval/Utilities/praw/graph_results_all/PageRank-15-subgraph/task_1_rank.gml
Utilities/praw,2,praw.models.util.permissions_string,0,0,,0,,,15,2,13,0,[],<external_root>/testRepoSummaryOut/DevEval/Utilities/praw/graph_results_all/PageRank-15-subgraph/task_2_rank.gml
Utilities/praw,3,praw.util.token_manager.SQLiteTokenManager.is_registered,2,2,1.0,2,1.0,0.0,15,3,12,0,"[""praw.util.token_manager.SQLiteTokenManager._connection"", ""praw.util.token_manager.SQLiteTokenManager.key""]",<external_root>/testRepoSummaryOut/DevEval/Utilities/praw/graph_results_all/PageRank-15-subgraph/task_3_rank.gml
Utilities/praw,4,praw.models.util.BoundedSet.add,3,3,1.0,3,1.0,0.3333333333333333,12,4,8,0,"[""praw.models.util.BoundedSet._access"", ""praw.models.util.BoundedSet._set"", ""praw.models.util.BoundedSet.max_items""]",<external_root>/testRepoSummaryOut/DevEval/Utilities/praw/graph_results_all/PageRank-15-subgraph/task_4_rank.gml
Utilities/praw,5,praw.util.token_manager.FileTokenManager.post_refresh_callback,1,1,1.0,1,1.0,0.0,15,2,13,0,"[""praw.util.token_manager.FileTokenManager._filename""]",<external_root>/testRepoSummaryOut/DevEval/Utilities/praw/graph_results_all/PageRank-15-subgraph/task_5_rank.gml
Utilities/praw,6,praw.exceptions.RedditErrorItem.error_message,3,3,1.0,3,1.0,0.0,15,3,12,0,"[""praw.exceptions.RedditErrorItem.error_type"", ""praw.exceptions.RedditErrorItem.field"", ""praw.exceptions.RedditErrorItem.message""]",<external_root>/testRepoSummaryOut/DevEval/Utilities/praw/graph_results_all/PageRank-15-subgraph/task_6_rank.gml
Utilities/praw,7,praw.models.listing.generator.ListingGenerator._extract_sublist,3,0,0.0,0,0.0,0.0,14,5,9,0,[],<external_root>/testRepoSummaryOut/DevEval/Utilities/praw/graph_results_all/PageRank-15-subgraph/task_7_rank.gml
Utilities/praw,8,praw.models.util.ExponentialCounter.counter,2,2,1.0,2,1.0,0.0,11,3,8,0,"[""praw.models.util.ExponentialCounter._base"", ""praw.models.util.ExponentialCounter._max""]",<external_root>/testRepoSummaryOut/DevEval/Utilities/praw/graph_results_all/PageRank-15-subgraph/task_8_rank.gml
Utilities/praw,9,praw.util.token_manager.FileTokenManager.pre_refresh_callback,1,1,1.0,1,1.0,0.0,15,2,13,0,"[""praw.util.token_manager.FileTokenManager._filename""]",<external_root>/testRepoSummaryOut/DevEval/Utilities/praw/graph_results_all/PageRank-15-subgraph/task_9_rank.gml
Utilities/praw,10,praw.exceptions.RedditErrorItem.__repr__,3,3,1.0,3,1.0,0.0,15,0,15,0,"[""praw.exceptions.RedditErrorItem.error_type"", ""praw.exceptions.RedditErrorItem.field"", ""praw.exceptions.RedditErrorItem.message""]",<external_root>/testRepoSummaryOut/DevEval/Utilities/praw/graph_results_all/PageRank-15-subgraph/task_10_rank.gml
Utilities/praw,11,praw.util.token_manager.SQLiteTokenManager._get,2,2,1.0,2,1.0,0.0,15,3,12,0,"[""praw.util.token_manager.SQLiteTokenManager._connection"", ""praw.util.token_manager.SQLiteTokenManager.key""]",<external_root>/testRepoSummaryOut/DevEval/Utilities/praw/graph_results_all/PageRank-15-subgraph/task_11_rank.gml
Utilities/praw,12,praw.util.token_manager.SQLiteTokenManager.post_refresh_callback,1,1,1.0,1,1.0,1.0,15,3,12,0,"[""praw.util.token_manager.SQLiteTokenManager._set""]",<external_root>/testRepoSummaryOut/DevEval/Utilities/praw/graph_results_all/PageRank-15-subgraph/task_12_rank.gml
Utilities/praw,13,praw.util.token_manager.SQLiteTokenManager.pre_refresh_callback,1,1,1.0,1,1.0,1.0,15,3,12,0,"[""praw.util.token_manager.SQLiteTokenManager._get""]",<external_root>/testRepoSummaryOut/DevEval/Utilities/praw/graph_results_all/PageRank-15-subgraph/task_13_rank.gml
Utilities/praw,14,praw.util.token_manager.SQLiteTokenManager.register,2,2,1.0,2,1.0,0.0,15,3,12,0,"[""praw.util.token_manager.SQLiteTokenManager._connection"", ""praw.util.token_manager.SQLiteTokenManager.key""]",<external_root>/testRepoSummaryOut/DevEval/Utilities/praw/graph_results_all/PageRank-15-subgraph/task_14_rank.gml
Utilities/pymusic-dl,1,music_dl.utils.colorize,1,0,0.0,0,0.0,0.0,15,2,13,0,[],<external_root>/testRepoSummaryOut/DevEval/Utilities/pymusic-dl/graph_results_all/PageRank-15-subgraph/task_1_rank.gml
Utilities/pymusic-dl,2,music_dl.source.MusicSource.search,7,4,0.5714285714285714,4,0.5714285714285714,0.2857142857142857,15,2,13,0,"[""music_dl.song.BasicSong.singer"", ""music_dl.song.BasicSong.title"", ""music_dl.source.MusicSource.search_thread"", ""music_dl.utils.colorize""]",<external_root>/testRepoSummaryOut/DevEval/Utilities/pymusic-dl/graph_results_all/PageRank-15-subgraph/task_2_rank.gml
Utilities/sacred,1,sacred.metrics_logger.linearize_metrics,0,0,,0,,,15,3,12,0,[],<external_root>/testRepoSummaryOut/DevEval/Utilities/sacred/graph_results_all/PageRank-15-subgraph/task_1_rank.gml
Utilities/sacred,2,sacred.utils.set_by_dotted_path,0,0,,0,,,15,0,15,0,[],<external_root>/testRepoSummaryOut/DevEval/Utilities/sacred/graph_results_all/PageRank-15-subgraph/task_2_rank.gml
Utilities/sacred,3,sacred.utils.get_by_dotted_path,0,0,,0,,,15,1,14,0,[],<external_root>/testRepoSummaryOut/DevEval/Utilities/sacred/graph_results_all/PageRank-15-subgraph/task_3_rank.gml
Utilities/sacred,4,sacred.utils.is_prefix,0,0,,0,,,15,3,12,0,[],<external_root>/testRepoSummaryOut/DevEval/Utilities/sacred/graph_results_all/PageRank-15-subgraph/task_4_rank.gml
Utilities/sacred,5,sacred.utils.get_inheritors,0,0,,0,,,15,3,12,0,[],<external_root>/testRepoSummaryOut/DevEval/Utilities/sacred/graph_results_all/PageRank-15-subgraph/task_5_rank.gml
Utilities/sacred,6,sacred.utils.convert_camel_case_to_snake_case,0,0,,0,,,15,5,10,0,[],<external_root>/testRepoSummaryOut/DevEval/Utilities/sacred/graph_results_all/PageRank-15-subgraph/task_6_rank.gml
Utilities/sacred,7,sacred.utils.module_exists,0,0,,0,,,15,0,15,0,[],<external_root>/testRepoSummaryOut/DevEval/Utilities/sacred/graph_results_all/PageRank-15-subgraph/task_7_rank.gml
Utilities/sacred,8,sacred.utils.apply_backspaces_and_linefeeds,0,0,,0,,,15,5,10,0,[],<external_root>/testRepoSummaryOut/DevEval/Utilities/sacred/graph_results_all/PageRank-15-subgraph/task_8_rank.gml
Utilities/sacred,9,sacred.commands.help_for_command,0,0,,0,,,15,1,14,0,[],<external_root>/testRepoSummaryOut/DevEval/Utilities/sacred/graph_results_all/PageRank-15-subgraph/task_9_rank.gml
Utilities/sacred,10,sacred.optional.optional_import,0,0,,0,,,15,0,15,0,[],<external_root>/testRepoSummaryOut/DevEval/Utilities/sacred/graph_results_all/PageRank-15-subgraph/task_10_rank.gml
Utilities/sacred,11,sacred.dependencies.get_py_file_if_possible,0,0,,0,,,15,1,14,0,[],<external_root>/testRepoSummaryOut/DevEval/Utilities/sacred/graph_results_all/PageRank-15-subgraph/task_11_rank.gml
Utilities/sacred,12,sacred.config.custom_containers.DogmaticDict.update,0,0,,0,,,15,3,12,0,[],<external_root>/testRepoSummaryOut/DevEval/Utilities/sacred/graph_results_all/PageRank-15-subgraph/task_12_rank.gml
Utilities/sacred,13,sacred.config.config_scope.is_empty_or_comment,0,0,,0,,,15,1,14,0,[],<external_root>/testRepoSummaryOut/DevEval/Utilities/sacred/graph_results_all/PageRank-15-subgraph/task_13_rank.gml
Utilities/sacred,14,sacred.config.config_scope.dedent_line,0,0,,0,,,15,1,14,0,[],<external_root>/testRepoSummaryOut/DevEval/Utilities/sacred/graph_results_all/PageRank-15-subgraph/task_14_rank.gml
Utilities/sacred,15,sacred.experiment.Experiment.main,2,2,1.0,2,1.0,0.5,15,2,13,0,"[""sacred.experiment.Experiment.default_command"", ""sacred.ingredient.Ingredient.command""]",<external_root>/testRepoSummaryOut/DevEval/Utilities/sacred/graph_results_all/PageRank-15-subgraph/task_15_rank.gml
Utilities/sacred,16,sacred.config.custom_containers.DogmaticDict.get,1,1,1.0,1,1.0,1.0,15,3,12,0,"[""sacred.config.custom_containers.DogmaticDict.fallback""]",<external_root>/testRepoSummaryOut/DevEval/Utilities/sacred/graph_results_all/PageRank-15-subgraph/task_16_rank.gml
Utilities/sacred,17,sacred.config.config_scope.dedent_function_body,1,1,1.0,1,1.0,1.0,15,3,12,0,"[""sacred.config.config_scope.is_empty_or_comment""]",<external_root>/testRepoSummaryOut/DevEval/Utilities/sacred/graph_results_all/PageRank-15-subgraph/task_17_rank.gml
Utilities/sacred,18,sacred.ingredient.Ingredient.gather_commands,4,1,0.25,1,0.25,0.25,15,2,13,0,"[""sacred.ingredient.Ingredient.post_process_name""]",<external_root>/testRepoSummaryOut/DevEval/Utilities/sacred/graph_results_all/PageRank-15-subgraph/task_18_rank.gml
Utilities/sacred,19,sacred.utils.format_sacred_error,4,1,0.25,1,0.25,0.25,15,1,14,0,"[""sacred.utils.format_filtered_stacktrace""]",<external_root>/testRepoSummaryOut/DevEval/Utilities/sacred/graph_results_all/PageRank-15-subgraph/task_19_rank.gml
Utilities/sacred,20,sacred.utils.iterate_flattened,2,1,0.5,1,0.5,0.5,15,0,15,0,"[""sacred.utils.join_paths""]",<external_root>/testRepoSummaryOut/DevEval/Utilities/sacred/graph_results_all/PageRank-15-subgraph/task_20_rank.gml
Utilities/sacred,21,sacred.ingredient.Ingredient.named_config,3,1,0.3333333333333333,1,0.3333333333333333,0.3333333333333333,15,1,14,0,"[""sacred.ingredient.Ingredient._add_named_config""]",<external_root>/testRepoSummaryOut/DevEval/Utilities/sacred/graph_results_all/PageRank-15-subgraph/task_21_rank.gml
Utilities/sacred,22,sacred.host_info.host_info_getter,1,0,0.0,0,0.0,0.0,15,0,15,0,[],<external_root>/testRepoSummaryOut/DevEval/Utilities/sacred/graph_results_all/PageRank-15-subgraph/task_22_rank.gml
Utilities/sacred,23,sacred.ingredient.Ingredient.gather_named_configs,4,2,0.5,2,0.5,0.25,15,1,14,0,"[""sacred.ingredient.Ingredient.named_configs"", ""sacred.ingredient.Ingredient.traverse_ingredients""]",<external_root>/testRepoSummaryOut/DevEval/Utilities/sacred/graph_results_all/PageRank-15-subgraph/task_23_rank.gml
Utilities/sacred,24,sacred.utils.convert_to_nested_dict,2,2,1.0,2,1.0,1.0,15,0,15,0,"[""sacred.utils.iterate_flattened"", ""sacred.utils.set_by_dotted_path""]",<external_root>/testRepoSummaryOut/DevEval/Utilities/sacred/graph_results_all/PageRank-15-subgraph/task_24_rank.gml
Utilities/sacred,25,sacred.utils.iterate_flattened_separately,4,1,0.25,1,0.25,0.25,15,4,11,0,"[""sacred.utils.is_non_empty_dict""]",<external_root>/testRepoSummaryOut/DevEval/Utilities/sacred/graph_results_all/PageRank-15-subgraph/task_25_rank.gml
Utilities/sacred,26,sacred.utils.recursive_update,1,0,0.0,0,0.0,0.0,15,3,12,0,[],<external_root>/testRepoSummaryOut/DevEval/Utilities/sacred/graph_results_all/PageRank-15-subgraph/task_26_rank.gml
Utilities/sacred,27,sacred.config.signature.Signature.get_free_parameters,1,1,1.0,1,1.0,1.0,15,1,14,0,"[""sacred.config.signature.Signature._get_expected_args""]",<external_root>/testRepoSummaryOut/DevEval/Utilities/sacred/graph_results_all/PageRank-15-subgraph/task_27_rank.gml
Utilities/sacred,28,sacred.dependencies.PackageDependency.create,2,0,0.0,0,0.0,0.0,15,1,14,0,[],<external_root>/testRepoSummaryOut/DevEval/Utilities/sacred/graph_results_all/PageRank-15-subgraph/task_28_rank.gml
Utilities/sacred,29,sacred.dependencies.Source.to_json,2,0,0.0,0,0.0,0.0,15,0,15,0,[],<external_root>/testRepoSummaryOut/DevEval/Utilities/sacred/graph_results_all/PageRank-15-subgraph/task_29_rank.gml
Utilities/sacred,30,sacred.utils.rel_path,1,1,1.0,1,1.0,1.0,15,4,11,0,"[""sacred.utils.is_prefix""]",<external_root>/testRepoSummaryOut/DevEval/Utilities/sacred/graph_results_all/PageRank-15-subgraph/task_30_rank.gml
Utilities/sacred,31,sacred.config.config_files.load_config_file,3,1,0.3333333333333333,1,0.3333333333333333,0.3333333333333333,15,1,14,0,"[""sacred.config.config_files.get_handler""]",<external_root>/testRepoSummaryOut/DevEval/Utilities/sacred/graph_results_all/PageRank-15-subgraph/task_31_rank.gml
Utilities/sacred,32,sacred.config.custom_containers.make_read_only,5,0,0.0,0,0.0,0.0,15,2,13,0,[],<external_root>/testRepoSummaryOut/DevEval/Utilities/sacred/graph_results_all/PageRank-15-subgraph/task_32_rank.gml
Utilities/sacred,33,sacred.dependencies.is_local_source,1,1,1.0,1,1.0,1.0,15,1,14,0,"[""sacred.dependencies.convert_path_to_module_parts""]",<external_root>/testRepoSummaryOut/DevEval/Utilities/sacred/graph_results_all/PageRank-15-subgraph/task_33_rank.gml
Utilities/sacred,34,sacred.arg_parser._convert_value,2,1,0.5,1,0.5,0.5,15,5,10,0,"[""sacred.serializer.restore""]",<external_root>/testRepoSummaryOut/DevEval/Utilities/sacred/graph_results_all/PageRank-15-subgraph/task_34_rank.gml
Utilities/sacred,35,sacred.config.signature.Signature.construct_arguments,6,6,1.0,6,1.0,1.0,15,1,14,0,"[""sacred.config.signature.Signature._assert_no_duplicate_args"", ""sacred.config.signature.Signature._assert_no_missing_args"", ""sacred.config.signature.Signature._assert_no_unexpected_args"", ""sacred.config.signature.Signature._assert_no_unexpected_kwargs"", ""sacred.config.signature.Signature._fill_in_options"", ""sacred.config.signature.Signature._get_expected_args""]",<external_root>/testRepoSummaryOut/DevEval/Utilities/sacred/graph_results_all/PageRank-15-subgraph/task_35_rank.gml
Utilities/sacred,36,sacred.config.custom_containers.DogmaticDict.revelation,4,1,0.25,2,0.5,0.25,15,2,13,0,"[""sacred.config.custom_containers.DogmaticDict.fixed"", ""sacred.config.custom_containers.DogmaticList""]",<external_root>/testRepoSummaryOut/DevEval/Utilities/sacred/graph_results_all/PageRank-15-subgraph/task_36_rank.gml
Utilities/sacred,37,sacred.utils.get_package_version,1,1,1.0,1,1.0,1.0,10,3,7,0,"[""sacred.utils.parse_version""]",<external_root>/testRepoSummaryOut/DevEval/Utilities/sacred/graph_results_all/PageRank-15-subgraph/task_37_rank.gml
Utilities/sacred,38,sacred.dependencies.Source.create,4,3,0.75,3,0.75,0.75,15,1,14,0,"[""sacred.dependencies.get_commit_if_possible"", ""sacred.dependencies.get_digest"", ""sacred.dependencies.get_py_file_if_possible""]",<external_root>/testRepoSummaryOut/DevEval/Utilities/sacred/graph_results_all/PageRank-15-subgraph/task_38_rank.gml
Utilities/sacred,39,sacred.ingredient.Ingredient.config,3,0,0.0,0,0.0,0.0,15,1,14,0,[],<external_root>/testRepoSummaryOut/DevEval/Utilities/sacred/graph_results_all/PageRank-15-subgraph/task_39_rank.gml
Utilities/sacred,40,sacred.ingredient.Ingredient.command,3,1,0.3333333333333333,1,0.3333333333333333,0.3333333333333333,15,2,13,0,"[""sacred.ingredient.Ingredient.capture""]",<external_root>/testRepoSummaryOut/DevEval/Utilities/sacred/graph_results_all/PageRank-15-subgraph/task_40_rank.gml
Utilities/sacred,41,sacred.dependencies.gather_sources_and_dependencies,8,2,0.25,2,0.25,0.25,15,0,15,0,"[""sacred.dependencies.PackageDependency.create"", ""sacred.dependencies.get_main_file""]",<external_root>/testRepoSummaryOut/DevEval/Utilities/sacred/graph_results_all/PageRank-15-subgraph/task_41_rank.gml
Utilities/sacred,42,sacred.experiment.Experiment.run,2,1,0.5,1,0.5,0.5,15,1,14,0,"[""sacred.experiment.Experiment._create_run""]",<external_root>/testRepoSummaryOut/DevEval/Utilities/sacred/graph_results_all/PageRank-15-subgraph/task_42_rank.gml
Utilities/sacred,43,sacred.utils.iter_prefixes,1,1,1.0,1,1.0,1.0,15,0,15,0,"[""sacred.utils.join_paths""]",<external_root>/testRepoSummaryOut/DevEval/Utilities/sacred/graph_results_all/PageRank-15-subgraph/task_43_rank.gml
Utilities/sacred,44,sacred.observers.file_storage.FileStorageObserver.resource_event,4,3,0.75,3,0.75,0.5,15,1,14,0,"[""sacred.observers.file_storage.FileStorageObserver.find_or_save"", ""sacred.observers.file_storage.FileStorageObserver.run_entry"", ""sacred.observers.file_storage.FileStorageObserver.save_json""]",<external_root>/testRepoSummaryOut/DevEval/Utilities/sacred/graph_results_all/PageRank-15-subgraph/task_44_rank.gml
Utilities/stellar,1,stellar.operations._get_pid_column,0,0,,0,,,15,1,14,0,[],<external_root>/testRepoSummaryOut/DevEval/Utilities/stellar/graph_results_all/PageRank-15-subgraph/task_1_rank.gml
Utilities/stellar,2,stellar.models.Table.get_table_name,2,0,0.0,0,0.0,0.0,15,1,14,0,[],<external_root>/testRepoSummaryOut/DevEval/Utilities/stellar/graph_results_all/PageRank-15-subgraph/task_2_rank.gml
Utilities/whereami,1,whereami.predict.crossval,2,2,1.0,2,1.0,1.0,15,1,14,0,"[""whereami.get_data.get_train_data"", ""whereami.pipeline.get_model""]",<external_root>/testRepoSummaryOut/DevEval/Utilities/whereami/graph_results_all/PageRank-15-subgraph/task_1_rank.gml
