project,project_task_id,namespace,gt,seed_nodes,old_seed_hits,new_seed_dr,new_seed_hits,seed_contains_target,graph_path
Communications/IMAPClient,1,imapclient.imap_utf7.encode,0,24,0,,0,False,<external_root>/testRepoSummaryOut/DevEval/Communications/IMAPClient/graph_results_all/task_1_ori.gml
Communications/IMAPClient,2,imapclient.version._imapclient_version_string,0,18,0,,0,False,<external_root>/testRepoSummaryOut/DevEval/Communications/IMAPClient/graph_results_all/task_2_ori.gml
Communications/IMAPClient,3,imapclient.imapclient.IMAPClient.expunge,5,23,3,0.6,3,False,<external_root>/testRepoSummaryOut/DevEval/Communications/IMAPClient/graph_results_all/task_3_ori.gml
Communications/IMAPClient,4,imapclient.imapclient.IMAPClient.thread,7,26,3,0.42857142857142855,3,False,<external_root>/testRepoSummaryOut/DevEval/Communications/IMAPClient/graph_results_all/task_4_ori.gml
Communications/IMAPClient,5,imapclient.imapclient.IMAPClient.append,6,20,0,0.0,0,False,<external_root>/testRepoSummaryOut/DevEval/Communications/IMAPClient/graph_results_all/task_5_ori.gml
Communications/IMAPClient,6,imapclient.imapclient.IMAPClient.setacl,2,33,2,1.0,2,False,<external_root>/testRepoSummaryOut/DevEval/Communications/IMAPClient/graph_results_all/task_6_ori.gml
Communications/IMAPClient,7,imapclient.imapclient.IMAPClient._proc_folder_list,4,27,1,0.25,1,False,<external_root>/testRepoSummaryOut/DevEval/Communications/IMAPClient/graph_results_all/task_7_ori.gml
Communications/IMAPClient,8,imapclient.response_lexer.TokenSource.current_literal,2,20,1,0.5,1,False,<external_root>/testRepoSummaryOut/DevEval/Communications/IMAPClient/graph_results_all/task_8_ori.gml
Communications/IMAPClient,9,imapclient.datetime_util.format_criteria_date,1,23,0,0.0,0,False,<external_root>/testRepoSummaryOut/DevEval/Communications/IMAPClient/graph_results_all/task_9_ori.gml
Communications/IMAPClient,10,imapclient.imap_utf7.decode,3,13,1,0.3333333333333333,1,False,<external_root>/testRepoSummaryOut/DevEval/Communications/IMAPClient/graph_results_all/task_10_ori.gml
Communications/IMAPClient,11,imapclient.imapclient.IMAPClient.folder_status,5,22,2,0.4,2,False,<external_root>/testRepoSummaryOut/DevEval/Communications/IMAPClient/graph_results_all/task_11_ori.gml
Communications/IMAPClient,12,imapclient.imapclient.IMAPClient.unselect_folder,2,17,1,0.5,1,False,<external_root>/testRepoSummaryOut/DevEval/Communications/IMAPClient/graph_results_all/task_12_ori.gml
Communications/IMAPClient,13,imapclient.imapclient.IMAPClient.get_gmail_labels,2,24,2,1.0,2,False,<external_root>/testRepoSummaryOut/DevEval/Communications/IMAPClient/graph_results_all/task_13_ori.gml
Communications/IMAPClient,14,imapclient.imapclient.IMAPClient.enable,5,18,3,0.6,3,False,<external_root>/testRepoSummaryOut/DevEval/Communications/IMAPClient/graph_results_all/task_14_ori.gml
Communications/IMAPClient,15,imapclient.imapclient._normalise_search_criteria,7,22,1,0.14285714285714285,1,False,<external_root>/testRepoSummaryOut/DevEval/Communications/IMAPClient/graph_results_all/task_15_ori.gml
Communications/IMAPClient,16,imapclient.imapclient.IMAPClient.get_flags,2,29,2,1.0,2,False,<external_root>/testRepoSummaryOut/DevEval/Communications/IMAPClient/graph_results_all/task_16_ori.gml
Communications/IMAPClient,17,imapclient.imapclient.IMAPClient.idle_done,4,14,2,0.5,2,False,<external_root>/testRepoSummaryOut/DevEval/Communications/IMAPClient/graph_results_all/task_17_ori.gml
Communications/IMAPClient,18,imapclient.imapclient.IMAPClient.noop,2,15,2,1.0,2,False,<external_root>/testRepoSummaryOut/DevEval/Communications/IMAPClient/graph_results_all/task_18_ori.gml
Communications/IMAPClient,19,imapclient.imapclient.IMAPClient.starttls,11,22,4,0.36363636363636365,4,False,<external_root>/testRepoSummaryOut/DevEval/Communications/IMAPClient/graph_results_all/task_19_ori.gml
Communications/IMAPClient,20,imapclient.imapclient.IMAPClient.set_quota,4,18,2,0.5,2,False,<external_root>/testRepoSummaryOut/DevEval/Communications/IMAPClient/graph_results_all/task_20_ori.gml
Communications/IMAPClient,21,imapclient.imapclient.IMAPClient.sort,4,32,4,1.0,4,False,<external_root>/testRepoSummaryOut/DevEval/Communications/IMAPClient/graph_results_all/task_21_ori.gml
Communications/IMAPClient,22,imapclient.util.assert_imap_protocol,2,11,0,0.0,0,False,<external_root>/testRepoSummaryOut/DevEval/Communications/IMAPClient/graph_results_all/task_22_ori.gml
Communications/IMAPClient,23,imapclient.imapclient.IMAPClient.get_quota_root,7,18,4,0.5714285714285714,4,False,<external_root>/testRepoSummaryOut/DevEval/Communications/IMAPClient/graph_results_all/task_23_ori.gml
Communications/IMAPClient,24,imapclient.imapclient.IMAPClient.getacl,4,24,2,0.5,2,False,<external_root>/testRepoSummaryOut/DevEval/Communications/IMAPClient/graph_results_all/task_24_ori.gml
Communications/IMAPClient,25,imapclient.imapclient.IMAPClient.idle_check,8,20,6,0.75,6,False,<external_root>/testRepoSummaryOut/DevEval/Communications/IMAPClient/graph_results_all/task_25_ori.gml
Communications/IMAPClient,26,imapclient.imapclient.IMAPClient.select_folder,4,22,3,0.75,3,False,<external_root>/testRepoSummaryOut/DevEval/Communications/IMAPClient/graph_results_all/task_26_ori.gml
Communications/IMAPClient,27,imapclient.datetime_util.parse_to_datetime,3,29,2,0.6666666666666666,2,False,<external_root>/testRepoSummaryOut/DevEval/Communications/IMAPClient/graph_results_all/task_27_ori.gml
Communications/IMAPClient,28,imapclient.imapclient.IMAPClient.idle,4,18,3,0.75,3,False,<external_root>/testRepoSummaryOut/DevEval/Communications/IMAPClient/graph_results_all/task_28_ori.gml
Communications/IMAPClient,29,imapclient.datetime_util.datetime_to_INTERNALDATE,3,23,1,0.3333333333333333,1,False,<external_root>/testRepoSummaryOut/DevEval/Communications/IMAPClient/graph_results_all/task_29_ori.gml
Communications/IMAPClient,30,imapclient.imapclient.IMAPClient.multiappend,2,29,0,0.0,0,False,<external_root>/testRepoSummaryOut/DevEval/Communications/IMAPClient/graph_results_all/task_30_ori.gml
Communications/IMAPClient,31,imapclient.imapclient.IMAPClient._consume_until_tagged_response,3,14,3,1.0,3,False,<external_root>/testRepoSummaryOut/DevEval/Communications/IMAPClient/graph_results_all/task_31_ori.gml
Communications/IMAPClient,32,imapclient.imapclient.IMAPClient.shutdown,3,21,3,1.0,3,False,<external_root>/testRepoSummaryOut/DevEval/Communications/IMAPClient/graph_results_all/task_32_ori.gml
Communications/IMAPClient,33,imapclient.fixed_offset.FixedOffset.for_system,1,23,0,1.0,1,False,<external_root>/testRepoSummaryOut/DevEval/Communications/IMAPClient/graph_results_all/task_33_ori.gml
Communications/PySimpleSOAP,1,pysimplesoap.simplexml.SimpleXMLElement.as_xml,1,19,1,1.0,1,False,<external_root>/testRepoSummaryOut/DevEval/Communications/PySimpleSOAP/graph_results_all/task_1_ori.gml
Communications/PySimpleSOAP,2,pysimplesoap.simplexml.SimpleXMLElement.add_child,8,7,6,0.875,7,False,<external_root>/testRepoSummaryOut/DevEval/Communications/PySimpleSOAP/graph_results_all/task_2_ori.gml
Communications/Wikipedia-API,1,wikipediaapi.WikipediaPage.__repr__,3,23,0,0.0,0,True,<external_root>/testRepoSummaryOut/DevEval/Communications/Wikipedia-API/graph_results_all/task_1_ori.gml
Communications/Wikipedia-API,2,wikipediaapi.WikipediaPage.section_by_title,4,38,1,0.25,1,True,<external_root>/testRepoSummaryOut/DevEval/Communications/Wikipedia-API/graph_results_all/task_2_ori.gml
Communications/Wikipedia-API,3,wikipediaapi.WikipediaPage.sections_by_title,4,38,1,0.25,1,True,<external_root>/testRepoSummaryOut/DevEval/Communications/Wikipedia-API/graph_results_all/task_3_ori.gml
Communications/Wikipedia-API,4,wikipediaapi.WikipediaPage.categorymembers,4,36,1,0.25,1,True,<external_root>/testRepoSummaryOut/DevEval/Communications/Wikipedia-API/graph_results_all/task_4_ori.gml
Communications/Wikipedia-API,5,wikipediaapi.WikipediaPage.text,2,38,2,1.0,2,True,<external_root>/testRepoSummaryOut/DevEval/Communications/Wikipedia-API/graph_results_all/task_5_ori.gml
Communications/Wikipedia-API,6,wikipediaapi.Wikipedia.page,6,24,1,0.16666666666666666,1,True,<external_root>/testRepoSummaryOut/DevEval/Communications/Wikipedia-API/graph_results_all/task_6_ori.gml
Communications/Wikipedia-API,7,wikipediaapi.WikipediaPage.backlinks,4,36,1,0.25,1,True,<external_root>/testRepoSummaryOut/DevEval/Communications/Wikipedia-API/graph_results_all/task_7_ori.gml
Communications/Wikipedia-API,8,wikipediaapi.WikipediaPage.sections,4,38,1,0.25,1,True,<external_root>/testRepoSummaryOut/DevEval/Communications/Wikipedia-API/graph_results_all/task_8_ori.gml
Communications/Wikipedia-API,9,wikipediaapi.WikipediaPage._fetch,2,39,0,0.0,0,True,<external_root>/testRepoSummaryOut/DevEval/Communications/Wikipedia-API/graph_results_all/task_9_ori.gml
Communications/Wikipedia-API,10,wikipediaapi.Wikipedia.article,4,24,1,0.25,1,True,<external_root>/testRepoSummaryOut/DevEval/Communications/Wikipedia-API/graph_results_all/task_10_ori.gml
Communications/Wikipedia-API,11,wikipediaapi.WikipediaPage.langlinks,4,36,1,0.25,1,True,<external_root>/testRepoSummaryOut/DevEval/Communications/Wikipedia-API/graph_results_all/task_11_ori.gml
Communications/Wikipedia-API,12,wikipediaapi.WikipediaPageSection.__repr__,4,38,0,0.0,0,True,<external_root>/testRepoSummaryOut/DevEval/Communications/Wikipedia-API/graph_results_all/task_12_ori.gml
Communications/Wikipedia-API,13,wikipediaapi.WikipediaPage.links,4,36,1,0.25,1,True,<external_root>/testRepoSummaryOut/DevEval/Communications/Wikipedia-API/graph_results_all/task_13_ori.gml
Communications/chatette,1,chatette.utils.sample_indulgent,0,15,0,,0,False,<external_root>/testRepoSummaryOut/DevEval/Communications/chatette/graph_results_all/task_1_ori.gml
Communications/chatette,2,chatette.utils.rchop,0,8,0,,0,False,<external_root>/testRepoSummaryOut/DevEval/Communications/chatette/graph_results_all/task_2_ori.gml
Communications/chatette,3,chatette.utils.str_to_bool,0,9,0,,0,False,<external_root>/testRepoSummaryOut/DevEval/Communications/chatette/graph_results_all/task_3_ori.gml
Communications/chatette,4,chatette.utils.min_if_exist,0,12,0,,0,False,<external_root>/testRepoSummaryOut/DevEval/Communications/chatette/graph_results_all/task_4_ori.gml
Communications/chatette,5,chatette.utils.append_to_list_in_dict,0,10,0,,0,False,<external_root>/testRepoSummaryOut/DevEval/Communications/chatette/graph_results_all/task_5_ori.gml
Communications/chatette,6,chatette.utils.extend_list_in_dict,0,13,0,,0,False,<external_root>/testRepoSummaryOut/DevEval/Communications/chatette/graph_results_all/task_6_ori.gml
Communications/chatette,7,chatette.cli.interactive_commands.command_strategy.CommandStrategy._is_end_regex,0,13,0,,0,False,<external_root>/testRepoSummaryOut/DevEval/Communications/chatette/graph_results_all/task_7_ori.gml
Communications/chatette,8,chatette.cli.interactive_commands.command_strategy.CommandStrategy.execute,0,29,0,,0,False,<external_root>/testRepoSummaryOut/DevEval/Communications/chatette/graph_results_all/task_8_ori.gml
Communications/chatette,9,chatette.cli.interactive_commands.unhide_command.UnhideCommand.execute,11,20,8,0.7272727272727273,8,False,<external_root>/testRepoSummaryOut/DevEval/Communications/chatette/graph_results_all/task_9_ori.gml
Communications/chatette,10,chatette.parsing.SlotDefBuilder.create_concrete,9,20,2,0.2222222222222222,2,True,<external_root>/testRepoSummaryOut/DevEval/Communications/chatette/graph_results_all/task_10_ori.gml
Communications/chatette,11,chatette.cli.interactive_commands.command_strategy.CommandStrategy.find_redirection_file_path,6,14,0,0.0,0,False,<external_root>/testRepoSummaryOut/DevEval/Communications/chatette/graph_results_all/task_11_ori.gml
Communications/chatette,12,chatette.parsing.IntentDefBuilder.create_concrete,11,11,2,0.18181818181818182,2,True,<external_root>/testRepoSummaryOut/DevEval/Communications/chatette/graph_results_all/task_12_ori.gml
Communications/chatette,13,chatette.parsing.UnitDefBuilder._build_modifiers_repr,4,12,1,0.25,1,True,<external_root>/testRepoSummaryOut/DevEval/Communications/chatette/graph_results_all/task_13_ori.gml
Communications/chatette,14,chatette.utils.cast_to_unicode,1,7,0,0.0,0,False,<external_root>/testRepoSummaryOut/DevEval/Communications/chatette/graph_results_all/task_14_ori.gml
Communications/chatette,15,chatette.parsing.AliasDefBuilder.create_concrete,9,11,2,0.2222222222222222,2,True,<external_root>/testRepoSummaryOut/DevEval/Communications/chatette/graph_results_all/task_15_ori.gml
Communications/chatette,16,chatette.cli.terminal_writer.TerminalWriter.write,3,10,3,1.0,3,False,<external_root>/testRepoSummaryOut/DevEval/Communications/chatette/graph_results_all/task_16_ori.gml
Communications/chatette,17,chatette.parsing.ChoiceBuilder.create_concrete,5,8,2,0.4,2,True,<external_root>/testRepoSummaryOut/DevEval/Communications/chatette/graph_results_all/task_17_ori.gml
Communications/chatette,18,chatette.cli.interactive_commands.command_strategy.CommandStrategy.get_unit_type_from_str,7,16,0,0.0,0,False,<external_root>/testRepoSummaryOut/DevEval/Communications/chatette/graph_results_all/task_18_ori.gml
Communications/chatette,19,chatette.parsing.UnitRefBuilder.create_concrete,6,11,3,0.3333333333333333,2,True,<external_root>/testRepoSummaryOut/DevEval/Communications/chatette/graph_results_all/task_19_ori.gml
Communications/chatette,20,chatette.utils.Singleton.reset_instance,1,10,0,0.0,0,False,<external_root>/testRepoSummaryOut/DevEval/Communications/chatette/graph_results_all/task_20_ori.gml
Communications/chatette,21,chatette.parsing.UnitRefBuilder._build_modifiers_repr,6,10,1,0.16666666666666666,1,True,<external_root>/testRepoSummaryOut/DevEval/Communications/chatette/graph_results_all/task_21_ori.gml
Communications/chatette,22,chatette.adapters.factory.create_adapter,3,11,1,0.0,0,False,<external_root>/testRepoSummaryOut/DevEval/Communications/chatette/graph_results_all/task_22_ori.gml
Communications/ehforwarderbot,1,ehforwarderbot.utils.get_config_path,5,7,3,0.6,3,False,<external_root>/testRepoSummaryOut/DevEval/Communications/ehforwarderbot/graph_results_all/task_1_ori.gml
Communications/ehforwarderbot,2,ehforwarderbot.chat.Chat.add_member,5,13,3,0.6,3,False,<external_root>/testRepoSummaryOut/DevEval/Communications/ehforwarderbot/graph_results_all/task_2_ori.gml
Communications/ehforwarderbot,3,ehforwarderbot.utils.get_custom_modules_path,1,7,1,1.0,1,False,<external_root>/testRepoSummaryOut/DevEval/Communications/ehforwarderbot/graph_results_all/task_3_ori.gml
Communications/ehforwarderbot,4,ehforwarderbot.chat.PrivateChat.verify,4,13,2,0.25,1,False,<external_root>/testRepoSummaryOut/DevEval/Communications/ehforwarderbot/graph_results_all/task_4_ori.gml
Communications/ehforwarderbot,5,ehforwarderbot.chat.Chat.add_system_member,5,13,4,0.6,3,False,<external_root>/testRepoSummaryOut/DevEval/Communications/ehforwarderbot/graph_results_all/task_5_ori.gml
Communications/hbmqtt,1,hbmqtt.codecs.bytes_to_int,0,24,0,,0,False,<external_root>/testRepoSummaryOut/DevEval/Communications/hbmqtt/graph_results_all/task_1_ori.gml
Communications/hbmqtt,2,hbmqtt.plugins.manager.PluginManager.get_plugin,1,8,1,1.0,1,False,<external_root>/testRepoSummaryOut/DevEval/Communications/hbmqtt/graph_results_all/task_2_ori.gml
Communications/hbmqtt,3,hbmqtt.codecs.encode_string,1,15,1,1.0,1,False,<external_root>/testRepoSummaryOut/DevEval/Communications/hbmqtt/graph_results_all/task_3_ori.gml
Communications/hl7,1,hl7.datatypes.parse_datetime,3,14,0,0.0,0,False,<external_root>/testRepoSummaryOut/DevEval/Communications/hl7/graph_results_all/task_1_ori.gml
Communications/hl7,2,hl7.client.MLLPClient.send,2,14,1,0.5,1,False,<external_root>/testRepoSummaryOut/DevEval/Communications/hl7/graph_results_all/task_2_ori.gml
Communications/hl7,3,hl7.client.MLLPClient.send_message,6,16,2,0.3333333333333333,2,False,<external_root>/testRepoSummaryOut/DevEval/Communications/hl7/graph_results_all/task_3_ori.gml
Communications/hl7,4,hl7.datatypes._UTCOffset.tzname,1,12,1,1.0,1,False,<external_root>/testRepoSummaryOut/DevEval/Communications/hl7/graph_results_all/task_4_ori.gml
Communications/hl7,5,hl7.parser._ParsePlan.next,5,19,5,1.0,5,False,<external_root>/testRepoSummaryOut/DevEval/Communications/hl7/graph_results_all/task_5_ori.gml
Communications/hl7,6,hl7.version.get_version,1,15,0,0.0,0,False,<external_root>/testRepoSummaryOut/DevEval/Communications/hl7/graph_results_all/task_6_ori.gml
Communications/hl7,7,hl7.parser._ParsePlan.container,4,19,4,1.0,4,False,<external_root>/testRepoSummaryOut/DevEval/Communications/hl7/graph_results_all/task_7_ori.gml
Communications/twilio-fatisar,1,twilio.base.deserialize.decimal,0,8,0,,0,False,<external_root>/testRepoSummaryOut/DevEval/Communications/twilio-fatisar/graph_results_all/task_1_ori.gml
Communications/twilio-fatisar,2,twilio.base.deserialize.integer,0,12,0,,0,False,<external_root>/testRepoSummaryOut/DevEval/Communications/twilio-fatisar/graph_results_all/task_2_ori.gml
Communications/twilio-fatisar,3,twilio.base.serialize.object,0,25,0,,0,False,<external_root>/testRepoSummaryOut/DevEval/Communications/twilio-fatisar/graph_results_all/task_3_ori.gml
Communications/twilio-fatisar,4,twilio.base.serialize.map,0,9,0,,0,False,<external_root>/testRepoSummaryOut/DevEval/Communications/twilio-fatisar/graph_results_all/task_4_ori.gml
Communications/twilio-fatisar,5,twilio.base.obsolete.deprecated_method,0,17,0,,0,False,<external_root>/testRepoSummaryOut/DevEval/Communications/twilio-fatisar/graph_results_all/task_5_ori.gml
Communications/twilio-fatisar,6,twilio.twiml.voice_response.Dial.client,3,5,1,0.3333333333333333,1,False,<external_root>/testRepoSummaryOut/DevEval/Communications/twilio-fatisar/graph_results_all/task_6_ori.gml
Communications/twilio-fatisar,7,twilio.twiml.voice_response.VoiceResponse.gather,3,15,0,0.0,0,False,<external_root>/testRepoSummaryOut/DevEval/Communications/twilio-fatisar/graph_results_all/task_7_ori.gml
Communications/twilio-fatisar,8,twilio.base.deserialize.iso8601_date,1,8,0,0.0,0,False,<external_root>/testRepoSummaryOut/DevEval/Communications/twilio-fatisar/graph_results_all/task_8_ori.gml
Communications/twilio-fatisar,9,twilio.base.serialize.iso8601_date,2,8,1,0.5,1,False,<external_root>/testRepoSummaryOut/DevEval/Communications/twilio-fatisar/graph_results_all/task_9_ori.gml
Communications/twilio-fatisar,10,twilio.twiml.voice_response.Gather.say,3,19,0,0.0,0,False,<external_root>/testRepoSummaryOut/DevEval/Communications/twilio-fatisar/graph_results_all/task_10_ori.gml
Communications/twilio-fatisar,11,twilio.twiml.TwiML.append,1,12,1,1.0,1,True,<external_root>/testRepoSummaryOut/DevEval/Communications/twilio-fatisar/graph_results_all/task_11_ori.gml
Communications/twilio-fatisar,12,twilio.base.serialize.prefixed_collapsible_map,2,9,1,0.5,1,False,<external_root>/testRepoSummaryOut/DevEval/Communications/twilio-fatisar/graph_results_all/task_12_ori.gml
Communications/twilio-fatisar,13,twilio.twiml.voice_response.VoiceResponse.enqueue,3,35,0,0.0,0,False,<external_root>/testRepoSummaryOut/DevEval/Communications/twilio-fatisar/graph_results_all/task_13_ori.gml
Communications/twilio-fatisar,14,twilio.jwt.taskrouter.capabilities.WorkerCapabilityToken.allow_update_activities,2,12,1,0.5,1,False,<external_root>/testRepoSummaryOut/DevEval/Communications/twilio-fatisar/graph_results_all/task_14_ori.gml
Communications/twilio-fatisar,15,twilio.twiml.voice_response.Dial.sip,3,8,1,0.3333333333333333,1,False,<external_root>/testRepoSummaryOut/DevEval/Communications/twilio-fatisar/graph_results_all/task_15_ori.gml
Communications/twilio-fatisar,16,twilio.twiml.messaging_response.MessagingResponse.message,3,20,0,0.0,0,False,<external_root>/testRepoSummaryOut/DevEval/Communications/twilio-fatisar/graph_results_all/task_16_ori.gml
Communications/twilio-fatisar,17,twilio.twiml.voice_response.VoiceResponse.dial,3,11,0,0.0,0,False,<external_root>/testRepoSummaryOut/DevEval/Communications/twilio-fatisar/graph_results_all/task_17_ori.gml
Communications/twilio-fatisar,18,twilio.twiml.voice_response.VoiceResponse.say,3,19,0,0.0,0,False,<external_root>/testRepoSummaryOut/DevEval/Communications/twilio-fatisar/graph_results_all/task_18_ori.gml
Communications/twilio-fatisar,19,twilio.jwt.Jwt.to_jwt,5,13,3,0.6,3,True,<external_root>/testRepoSummaryOut/DevEval/Communications/twilio-fatisar/graph_results_all/task_19_ori.gml
Communications/twilio-fatisar,20,twilio.base.serialize.iso8601_datetime,2,17,1,0.5,1,False,<external_root>/testRepoSummaryOut/DevEval/Communications/twilio-fatisar/graph_results_all/task_20_ori.gml
Communications/twilio-fatisar,21,twilio.jwt.access_token.AccessToken.add_grant,2,14,0,0.0,0,True,<external_root>/testRepoSummaryOut/DevEval/Communications/twilio-fatisar/graph_results_all/task_21_ori.gml
Communications/twilio-fatisar,22,twilio.jwt.client.ClientCapabilityToken.allow_client_outgoing,4,11,1,0.25,1,True,<external_root>/testRepoSummaryOut/DevEval/Communications/twilio-fatisar/graph_results_all/task_22_ori.gml
Communications/twilio-fatisar,23,twilio.jwt.client.ScopeURI.to_payload,3,7,0,0.0,0,True,<external_root>/testRepoSummaryOut/DevEval/Communications/twilio-fatisar/graph_results_all/task_23_ori.gml
Communications/twilio-fatisar,24,twilio.jwt.client.ClientCapabilityToken.allow_event_stream,4,17,1,0.25,1,True,<external_root>/testRepoSummaryOut/DevEval/Communications/twilio-fatisar/graph_results_all/task_24_ori.gml
Communications/twilio-fatisar,25,twilio.twiml.voice_response.VoiceResponse.sms,3,30,1,0.3333333333333333,1,False,<external_root>/testRepoSummaryOut/DevEval/Communications/twilio-fatisar/graph_results_all/task_25_ori.gml
Communications/twilio-fatisar,26,twilio.twiml.voice_response.Dial.conference,3,25,0,0.0,0,False,<external_root>/testRepoSummaryOut/DevEval/Communications/twilio-fatisar/graph_results_all/task_26_ori.gml
Communications/twilio-fatisar,27,twilio.twiml.voice_response.Dial.queue,3,19,1,0.3333333333333333,1,False,<external_root>/testRepoSummaryOut/DevEval/Communications/twilio-fatisar/graph_results_all/task_27_ori.gml
Communications/twilio-fatisar,28,twilio.base.deserialize.iso8601_datetime,1,8,0,0.0,0,False,<external_root>/testRepoSummaryOut/DevEval/Communications/twilio-fatisar/graph_results_all/task_28_ori.gml
Communications/twilio-fatisar,29,twilio.jwt.client.ClientCapabilityToken._generate_payload,3,19,1,0.3333333333333333,1,True,<external_root>/testRepoSummaryOut/DevEval/Communications/twilio-fatisar/graph_results_all/task_29_ori.gml
Communications/twilio-fatisar,30,twilio.jwt.client.ClientCapabilityToken.allow_client_incoming,4,18,0,0.0,0,True,<external_root>/testRepoSummaryOut/DevEval/Communications/twilio-fatisar/graph_results_all/task_30_ori.gml
Communications/twtxt,1,twtxt.config.Config.following,3,24,2,0.6666666666666666,2,False,<external_root>/testRepoSummaryOut/DevEval/Communications/twtxt/graph_results_all/task_1_ori.gml
Communications/twtxt,2,twtxt.config.Config.create_config,2,21,1,0.5,1,False,<external_root>/testRepoSummaryOut/DevEval/Communications/twtxt/graph_results_all/task_2_ori.gml
Communications/twtxt,3,twtxt.config.Config.options,2,20,2,1.0,2,False,<external_root>/testRepoSummaryOut/DevEval/Communications/twtxt/graph_results_all/task_3_ori.gml
Communications/twtxt,4,twtxt.config.Config.from_file,2,16,1,0.5,1,False,<external_root>/testRepoSummaryOut/DevEval/Communications/twtxt/graph_results_all/task_4_ori.gml
Communications/twtxt,5,twtxt.config.Config.discover,3,16,1,0.3333333333333333,1,False,<external_root>/testRepoSummaryOut/DevEval/Communications/twtxt/graph_results_all/task_5_ori.gml
Communications/twtxt,6,twtxt.models.Tweet.relative_datetime,1,20,1,1.0,1,False,<external_root>/testRepoSummaryOut/DevEval/Communications/twtxt/graph_results_all/task_6_ori.gml
Communications/twtxt,7,twtxt.parser.parse_tweets,2,24,2,1.0,2,False,<external_root>/testRepoSummaryOut/DevEval/Communications/twtxt/graph_results_all/task_7_ori.gml
Communications/twtxt,8,twtxt.mentions.format_mentions,2,18,1,0.5,1,False,<external_root>/testRepoSummaryOut/DevEval/Communications/twtxt/graph_results_all/task_8_ori.gml
Communications/zulip-term,1,zulipterminal.helper.display_error_if_present,0,18,0,,0,False,<external_root>/testRepoSummaryOut/DevEval/Communications/zulip-term/graph_results_all/task_1_ori.gml
Communications/zulip-term,2,zulipterminal.ui_tools.buttons.MessageLinkButton._decode_message_id,0,7,0,,0,False,<external_root>/testRepoSummaryOut/DevEval/Communications/zulip-term/graph_results_all/task_2_ori.gml
Communications/zulip-term,3,zulipterminal.ui_tools.buttons.MessageLinkButton.handle_narrow_link,0,8,0,,0,False,<external_root>/testRepoSummaryOut/DevEval/Communications/zulip-term/graph_results_all/task_3_ori.gml
Communications/zulip-term,4,zulipterminal.config.color.color_properties,0,16,0,,0,False,<external_root>/testRepoSummaryOut/DevEval/Communications/zulip-term/graph_results_all/task_4_ori.gml
Communications/zulip-term,5,zulipterminal.ui_tools.utils.is_muted,3,11,1,0.3333333333333333,1,False,<external_root>/testRepoSummaryOut/DevEval/Communications/zulip-term/graph_results_all/task_5_ori.gml
Communications/zulip-term,6,zulipterminal.ui_tools.boxes.WriteBox.stream_box_view,6,12,3,0.5,3,False,<external_root>/testRepoSummaryOut/DevEval/Communications/zulip-term/graph_results_all/task_6_ori.gml
Communications/zulip-term,7,zulipterminal.server_url.near_message_url,3,10,2,0.6666666666666666,2,False,<external_root>/testRepoSummaryOut/DevEval/Communications/zulip-term/graph_results_all/task_7_ori.gml
Communications/zulip-term,8,zulipterminal.ui_tools.buttons.MessageLinkButton._validate_and_patch_stream_data,4,12,2,0.5,2,False,<external_root>/testRepoSummaryOut/DevEval/Communications/zulip-term/graph_results_all/task_8_ori.gml
Communications/zulip-term,9,zulipterminal.ui_tools.buttons.TopButton.keypress,3,25,2,0.6666666666666666,2,False,<external_root>/testRepoSummaryOut/DevEval/Communications/zulip-term/graph_results_all/task_9_ori.gml
Communications/zulip-term,10,zulipterminal.helper.open_media,2,14,2,1.0,2,False,<external_root>/testRepoSummaryOut/DevEval/Communications/zulip-term/graph_results_all/task_10_ori.gml
Communications/zulip-term,11,zulipterminal.ui_tools.buttons.MessageLinkButton._switch_narrow_to,3,8,2,0.6666666666666666,2,False,<external_root>/testRepoSummaryOut/DevEval/Communications/zulip-term/graph_results_all/task_11_ori.gml
Communications/zulip-term,12,zulipterminal.ui_tools.boxes.WriteBox._to_box_autocomplete,2,17,1,0.5,1,False,<external_root>/testRepoSummaryOut/DevEval/Communications/zulip-term/graph_results_all/task_12_ori.gml
Communications/zulip-term,13,zulipterminal.ui_tools.buttons.MessageLinkButton._parse_narrow_link,3,11,1,0.3333333333333333,1,False,<external_root>/testRepoSummaryOut/DevEval/Communications/zulip-term/graph_results_all/task_13_ori.gml
Communications/zulip-term,14,zulipterminal.ui_tools.boxes.WriteBox.stream_box_edit_view,8,12,4,0.5,4,False,<external_root>/testRepoSummaryOut/DevEval/Communications/zulip-term/graph_results_all/task_14_ori.gml
Communications/zulip-term,15,zulipterminal.ui_tools.boxes.WriteBox._topic_box_autocomplete,5,17,3,0.6,3,False,<external_root>/testRepoSummaryOut/DevEval/Communications/zulip-term/graph_results_all/task_15_ori.gml
Communications/zulip-term,16,zulipterminal.helper.get_unused_fence,1,7,0,0.0,0,False,<external_root>/testRepoSummaryOut/DevEval/Communications/zulip-term/graph_results_all/task_16_ori.gml
Communications/zulip-term,17,zulipterminal.helper.canonicalize_color,2,8,0,0.0,0,False,<external_root>/testRepoSummaryOut/DevEval/Communications/zulip-term/graph_results_all/task_17_ori.gml
Communications/zulip-term,18,zulipterminal.ui_tools.boxes.WriteBox.generic_autocomplete,7,17,7,1.0,7,False,<external_root>/testRepoSummaryOut/DevEval/Communications/zulip-term/graph_results_all/task_18_ori.gml
Communications/zulip-term,19,zulipterminal.server_url.encode_stream,1,11,1,1.0,1,False,<external_root>/testRepoSummaryOut/DevEval/Communications/zulip-term/graph_results_all/task_19_ori.gml
Communications/zulip-term,20,zulipterminal.ui_tools.buttons.MessageLinkButton._validate_narrow_link,2,9,0,0.0,0,False,<external_root>/testRepoSummaryOut/DevEval/Communications/zulip-term/graph_results_all/task_20_ori.gml
Communications/zulip-term,21,zulipterminal.ui_tools.boxes.WriteBox._stream_box_autocomplete,3,14,2,0.6666666666666666,2,False,<external_root>/testRepoSummaryOut/DevEval/Communications/zulip-term/graph_results_all/task_21_ori.gml
Communications/zulip-term,22,zulipterminal.config.themes.add_pygments_style,2,13,1,0.5,1,False,<external_root>/testRepoSummaryOut/DevEval/Communications/zulip-term/graph_results_all/task_22_ori.gml
Communications/zulip-term,23,zulipterminal.platform_code.normalized_file_path,1,15,1,1.0,1,False,<external_root>/testRepoSummaryOut/DevEval/Communications/zulip-term/graph_results_all/task_23_ori.gml
Communications/zulip-term,24,zulipterminal.config.themes.parse_themefile,3,18,2,0.6666666666666666,2,False,<external_root>/testRepoSummaryOut/DevEval/Communications/zulip-term/graph_results_all/task_24_ori.gml
Communications/zulip-term,25,zulipterminal.ui_tools.boxes.WriteBox.update_recipients,3,9,1,0.3333333333333333,1,False,<external_root>/testRepoSummaryOut/DevEval/Communications/zulip-term/graph_results_all/task_25_ori.gml
Communications/zulip-term,26,zulipterminal.config.themes.complete_and_incomplete_themes,1,17,1,1.0,1,False,<external_root>/testRepoSummaryOut/DevEval/Communications/zulip-term/graph_results_all/task_26_ori.gml
Communications/zulip-term,27,zulipterminal.ui_tools.buttons.TopButton.update_widget,6,12,0,0.0,0,False,<external_root>/testRepoSummaryOut/DevEval/Communications/zulip-term/graph_results_all/task_27_ori.gml
Communications/zulip-term,28,zulipterminal.config.keys.commands_for_random_tips,2,25,1,0.5,1,False,<external_root>/testRepoSummaryOut/DevEval/Communications/zulip-term/graph_results_all/task_28_ori.gml
Communications/zulip-term,29,zulipterminal.ui_tools.boxes.PanelSearchBox.reset_search_text,1,24,0,0.0,0,False,<external_root>/testRepoSummaryOut/DevEval/Communications/zulip-term/graph_results_all/task_29_ori.gml
Communications/zulip-term,30,zulipterminal.ui_tools.boxes.PanelSearchBox.valid_char,1,12,0,0.0,0,False,<external_root>/testRepoSummaryOut/DevEval/Communications/zulip-term/graph_results_all/task_30_ori.gml
Communications/zulip-term,31,zulipterminal.config.themes.validate_colors,3,15,1,0.3333333333333333,1,False,<external_root>/testRepoSummaryOut/DevEval/Communications/zulip-term/graph_results_all/task_31_ori.gml
Communications/zulip-term,32,zulipterminal.ui_tools.boxes.WriteBox._set_stream_write_box_style,8,12,1,0.125,1,False,<external_root>/testRepoSummaryOut/DevEval/Communications/zulip-term/graph_results_all/task_32_ori.gml
Communications/zulip-term,33,zulipterminal.ui_tools.buttons.TopButton.update_count,4,12,1,0.25,1,False,<external_root>/testRepoSummaryOut/DevEval/Communications/zulip-term/graph_results_all/task_33_ori.gml
Communications/zulip-term,34,zulipterminal.platform_code.successful_GUI_return_code,1,14,1,1.0,1,False,<external_root>/testRepoSummaryOut/DevEval/Communications/zulip-term/graph_results_all/task_34_ori.gml
Communications/zulip-term,35,zulipterminal.config.keys.is_command_key,2,18,1,0.5,1,False,<external_root>/testRepoSummaryOut/DevEval/Communications/zulip-term/graph_results_all/task_35_ori.gml
Communications/zulip-term,36,zulipterminal.config.keys.keys_for_command,2,18,1,0.5,1,False,<external_root>/testRepoSummaryOut/DevEval/Communications/zulip-term/graph_results_all/task_36_ori.gml
Database/alembic,1,alembic.script.write_hooks.register,0,8,0,,0,False,<external_root>/testRepoSummaryOut/DevEval/Database/alembic/graph_results_all/task_1_ori.gml
Database/alembic,2,alembic.operations.ops.DropColumnOp.from_column_and_tablename,3,12,1,0.3333333333333333,1,False,<external_root>/testRepoSummaryOut/DevEval/Database/alembic/graph_results_all/task_2_ori.gml
Database/alembic,3,alembic.util.sqla_compat._get_constraint_final_name,1,13,0,0.0,0,False,<external_root>/testRepoSummaryOut/DevEval/Database/alembic/graph_results_all/task_3_ori.gml
Database/alembic,4,alembic.script.revision.RevisionMap.get_revision,5,17,1,0.2,1,False,<external_root>/testRepoSummaryOut/DevEval/Database/alembic/graph_results_all/task_4_ori.gml
Database/alembic,5,alembic.testing.env.multi_heads_fixture,5,24,1,0.2,1,False,<external_root>/testRepoSummaryOut/DevEval/Database/alembic/graph_results_all/task_5_ori.gml
Database/alembic,6,alembic.operations.ops.DropColumnOp.to_column,7,13,2,0.2857142857142857,2,False,<external_root>/testRepoSummaryOut/DevEval/Database/alembic/graph_results_all/task_6_ori.gml
Database/alembic,7,alembic.command.upgrade,6,8,0,0.0,0,False,<external_root>/testRepoSummaryOut/DevEval/Database/alembic/graph_results_all/task_7_ori.gml
Database/alembic,8,alembic.script.revision.Revision._all_down_revisions,5,30,1,0.2,1,False,<external_root>/testRepoSummaryOut/DevEval/Database/alembic/graph_results_all/task_8_ori.gml
Database/alembic,9,alembic.autogenerate.compare._compare_server_default,15,19,8,0.5333333333333333,8,False,<external_root>/testRepoSummaryOut/DevEval/Database/alembic/graph_results_all/task_9_ori.gml
Database/alembic,10,alembic.operations.ops.DropConstraintOp.to_constraint,7,12,1,0.14285714285714285,1,False,<external_root>/testRepoSummaryOut/DevEval/Database/alembic/graph_results_all/task_10_ori.gml
Database/alembic,11,alembic.operations.ops.DropTableOp.from_table,3,9,1,0.3333333333333333,1,False,<external_root>/testRepoSummaryOut/DevEval/Database/alembic/graph_results_all/task_11_ori.gml
Database/alembic,12,alembic.command.ensure_version,4,16,0,0.0,0,False,<external_root>/testRepoSummaryOut/DevEval/Database/alembic/graph_results_all/task_12_ori.gml
Database/alembic,13,alembic.testing.fixtures.capture_engine_context_buffer,3,9,1,0.3333333333333333,1,False,<external_root>/testRepoSummaryOut/DevEval/Database/alembic/graph_results_all/task_13_ori.gml
Database/alembic,14,alembic.operations.ops.DropConstraintOp.from_constraint,6,9,2,0.3333333333333333,2,False,<external_root>/testRepoSummaryOut/DevEval/Database/alembic/graph_results_all/task_14_ori.gml
Database/alembic,15,alembic.operations.schemaobj.SchemaObjects.index,1,12,0,0.0,0,False,<external_root>/testRepoSummaryOut/DevEval/Database/alembic/graph_results_all/task_15_ori.gml
Database/alembic,16,alembic.autogenerate.api.compare_metadata,4,22,2,0.5,2,False,<external_root>/testRepoSummaryOut/DevEval/Database/alembic/graph_results_all/task_16_ori.gml
Database/alembic,17,alembic.testing.env._write_config_file,2,16,2,1.0,2,False,<external_root>/testRepoSummaryOut/DevEval/Database/alembic/graph_results_all/task_17_ori.gml
Database/alembic,18,alembic.operations.ops.CreateIndexOp.from_index,3,10,0,0.3333333333333333,1,False,<external_root>/testRepoSummaryOut/DevEval/Database/alembic/graph_results_all/task_18_ori.gml
Database/alembic,19,alembic.script.revision.RevisionMap._topological_sort,4,30,2,0.5,2,False,<external_root>/testRepoSummaryOut/DevEval/Database/alembic/graph_results_all/task_19_ori.gml
Database/alembic,20,alembic.operations.ops.DropIndexOp.to_index,10,13,2,0.2,2,False,<external_root>/testRepoSummaryOut/DevEval/Database/alembic/graph_results_all/task_20_ori.gml
Database/alembic,21,alembic.operations.schemaobj.SchemaObjects.unique_constraint,3,11,0,0.0,0,False,<external_root>/testRepoSummaryOut/DevEval/Database/alembic/graph_results_all/task_21_ori.gml
Database/alembic,22,alembic.command.merge,10,10,0,0.0,0,False,<external_root>/testRepoSummaryOut/DevEval/Database/alembic/graph_results_all/task_22_ori.gml
Database/alembic,23,alembic.operations.ops.AlterColumnOp.to_diff_tuple,11,16,0,0.0,0,False,<external_root>/testRepoSummaryOut/DevEval/Database/alembic/graph_results_all/task_23_ori.gml
Database/alembic,24,alembic.config.Config.print_stdout,4,16,2,0.5,2,False,<external_root>/testRepoSummaryOut/DevEval/Database/alembic/graph_results_all/task_24_ori.gml
Database/alembic,25,alembic.testing.env._no_sql_testing_config,2,15,2,1.0,2,False,<external_root>/testRepoSummaryOut/DevEval/Database/alembic/graph_results_all/task_25_ori.gml
Database/alembic,26,alembic.command.history,5,21,0,0.0,0,False,<external_root>/testRepoSummaryOut/DevEval/Database/alembic/graph_results_all/task_26_ori.gml
Database/alembic,27,alembic.testing.env.env_file_fixture,3,10,1,0.3333333333333333,1,False,<external_root>/testRepoSummaryOut/DevEval/Database/alembic/graph_results_all/task_27_ori.gml
Database/alembic,28,alembic.script.revision.RevisionMap.get_revisions,4,17,1,0.25,1,False,<external_root>/testRepoSummaryOut/DevEval/Database/alembic/graph_results_all/task_28_ori.gml
Database/alembic,29,alembic.autogenerate.render._render_unique_constraint,3,7,0,0.0,0,False,<external_root>/testRepoSummaryOut/DevEval/Database/alembic/graph_results_all/task_29_ori.gml
Database/alembic,30,alembic.operations.ops.DropTableOp.to_table,13,10,0,0.0,0,False,<external_root>/testRepoSummaryOut/DevEval/Database/alembic/graph_results_all/task_30_ori.gml
Database/alembic,31,alembic.testing.fixtures.capture_db,1,8,0,0.0,0,False,<external_root>/testRepoSummaryOut/DevEval/Database/alembic/graph_results_all/task_31_ori.gml
Database/alembic,32,alembic.autogenerate.render._render_check_constraint,5,16,3,0.6,3,False,<external_root>/testRepoSummaryOut/DevEval/Database/alembic/graph_results_all/task_32_ori.gml
Database/alembic,33,alembic.operations.ops.CreateTableOp.from_table,1,6,0,0.0,0,False,<external_root>/testRepoSummaryOut/DevEval/Database/alembic/graph_results_all/task_33_ori.gml
Database/alembic,34,alembic.operations.ops.DropColumnOp.reverse,6,8,2,0.3333333333333333,2,False,<external_root>/testRepoSummaryOut/DevEval/Database/alembic/graph_results_all/task_34_ori.gml
Database/alembic,35,alembic.testing.env.three_rev_fixture,5,15,1,0.2,1,False,<external_root>/testRepoSummaryOut/DevEval/Database/alembic/graph_results_all/task_35_ori.gml
Database/alembic,36,alembic.script.write_hooks._invoke,3,9,2,0.6666666666666666,2,False,<external_root>/testRepoSummaryOut/DevEval/Database/alembic/graph_results_all/task_36_ori.gml
Database/alembic,37,alembic.autogenerate.api.AutogenContext._within_batch,1,8,0,0.0,0,False,<external_root>/testRepoSummaryOut/DevEval/Database/alembic/graph_results_all/task_37_ori.gml
Database/alembic,38,alembic.operations.ops.CreatePrimaryKeyOp.to_constraint,9,8,2,0.2222222222222222,2,False,<external_root>/testRepoSummaryOut/DevEval/Database/alembic/graph_results_all/task_38_ori.gml
Database/alembic,39,alembic.autogenerate.render._render_constraint,5,5,1,0.2,1,False,<external_root>/testRepoSummaryOut/DevEval/Database/alembic/graph_results_all/task_39_ori.gml
Database/alembic,40,alembic.script.revision.RevisionMap.add_revision,19,31,11,0.5789473684210527,11,False,<external_root>/testRepoSummaryOut/DevEval/Database/alembic/graph_results_all/task_40_ori.gml
Database/alembic,41,alembic.script.revision.RevisionMap.iterate_revisions,6,26,4,0.6666666666666666,4,False,<external_root>/testRepoSummaryOut/DevEval/Database/alembic/graph_results_all/task_41_ori.gml
Database/alembic,42,alembic.command.downgrade,6,10,0,0.0,0,False,<external_root>/testRepoSummaryOut/DevEval/Database/alembic/graph_results_all/task_42_ori.gml
Database/alembic,43,alembic.util.sqla_compat._connectable_has_table,1,23,1,1.0,1,False,<external_root>/testRepoSummaryOut/DevEval/Database/alembic/graph_results_all/task_43_ori.gml
Database/alembic,44,alembic.script.revision.Revision._normalized_down_revisions,5,18,0,0.0,0,False,<external_root>/testRepoSummaryOut/DevEval/Database/alembic/graph_results_all/task_44_ori.gml
Database/alembic,45,alembic.autogenerate.render._render_server_default,8,22,7,0.875,7,False,<external_root>/testRepoSummaryOut/DevEval/Database/alembic/graph_results_all/task_45_ori.gml
Database/alembic,46,alembic.operations.ops.AddColumnOp.reverse,5,8,1,0.2,1,False,<external_root>/testRepoSummaryOut/DevEval/Database/alembic/graph_results_all/task_46_ori.gml
Database/alembic,47,alembic.command.stamp,8,8,0,0.0,0,False,<external_root>/testRepoSummaryOut/DevEval/Database/alembic/graph_results_all/task_47_ori.gml
Database/alembic,48,alembic.operations.ops.DropIndexOp.from_index,3,7,2,0.3333333333333333,1,False,<external_root>/testRepoSummaryOut/DevEval/Database/alembic/graph_results_all/task_48_ori.gml
Database/alembic,49,alembic.script.revision.RevisionMap.filter_for_lineage,2,30,0,0.0,0,False,<external_root>/testRepoSummaryOut/DevEval/Database/alembic/graph_results_all/task_49_ori.gml
Database/alembic,50,alembic.config.Config.set_section_option,1,11,1,1.0,1,False,<external_root>/testRepoSummaryOut/DevEval/Database/alembic/graph_results_all/task_50_ori.gml
Database/alembic,51,alembic.script.revision.RevisionMap.heads,2,19,0,0.0,0,False,<external_root>/testRepoSummaryOut/DevEval/Database/alembic/graph_results_all/task_51_ori.gml
Database/asyncpg,1,asyncpg._testbase.TestCase.assertLoopErrorHandlerCalled,1,6,0,0.0,0,True,<external_root>/testRepoSummaryOut/DevEval/Database/asyncpg/graph_results_all/task_1_ori.gml
Database/awesome-autodl,1,awesome_autodl.autodl_topic2papers,1,18,1,1.0,1,True,<external_root>/testRepoSummaryOut/DevEval/Database/awesome-autodl/graph_results_all/task_1_ori.gml
Database/awesome-autodl,2,awesome_autodl.get_bib_abbrv_obj,1,15,1,1.0,1,True,<external_root>/testRepoSummaryOut/DevEval/Database/awesome-autodl/graph_results_all/task_2_ori.gml
Database/bplustree,1,bplustree.memory.open_file_in_dir,0,21,0,,0,False,<external_root>/testRepoSummaryOut/DevEval/Database/bplustree/graph_results_all/task_1_ori.gml
Database/bplustree,2,bplustree.memory.FileMemory.read_transaction,0,26,0,,0,False,<external_root>/testRepoSummaryOut/DevEval/Database/bplustree/graph_results_all/task_2_ori.gml
Database/bplustree,3,bplustree.utils.pairwise,0,18,0,,0,False,<external_root>/testRepoSummaryOut/DevEval/Database/bplustree/graph_results_all/task_3_ori.gml
Database/bplustree,4,bplustree.utils.iter_slice,0,21,0,,0,False,<external_root>/testRepoSummaryOut/DevEval/Database/bplustree/graph_results_all/task_4_ori.gml
Database/bplustree,5,bplustree.serializer.StrSerializer.serialize,0,25,0,,0,False,<external_root>/testRepoSummaryOut/DevEval/Database/bplustree/graph_results_all/task_5_ori.gml
Database/bplustree,6,bplustree.memory.WAL.checkpoint,9,24,9,1.0,9,False,<external_root>/testRepoSummaryOut/DevEval/Database/bplustree/graph_results_all/task_6_ori.gml
Database/bplustree,7,bplustree.memory.FileMemory.get_node,8,22,4,0.5,4,False,<external_root>/testRepoSummaryOut/DevEval/Database/bplustree/graph_results_all/task_7_ori.gml
Database/bplustree,8,bplustree.memory.FileMemory.next_available_page,1,26,0,0.0,0,False,<external_root>/testRepoSummaryOut/DevEval/Database/bplustree/graph_results_all/task_8_ori.gml
Database/bplustree,9,bplustree.node.Node.dump,7,13,1,0.14285714285714285,1,False,<external_root>/testRepoSummaryOut/DevEval/Database/bplustree/graph_results_all/task_9_ori.gml
Database/bplustree,10,bplustree.tree.BPlusTree._left_record_node,6,25,4,0.6666666666666666,4,False,<external_root>/testRepoSummaryOut/DevEval/Database/bplustree/graph_results_all/task_10_ori.gml
Database/bplustree,11,bplustree.node.Node.from_page_data,11,11,5,0.45454545454545453,5,False,<external_root>/testRepoSummaryOut/DevEval/Database/bplustree/graph_results_all/task_11_ori.gml
Database/bplustree,12,bplustree.entry.Reference.__repr__,3,18,3,1.0,3,False,<external_root>/testRepoSummaryOut/DevEval/Database/bplustree/graph_results_all/task_12_ori.gml
Database/bplustree,13,bplustree.memory.FileMemory.get_metadata,8,18,4,0.5,4,False,<external_root>/testRepoSummaryOut/DevEval/Database/bplustree/graph_results_all/task_13_ori.gml
Database/bplustree,14,bplustree.memory.FileMemory.set_metadata,6,26,2,0.3333333333333333,2,False,<external_root>/testRepoSummaryOut/DevEval/Database/bplustree/graph_results_all/task_14_ori.gml
Database/bplustree,15,bplustree.entry.Record.dump,9,17,6,0.6666666666666666,6,False,<external_root>/testRepoSummaryOut/DevEval/Database/bplustree/graph_results_all/task_15_ori.gml
Database/bplustree,16,bplustree.memory.WAL.commit,4,24,2,0.5,2,False,<external_root>/testRepoSummaryOut/DevEval/Database/bplustree/graph_results_all/task_16_ori.gml
Database/bplustree,17,bplustree.memory.WAL.rollback,4,24,2,0.5,2,False,<external_root>/testRepoSummaryOut/DevEval/Database/bplustree/graph_results_all/task_17_ori.gml
Database/bplustree,18,bplustree.node.Node._find_entry_index,3,18,1,0.3333333333333333,1,False,<external_root>/testRepoSummaryOut/DevEval/Database/bplustree/graph_results_all/task_18_ori.gml
Database/bplustree,19,bplustree.tree.BPlusTree._root_node,5,23,2,0.4,2,False,<external_root>/testRepoSummaryOut/DevEval/Database/bplustree/graph_results_all/task_19_ori.gml
Database/csvs-to-sqlite,1,csvs_to_sqlite.utils.table_exists,0,22,0,,0,False,<external_root>/testRepoSummaryOut/DevEval/Database/csvs-to-sqlite/graph_results_all/task_1_ori.gml
Database/csvs-to-sqlite,2,csvs_to_sqlite.utils.refactor_dataframes,3,22,2,0.6666666666666666,2,False,<external_root>/testRepoSummaryOut/DevEval/Database/csvs-to-sqlite/graph_results_all/task_2_ori.gml
Database/datasette,1,datasette.filters.where_filters,0,10,0,,0,False,<external_root>/testRepoSummaryOut/DevEval/Database/datasette/graph_results_all/task_1_ori.gml
Database/datasette,2,datasette.utils.path_with_added_args,0,16,0,,0,True,<external_root>/testRepoSummaryOut/DevEval/Database/datasette/graph_results_all/task_2_ori.gml
Database/datasette,3,datasette.utils.path_with_replaced_args,0,14,0,,0,True,<external_root>/testRepoSummaryOut/DevEval/Database/datasette/graph_results_all/task_3_ori.gml
Database/datasette,4,datasette.utils.format_bytes,0,9,0,,0,True,<external_root>/testRepoSummaryOut/DevEval/Database/datasette/graph_results_all/task_4_ori.gml
Database/datasette,5,datasette.utils.actor_matches_allow,0,11,0,,0,True,<external_root>/testRepoSummaryOut/DevEval/Database/datasette/graph_results_all/task_5_ori.gml
Database/datasette,6,datasette.utils.resolve_env_secrets,0,12,0,,0,True,<external_root>/testRepoSummaryOut/DevEval/Database/datasette/graph_results_all/task_6_ori.gml
Database/datasette,7,datasette.utils.display_actor,0,11,0,,0,True,<external_root>/testRepoSummaryOut/DevEval/Database/datasette/graph_results_all/task_7_ori.gml
Database/datasette,8,datasette.utils.initial_path_for_datasette,0,21,0,,0,True,<external_root>/testRepoSummaryOut/DevEval/Database/datasette/graph_results_all/task_8_ori.gml
Database/datasette,9,datasette.utils.tilde_decode,0,13,0,,0,True,<external_root>/testRepoSummaryOut/DevEval/Database/datasette/graph_results_all/task_9_ori.gml
Database/datasette,10,datasette.utils.resolve_routes,0,10,0,,0,True,<external_root>/testRepoSummaryOut/DevEval/Database/datasette/graph_results_all/task_10_ori.gml
Database/datasette,11,datasette.utils.truncate_url,0,13,0,,0,True,<external_root>/testRepoSummaryOut/DevEval/Database/datasette/graph_results_all/task_11_ori.gml
Database/datasette,12,datasette.facets.ArrayFacet.facet_results,18,18,9,0.5,9,False,<external_root>/testRepoSummaryOut/DevEval/Database/datasette/graph_results_all/task_12_ori.gml
Database/datasette,13,datasette.plugins.get_plugins,2,12,1,0.5,1,False,<external_root>/testRepoSummaryOut/DevEval/Database/datasette/graph_results_all/task_13_ori.gml
Database/datasette,14,datasette.app.Datasette.check_visibility,2,21,1,0.5,1,False,<external_root>/testRepoSummaryOut/DevEval/Database/datasette/graph_results_all/task_14_ori.gml
Database/datasette,15,datasette.utils.asgi.Request.fake,1,12,0,0.0,0,False,<external_root>/testRepoSummaryOut/DevEval/Database/datasette/graph_results_all/task_15_ori.gml
Database/datasette,16,datasette.utils.asgi.Response.redirect,1,22,0,0.0,0,False,<external_root>/testRepoSummaryOut/DevEval/Database/datasette/graph_results_all/task_16_ori.gml
Database/datasette,17,datasette.facets.ColumnFacet.suggest,17,18,9,0.5294117647058824,9,False,<external_root>/testRepoSummaryOut/DevEval/Database/datasette/graph_results_all/task_17_ori.gml
Database/datasette,18,datasette.utils.asgi.Response.asgi_send,5,18,0,0.0,0,False,<external_root>/testRepoSummaryOut/DevEval/Database/datasette/graph_results_all/task_18_ori.gml
Database/datasette,19,datasette.utils.asgi.Response.set_cookie,2,13,0,0.0,0,False,<external_root>/testRepoSummaryOut/DevEval/Database/datasette/graph_results_all/task_19_ori.gml
Database/datasette,20,datasette.app.Datasette.add_database,2,19,1,0.5,1,False,<external_root>/testRepoSummaryOut/DevEval/Database/datasette/graph_results_all/task_20_ori.gml
Database/datasette,21,datasette.app.Datasette.render_template,14,8,3,0.21428571428571427,3,False,<external_root>/testRepoSummaryOut/DevEval/Database/datasette/graph_results_all/task_21_ori.gml
Database/datasette,22,datasette.utils.validate_sql_select,3,9,0,0.0,0,True,<external_root>/testRepoSummaryOut/DevEval/Database/datasette/graph_results_all/task_22_ori.gml
Database/datasette,23,datasette.facets.ArrayFacet.suggest,15,20,8,0.5333333333333333,8,False,<external_root>/testRepoSummaryOut/DevEval/Database/datasette/graph_results_all/task_23_ori.gml
Database/datasette,24,datasette.app.Datasette.ensure_permissions,2,21,1,0.5,1,False,<external_root>/testRepoSummaryOut/DevEval/Database/datasette/graph_results_all/task_24_ori.gml
Database/datasette,25,datasette.utils.asgi.Response.text,1,14,0,0.0,0,False,<external_root>/testRepoSummaryOut/DevEval/Database/datasette/graph_results_all/task_25_ori.gml
Database/datasette,26,datasette.utils.call_with_supported_arguments,1,15,1,1.0,1,True,<external_root>/testRepoSummaryOut/DevEval/Database/datasette/graph_results_all/task_26_ori.gml
Database/datasette,27,datasette.utils.escape_css_string,1,13,0,0.0,0,True,<external_root>/testRepoSummaryOut/DevEval/Database/datasette/graph_results_all/task_27_ori.gml
Database/datasette,28,datasette.utils.derive_named_parameters,1,9,0,0.0,0,True,<external_root>/testRepoSummaryOut/DevEval/Database/datasette/graph_results_all/task_28_ori.gml
Database/datasette,29,datasette.app.Datasette.invoke_startup,4,19,1,0.25,1,False,<external_root>/testRepoSummaryOut/DevEval/Database/datasette/graph_results_all/task_29_ori.gml
Database/datasette,30,datasette.utils.asgi.Response.html,1,17,0,0.0,0,False,<external_root>/testRepoSummaryOut/DevEval/Database/datasette/graph_results_all/task_30_ori.gml
Database/datasette,31,datasette.facets.ColumnFacet.facet_results,20,18,10,0.5,10,False,<external_root>/testRepoSummaryOut/DevEval/Database/datasette/graph_results_all/task_31_ori.gml
Database/datasette,32,datasette.utils.asgi.Request.full_path,2,18,2,1.0,2,False,<external_root>/testRepoSummaryOut/DevEval/Database/datasette/graph_results_all/task_32_ori.gml
Database/datasette,33,datasette.utils.parse_metadata,1,10,0,0.0,0,True,<external_root>/testRepoSummaryOut/DevEval/Database/datasette/graph_results_all/task_33_ori.gml
Database/datasette,34,datasette.utils.check_connection,3,13,1,0.3333333333333333,1,True,<external_root>/testRepoSummaryOut/DevEval/Database/datasette/graph_results_all/task_34_ori.gml
Database/datasette,35,datasette.app.DatasetteClient.get,2,15,2,1.0,2,False,<external_root>/testRepoSummaryOut/DevEval/Database/datasette/graph_results_all/task_35_ori.gml
Database/datasette,36,datasette.utils.escape_fts,1,13,0,0.0,0,True,<external_root>/testRepoSummaryOut/DevEval/Database/datasette/graph_results_all/task_36_ori.gml
Database/datasette,37,datasette.utils.asgi.Request.post_body,1,9,0,0.0,0,False,<external_root>/testRepoSummaryOut/DevEval/Database/datasette/graph_results_all/task_37_ori.gml
Database/datasette,38,datasette.app.Datasette.get_database,1,30,0,0.0,0,False,<external_root>/testRepoSummaryOut/DevEval/Database/datasette/graph_results_all/task_38_ori.gml
Database/datasette,39,datasette.utils.to_css_class,2,11,0,0.0,0,True,<external_root>/testRepoSummaryOut/DevEval/Database/datasette/graph_results_all/task_39_ori.gml
Database/datasette,40,datasette.utils.asgi.Response.json,2,19,0,0.0,0,False,<external_root>/testRepoSummaryOut/DevEval/Database/datasette/graph_results_all/task_40_ori.gml
Database/datasette,41,datasette.utils.is_url,1,13,0,0.0,0,True,<external_root>/testRepoSummaryOut/DevEval/Database/datasette/graph_results_all/task_41_ori.gml
Database/datasette,42,datasette.facets.DateFacet.facet_results,16,18,8,0.5,8,False,<external_root>/testRepoSummaryOut/DevEval/Database/datasette/graph_results_all/task_42_ori.gml
Database/happybase,1,aiohappybase._util.pep8_to_camel_case,0,17,0,,0,False,<external_root>/testRepoSummaryOut/DevEval/Database/happybase/graph_results_all/task_1_ori.gml
Database/happybase,2,aiohappybase._util.bytes_increment,0,18,0,,0,False,<external_root>/testRepoSummaryOut/DevEval/Database/happybase/graph_results_all/task_2_ori.gml
Database/happybase,3,aiohappybase._util.camel_case_to_pep8,1,17,0,0.0,0,False,<external_root>/testRepoSummaryOut/DevEval/Database/happybase/graph_results_all/task_3_ori.gml
Database/litecli,1,litecli.packages.parseutils.query_starts_with,0,12,0,,0,False,<external_root>/testRepoSummaryOut/DevEval/Database/litecli/graph_results_all/task_1_ori.gml
Database/litecli,2,litecli.packages.parseutils.is_destructive,1,12,1,1.0,1,False,<external_root>/testRepoSummaryOut/DevEval/Database/litecli/graph_results_all/task_2_ori.gml
Database/litecli,3,litecli.packages.parseutils.extract_tables,2,12,2,1.0,2,False,<external_root>/testRepoSummaryOut/DevEval/Database/litecli/graph_results_all/task_3_ori.gml
Database/litecli,4,litecli.packages.parseutils.queries_start_with,1,12,1,1.0,1,False,<external_root>/testRepoSummaryOut/DevEval/Database/litecli/graph_results_all/task_4_ori.gml
Database/litecli,5,litecli.packages.completion_engine.suggest_type,4,13,3,0.75,3,False,<external_root>/testRepoSummaryOut/DevEval/Database/litecli/graph_results_all/task_5_ori.gml
Database/mongoengine,1,mongoengine.base.datastructures.BaseDict.get,1,5,1,1.0,1,False,<external_root>/testRepoSummaryOut/DevEval/Database/mongoengine/graph_results_all/task_1_ori.gml
Database/mssql-cli,1,mssqlcli.config.ensure_dir_exists,0,17,0,,0,False,<external_root>/testRepoSummaryOut/DevEval/Database/mssql-cli/graph_results_all/task_1_ori.gml
Database/mssql-cli,2,mssqlcli.telemetry._user_id_file_is_old,0,11,0,,0,False,<external_root>/testRepoSummaryOut/DevEval/Database/mssql-cli/graph_results_all/task_2_ori.gml
Database/mssql-cli,3,mssqlcli.util.is_command_valid,0,10,0,,0,False,<external_root>/testRepoSummaryOut/DevEval/Database/mssql-cli/graph_results_all/task_3_ori.gml
Database/mssql-cli,4,mssqlcli.packages.parseutils.utils.find_prev_keyword,0,17,0,,0,False,<external_root>/testRepoSummaryOut/DevEval/Database/mssql-cli/graph_results_all/task_4_ori.gml
Database/mssql-cli,5,mssqlcli.packages.sqlcompletion.suggest_type,9,12,5,0.5555555555555556,5,False,<external_root>/testRepoSummaryOut/DevEval/Database/mssql-cli/graph_results_all/task_5_ori.gml
Database/mssql-cli,6,mssqlcli.packages.parseutils.ctes.extract_ctes,2,12,2,1.0,2,False,<external_root>/testRepoSummaryOut/DevEval/Database/mssql-cli/graph_results_all/task_6_ori.gml
Database/mssql-cli,7,mssqlcli.packages.parseutils.tables.extract_tables,2,11,2,1.0,2,False,<external_root>/testRepoSummaryOut/DevEval/Database/mssql-cli/graph_results_all/task_7_ori.gml
Database/mssql-cli,8,mssqlcli.jsonrpc.jsonrpcclient.JsonRpcReader.close,1,14,1,1.0,1,False,<external_root>/testRepoSummaryOut/DevEval/Database/mssql-cli/graph_results_all/task_8_ori.gml
Database/mssql-cli,9,mssqlcli.localized_strings.translation,3,9,0,0.0,0,False,<external_root>/testRepoSummaryOut/DevEval/Database/mssql-cli/graph_results_all/task_9_ori.gml
Database/mssql-cli,10,mssqlcli.jsonrpc.jsonrpcclient.JsonRpcReader.read_response,11,12,8,0.7272727272727273,8,False,<external_root>/testRepoSummaryOut/DevEval/Database/mssql-cli/graph_results_all/task_10_ori.gml
Database/mssql-cli,11,mssqlcli.jsonrpc.jsonrpcclient.JsonRpcClient.shutdown,6,13,6,1.0,6,False,<external_root>/testRepoSummaryOut/DevEval/Database/mssql-cli/graph_results_all/task_11_ori.gml
Database/mssql-cli,12,mssqlcli.jsonrpc.jsonrpcclient.JsonRpcClient.get_response,2,14,2,1.0,2,False,<external_root>/testRepoSummaryOut/DevEval/Database/mssql-cli/graph_results_all/task_12_ori.gml
Database/mssql-cli,13,mssqlcli.jsonrpc.jsonrpcclient.JsonRpcReader.try_read_headers,12,12,8,0.6666666666666666,8,False,<external_root>/testRepoSummaryOut/DevEval/Database/mssql-cli/graph_results_all/task_13_ori.gml
Database/mssql-cli,14,mssqlcli.jsonrpc.jsonrpcclient.JsonRpcReader.read_next_chunk,5,17,4,0.8,4,False,<external_root>/testRepoSummaryOut/DevEval/Database/mssql-cli/graph_results_all/task_14_ori.gml
Database/mssql-cli,15,mssqlcli.packages.prioritization.PrevalenceCounter.update,2,9,2,1.0,2,False,<external_root>/testRepoSummaryOut/DevEval/Database/mssql-cli/graph_results_all/task_15_ori.gml
Database/mssql-cli,16,mssqlcli.mssqlbuffer._is_query_executable,1,15,1,1.0,1,False,<external_root>/testRepoSummaryOut/DevEval/Database/mssql-cli/graph_results_all/task_16_ori.gml
Database/mssql-cli,17,mssqlcli.jsonrpc.jsonrpcclient.JsonRpcClient.start,7,14,5,0.7142857142857143,5,False,<external_root>/testRepoSummaryOut/DevEval/Database/mssql-cli/graph_results_all/task_17_ori.gml
Database/mssql-cli,18,mssqlcli.jsonrpc.jsonrpcclient.JsonRpcClient.submit_request,1,19,1,1.0,1,False,<external_root>/testRepoSummaryOut/DevEval/Database/mssql-cli/graph_results_all/task_18_ori.gml
Database/mssql-cli,19,mssqlcli.jsonrpc.jsonrpcclient.JsonRpcWriter.send_request,4,18,1,0.25,1,False,<external_root>/testRepoSummaryOut/DevEval/Database/mssql-cli/graph_results_all/task_19_ori.gml
Database/mssql-cli,20,mssqlcli.telemetry.conclude,5,15,3,0.6,3,False,<external_root>/testRepoSummaryOut/DevEval/Database/mssql-cli/graph_results_all/task_20_ori.gml
Database/sqlite-utils,1,sqlite_utils.utils.maximize_csv_field_size_limit,0,6,0,,0,False,<external_root>/testRepoSummaryOut/DevEval/Database/sqlite-utils/graph_results_all/task_1_ori.gml
Database/sqlite-utils,2,sqlite_utils.utils.column_affinity,0,19,0,,0,False,<external_root>/testRepoSummaryOut/DevEval/Database/sqlite-utils/graph_results_all/task_2_ori.gml
Database/sqlite-utils,3,sqlite_utils.utils.decode_base64_values,0,10,0,,0,False,<external_root>/testRepoSummaryOut/DevEval/Database/sqlite-utils/graph_results_all/task_3_ori.gml
Database/sqlite-utils,4,sqlite_utils.utils.chunks,0,10,0,,0,False,<external_root>/testRepoSummaryOut/DevEval/Database/sqlite-utils/graph_results_all/task_4_ori.gml
Database/sqlite-utils,5,sqlite_utils.utils.hash_record,0,7,0,,0,False,<external_root>/testRepoSummaryOut/DevEval/Database/sqlite-utils/graph_results_all/task_5_ori.gml
Database/sqlite-utils,6,sqlite_utils.utils.suggest_column_types,1,10,1,1.0,1,False,<external_root>/testRepoSummaryOut/DevEval/Database/sqlite-utils/graph_results_all/task_6_ori.gml
Database/sqlite-utils,7,sqlite_utils.plugins.get_plugins,1,9,0,0.0,0,False,<external_root>/testRepoSummaryOut/DevEval/Database/sqlite-utils/graph_results_all/task_7_ori.gml
Internet/Authlib,1,authlib.oauth2.rfc6749.util.scope_to_list,0,16,0,,0,False,<external_root>/testRepoSummaryOut/DevEval/Internet/Authlib/graph_results_all/task_1_ori.gml
Internet/Authlib,2,authlib.common.encoding.to_unicode,0,18,0,,0,False,<external_root>/testRepoSummaryOut/DevEval/Internet/Authlib/graph_results_all/task_2_ori.gml
Internet/Authlib,3,authlib.common.encoding.to_bytes,0,21,0,,0,False,<external_root>/testRepoSummaryOut/DevEval/Internet/Authlib/graph_results_all/task_3_ori.gml
Internet/Authlib,4,authlib.common.encoding.urlsafe_b64decode,0,21,0,,0,False,<external_root>/testRepoSummaryOut/DevEval/Internet/Authlib/graph_results_all/task_4_ori.gml
Internet/Authlib,5,authlib.oauth2.rfc6749.util.list_to_scope,1,19,1,1.0,1,False,<external_root>/testRepoSummaryOut/DevEval/Internet/Authlib/graph_results_all/task_5_ori.gml
Internet/Authlib,6,authlib.oauth2.rfc6749.util.extract_basic_authorization,1,17,0,0.0,0,False,<external_root>/testRepoSummaryOut/DevEval/Internet/Authlib/graph_results_all/task_6_ori.gml
Internet/Authlib,7,authlib.oauth2.rfc6749.parameters.parse_implicit_response,3,14,0,0.0,0,False,<external_root>/testRepoSummaryOut/DevEval/Internet/Authlib/graph_results_all/task_7_ori.gml
Internet/Authlib,8,authlib.common.encoding.json_b64encode,3,20,2,0.6666666666666666,2,False,<external_root>/testRepoSummaryOut/DevEval/Internet/Authlib/graph_results_all/task_8_ori.gml
Internet/Authlib,9,authlib.oauth2.rfc6749.parameters.parse_authorization_code_response,2,16,0,0.0,0,False,<external_root>/testRepoSummaryOut/DevEval/Internet/Authlib/graph_results_all/task_9_ori.gml
Internet/Authlib,10,authlib.oauth2.rfc6749.parameters.prepare_grant_uri,3,9,0,0.0,0,False,<external_root>/testRepoSummaryOut/DevEval/Internet/Authlib/graph_results_all/task_10_ori.gml
Internet/Authlib,11,authlib.jose.util.extract_header,3,13,1,0.3333333333333333,1,False,<external_root>/testRepoSummaryOut/DevEval/Internet/Authlib/graph_results_all/task_11_ori.gml
Internet/Jinja2,1,jinja2.async_utils.auto_aiter,0,20,0,,0,False,<external_root>/testRepoSummaryOut/DevEval/Internet/Jinja2/graph_results_all/task_1_ori.gml
Internet/Jinja2,2,jinja2.utils.consume,0,10,0,,0,False,<external_root>/testRepoSummaryOut/DevEval/Internet/Jinja2/graph_results_all/task_2_ori.gml
Internet/Jinja2,3,jinja2.utils.object_type_repr,0,11,0,,0,False,<external_root>/testRepoSummaryOut/DevEval/Internet/Jinja2/graph_results_all/task_3_ori.gml
Internet/Jinja2,4,jinja2.utils.LRUCache.setdefault,0,11,0,,0,False,<external_root>/testRepoSummaryOut/DevEval/Internet/Jinja2/graph_results_all/task_4_ori.gml
Internet/Jinja2,5,jinja2.meta.find_undeclared_variables,6,14,0,0.0,0,False,<external_root>/testRepoSummaryOut/DevEval/Internet/Jinja2/graph_results_all/task_5_ori.gml
Internet/Jinja2,6,jinja2.loaders.split_template_path,1,10,0,0.0,0,False,<external_root>/testRepoSummaryOut/DevEval/Internet/Jinja2/graph_results_all/task_6_ori.gml
Internet/Jinja2,7,jinja2.environment.Environment.get_template,3,11,2,0.6666666666666666,2,False,<external_root>/testRepoSummaryOut/DevEval/Internet/Jinja2/graph_results_all/task_7_ori.gml
Internet/Jinja2,8,jinja2.environment.Environment.from_string,4,11,2,0.5,2,False,<external_root>/testRepoSummaryOut/DevEval/Internet/Jinja2/graph_results_all/task_8_ori.gml
Internet/Jinja2,9,jinja2.utils.generate_lorem_ipsum,1,6,0,0.0,0,False,<external_root>/testRepoSummaryOut/DevEval/Internet/Jinja2/graph_results_all/task_9_ori.gml
Internet/Jinja2,10,jinja2.environment.Template.render,7,14,3,0.42857142857142855,3,False,<external_root>/testRepoSummaryOut/DevEval/Internet/Jinja2/graph_results_all/task_10_ori.gml
Internet/Jinja2,11,jinja2.bccache.MemcachedBytecodeCache.load_bytecode,6,15,5,0.8333333333333334,5,False,<external_root>/testRepoSummaryOut/DevEval/Internet/Jinja2/graph_results_all/task_11_ori.gml
Internet/Jinja2,12,jinja2.idtracking.Symbols.find_ref,3,11,2,0.6666666666666666,2,False,<external_root>/testRepoSummaryOut/DevEval/Internet/Jinja2/graph_results_all/task_12_ori.gml
Internet/Jinja2,13,jinja2.utils.LRUCache.clear,3,11,3,1.0,3,False,<external_root>/testRepoSummaryOut/DevEval/Internet/Jinja2/graph_results_all/task_13_ori.gml
Internet/Jinja2,14,jinja2.idtracking.symbols_for_node,3,10,0,0.0,0,False,<external_root>/testRepoSummaryOut/DevEval/Internet/Jinja2/graph_results_all/task_14_ori.gml
Internet/Jinja2,15,jinja2.bccache.MemcachedBytecodeCache.dump_bytecode,7,15,5,0.7142857142857143,5,False,<external_root>/testRepoSummaryOut/DevEval/Internet/Jinja2/graph_results_all/task_15_ori.gml
Internet/Jinja2,16,jinja2.idtracking.Symbols.dump_stores,2,29,2,1.0,2,False,<external_root>/testRepoSummaryOut/DevEval/Internet/Jinja2/graph_results_all/task_16_ori.gml
Internet/Jinja2,17,jinja2.utils.LRUCache.items,1,11,1,1.0,1,False,<external_root>/testRepoSummaryOut/DevEval/Internet/Jinja2/graph_results_all/task_17_ori.gml
Internet/boto,1,boto.sdb.db.sequence.fib,0,22,0,,0,False,<external_root>/testRepoSummaryOut/DevEval/Internet/boto/graph_results_all/task_1_ori.gml
Internet/boto,2,boto.s3.website.RoutingRules.add_rule,0,20,0,,0,False,<external_root>/testRepoSummaryOut/DevEval/Internet/boto/graph_results_all/task_2_ori.gml
Internet/boto,3,boto.cloudfront.distribution.Distribution._canned_policy,0,13,0,,0,False,<external_root>/testRepoSummaryOut/DevEval/Internet/boto/graph_results_all/task_3_ori.gml
Internet/boto,4,boto.cloudfront.invalidation.InvalidationBatch.escape,0,9,0,,0,False,<external_root>/testRepoSummaryOut/DevEval/Internet/boto/graph_results_all/task_4_ori.gml
Internet/boto,5,boto.datapipeline.connect_to_region,2,46,1,0.5,1,True,<external_root>/testRepoSummaryOut/DevEval/Internet/boto/graph_results_all/task_5_ori.gml
Internet/boto,6,boto.s3.connection.S3Connection._required_auth_capability,1,23,0,0.0,0,False,<external_root>/testRepoSummaryOut/DevEval/Internet/boto/graph_results_all/task_6_ori.gml
Internet/boto,7,boto.ec2.securitygroup.SecurityGroup.add_rule,7,20,4,0.5714285714285714,4,False,<external_root>/testRepoSummaryOut/DevEval/Internet/boto/graph_results_all/task_7_ori.gml
Internet/boto,8,boto.s3.connect_to_region,6,45,3,0.5,3,True,<external_root>/testRepoSummaryOut/DevEval/Internet/boto/graph_results_all/task_8_ori.gml
Internet/boto,9,boto.dynamodb2.table.Table.count,1,13,0,0.0,0,False,<external_root>/testRepoSummaryOut/DevEval/Internet/boto/graph_results_all/task_9_ori.gml
Internet/boto,10,boto.dynamodb2.items.Item.get_keys,2,15,1,0.5,1,False,<external_root>/testRepoSummaryOut/DevEval/Internet/boto/graph_results_all/task_10_ori.gml
Internet/boto,11,boto.dynamodb2.table.Table._build_filters,5,18,2,0.4,2,False,<external_root>/testRepoSummaryOut/DevEval/Internet/boto/graph_results_all/task_11_ori.gml
Internet/boto,12,boto.glacier.utils.chunk_hashes,1,11,0,0.0,0,False,<external_root>/testRepoSummaryOut/DevEval/Internet/boto/graph_results_all/task_12_ori.gml
Internet/boto,13,boto.utils.LazyLoadMetadata.values,1,10,1,1.0,1,False,<external_root>/testRepoSummaryOut/DevEval/Internet/boto/graph_results_all/task_13_ori.gml
Internet/boto,14,boto.dynamodb.batch.Batch.to_dict,7,15,0,0.0,0,False,<external_root>/testRepoSummaryOut/DevEval/Internet/boto/graph_results_all/task_14_ori.gml
Internet/boto,15,boto.vpc.connect_to_region,2,40,1,0.5,1,True,<external_root>/testRepoSummaryOut/DevEval/Internet/boto/graph_results_all/task_15_ori.gml
Internet/boto,16,boto.ec2.networkinterface.NetworkInterface.update,5,13,3,0.6,3,False,<external_root>/testRepoSummaryOut/DevEval/Internet/boto/graph_results_all/task_16_ori.gml
Internet/boto,17,boto.ec2.connect_to_region,3,78,1,0.3333333333333333,1,True,<external_root>/testRepoSummaryOut/DevEval/Internet/boto/graph_results_all/task_17_ori.gml
Internet/boto,18,boto.dynamodb2.fields.GlobalBaseIndexField.schema,3,15,1,0.3333333333333333,1,False,<external_root>/testRepoSummaryOut/DevEval/Internet/boto/graph_results_all/task_18_ori.gml
Internet/boto,19,boto.dynamodb2.items.Item.get_raw_keys,3,11,2,0.6666666666666666,2,False,<external_root>/testRepoSummaryOut/DevEval/Internet/boto/graph_results_all/task_19_ori.gml
Internet/boto,20,boto.dynamodb2.table.Table.delete,3,14,3,1.0,3,False,<external_root>/testRepoSummaryOut/DevEval/Internet/boto/graph_results_all/task_20_ori.gml
Internet/boto,21,boto.rds2.connect_to_region,2,42,1,0.5,1,True,<external_root>/testRepoSummaryOut/DevEval/Internet/boto/graph_results_all/task_21_ori.gml
Internet/boto,22,boto.directconnect.connect_to_region,2,49,1,0.5,1,True,<external_root>/testRepoSummaryOut/DevEval/Internet/boto/graph_results_all/task_22_ori.gml
Internet/boto,23,boto.s3.website.RoutingRule.then_redirect,3,9,1,0.3333333333333333,1,False,<external_root>/testRepoSummaryOut/DevEval/Internet/boto/graph_results_all/task_23_ori.gml
Internet/boto,24,boto.route53.zone.Zone.find_records,6,22,4,0.6666666666666666,4,False,<external_root>/testRepoSummaryOut/DevEval/Internet/boto/graph_results_all/task_24_ori.gml
Internet/boto,25,boto.ec2.address.Address.release,4,16,4,1.0,4,False,<external_root>/testRepoSummaryOut/DevEval/Internet/boto/graph_results_all/task_25_ori.gml
Internet/boto,26,boto.s3.connection.S3Connection.generate_url_sigv4,8,11,3,0.375,3,False,<external_root>/testRepoSummaryOut/DevEval/Internet/boto/graph_results_all/task_26_ori.gml
Internet/boto,27,boto.glacier.concurrent.ConcurrentTransferer._calculate_required_part_size,3,14,1,0.3333333333333333,1,False,<external_root>/testRepoSummaryOut/DevEval/Internet/boto/graph_results_all/task_27_ori.gml
Internet/boto,28,boto.dynamodb2.fields.BaseIndexField.definition,3,17,3,1.0,3,False,<external_root>/testRepoSummaryOut/DevEval/Internet/boto/graph_results_all/task_28_ori.gml
Internet/boto,29,boto.ec2.ec2object.TaggedEC2Object.add_tags,5,14,3,0.6,3,False,<external_root>/testRepoSummaryOut/DevEval/Internet/boto/graph_results_all/task_29_ori.gml
Internet/boto,30,boto.sqs.connect_to_region,3,45,1,0.3333333333333333,1,True,<external_root>/testRepoSummaryOut/DevEval/Internet/boto/graph_results_all/task_30_ori.gml
Internet/boto,31,boto.ec2.volume.Volume.create_snapshot,3,26,3,1.0,3,False,<external_root>/testRepoSummaryOut/DevEval/Internet/boto/graph_results_all/task_31_ori.gml
Internet/boto,32,boto.dynamodb2.table.Table.batch_get,4,21,2,0.5,2,False,<external_root>/testRepoSummaryOut/DevEval/Internet/boto/graph_results_all/task_32_ori.gml
Internet/boto,33,boto.cognito.sync.connect_to_region,2,45,1,0.5,1,True,<external_root>/testRepoSummaryOut/DevEval/Internet/boto/graph_results_all/task_33_ori.gml
Internet/boto,34,boto.glacier.utils.compute_hashes_from_fileobj,2,18,2,1.0,2,False,<external_root>/testRepoSummaryOut/DevEval/Internet/boto/graph_results_all/task_34_ori.gml
Internet/boto,35,boto.support.connect_to_region,2,47,1,0.5,1,True,<external_root>/testRepoSummaryOut/DevEval/Internet/boto/graph_results_all/task_35_ori.gml
Internet/boto,36,boto.s3.website.RoutingRule.when,3,9,1,0.3333333333333333,1,False,<external_root>/testRepoSummaryOut/DevEval/Internet/boto/graph_results_all/task_36_ori.gml
Internet/boto,37,boto.glacier.utils.minimum_part_size,3,17,0,0.0,0,False,<external_root>/testRepoSummaryOut/DevEval/Internet/boto/graph_results_all/task_37_ori.gml
Internet/boto,38,boto.cloudsearchdomain.connect_to_region,2,16,1,0.0,0,True,<external_root>/testRepoSummaryOut/DevEval/Internet/boto/graph_results_all/task_38_ori.gml
Internet/boto,39,boto.dynamodb2.table.Table.describe,10,19,4,0.4,4,False,<external_root>/testRepoSummaryOut/DevEval/Internet/boto/graph_results_all/task_39_ori.gml
Internet/boto,40,boto.dynamodb2.fields.BaseIndexField.schema,3,15,1,0.3333333333333333,1,False,<external_root>/testRepoSummaryOut/DevEval/Internet/boto/graph_results_all/task_40_ori.gml
Internet/boto,41,boto.s3.bucket.Bucket.get_tags,4,54,1,0.25,1,False,<external_root>/testRepoSummaryOut/DevEval/Internet/boto/graph_results_all/task_41_ori.gml
Internet/boto,42,boto.dynamodb2.table.Table.delete_item,8,8,4,0.5,4,False,<external_root>/testRepoSummaryOut/DevEval/Internet/boto/graph_results_all/task_42_ori.gml
Internet/boto,43,boto.awslambda.connect_to_region,2,47,1,0.5,1,True,<external_root>/testRepoSummaryOut/DevEval/Internet/boto/graph_results_all/task_43_ori.gml
Internet/boto,44,boto.s3.bucket.Bucket.new_key,1,10,0,0.0,0,False,<external_root>/testRepoSummaryOut/DevEval/Internet/boto/graph_results_all/task_44_ori.gml
Internet/boto,45,boto.ec2.cloudwatch.connect_to_region,2,39,1,0.5,1,True,<external_root>/testRepoSummaryOut/DevEval/Internet/boto/graph_results_all/task_45_ori.gml
Internet/boto,46,boto.configservice.connect_to_region,2,50,1,0.5,1,True,<external_root>/testRepoSummaryOut/DevEval/Internet/boto/graph_results_all/task_46_ori.gml
Internet/boto,47,boto.ses.connect_to_region,2,47,1,0.5,1,True,<external_root>/testRepoSummaryOut/DevEval/Internet/boto/graph_results_all/task_47_ori.gml
Internet/boto,48,boto.dynamodb2.fields.BaseSchemaField.definition,2,13,2,1.0,2,False,<external_root>/testRepoSummaryOut/DevEval/Internet/boto/graph_results_all/task_48_ori.gml
Internet/boto,49,boto.logs.connect_to_region,2,45,1,0.5,1,True,<external_root>/testRepoSummaryOut/DevEval/Internet/boto/graph_results_all/task_49_ori.gml
Internet/boto,50,boto.route53.domains.connect_to_region,2,45,1,0.5,1,True,<external_root>/testRepoSummaryOut/DevEval/Internet/boto/graph_results_all/task_50_ori.gml
Internet/boto,51,boto.dynamodb.batch.BatchList.to_dict,3,9,0,0.0,0,False,<external_root>/testRepoSummaryOut/DevEval/Internet/boto/graph_results_all/task_51_ori.gml
Internet/boto,52,boto.machinelearning.connect_to_region,2,47,1,0.5,1,True,<external_root>/testRepoSummaryOut/DevEval/Internet/boto/graph_results_all/task_52_ori.gml
Internet/boto,53,boto.vpc.VPCConnection.get_all_vpc_peering_connections,4,23,0,0.0,0,True,<external_root>/testRepoSummaryOut/DevEval/Internet/boto/graph_results_all/task_53_ori.gml
Internet/boto,54,boto.glacier.connect_to_region,2,40,1,0.5,1,True,<external_root>/testRepoSummaryOut/DevEval/Internet/boto/graph_results_all/task_54_ori.gml
Internet/boto,55,boto.ec2.ec2object.TaggedEC2Object.remove_tags,4,12,3,0.75,3,False,<external_root>/testRepoSummaryOut/DevEval/Internet/boto/graph_results_all/task_55_ori.gml
Internet/boto,56,boto.dynamodb2.connect_to_region,2,44,1,0.5,1,True,<external_root>/testRepoSummaryOut/DevEval/Internet/boto/graph_results_all/task_56_ori.gml
Internet/boto,57,boto.opsworks.connect_to_region,2,45,1,0.5,1,True,<external_root>/testRepoSummaryOut/DevEval/Internet/boto/graph_results_all/task_57_ori.gml
Internet/boto,58,boto.dynamodb2.table.BatchTable.resend_unprocessed,7,21,5,0.7142857142857143,5,False,<external_root>/testRepoSummaryOut/DevEval/Internet/boto/graph_results_all/task_58_ori.gml
Internet/boto,59,boto.cloudsearch2.connect_to_region,2,14,1,0.0,0,True,<external_root>/testRepoSummaryOut/DevEval/Internet/boto/graph_results_all/task_59_ori.gml
Internet/boto,60,boto.dynamodb2.table.Table.update_global_secondary_index,5,14,4,0.8,4,False,<external_root>/testRepoSummaryOut/DevEval/Internet/boto/graph_results_all/task_60_ori.gml
Internet/boto,61,boto.utils.get_instance_userdata,2,11,2,1.0,2,False,<external_root>/testRepoSummaryOut/DevEval/Internet/boto/graph_results_all/task_61_ori.gml
Internet/boto,62,boto.dynamodb2.items.Item.partial_save,6,14,5,0.8333333333333334,5,False,<external_root>/testRepoSummaryOut/DevEval/Internet/boto/graph_results_all/task_62_ori.gml
Internet/boto,63,boto.s3.cors.CORSConfiguration.add_rule,2,13,0,0.0,0,False,<external_root>/testRepoSummaryOut/DevEval/Internet/boto/graph_results_all/task_63_ori.gml
Internet/boto,64,boto.dynamodb2.table.BatchTable.delete_item,3,11,3,1.0,3,False,<external_root>/testRepoSummaryOut/DevEval/Internet/boto/graph_results_all/task_64_ori.gml
Internet/boto,65,boto.dynamodb.connect_to_region,2,44,1,0.5,1,True,<external_root>/testRepoSummaryOut/DevEval/Internet/boto/graph_results_all/task_65_ori.gml
Internet/boto,66,boto.s3.website.WebsiteConfiguration.to_xml,6,25,2,0.3333333333333333,2,False,<external_root>/testRepoSummaryOut/DevEval/Internet/boto/graph_results_all/task_66_ori.gml
Internet/boto,67,boto.dynamodb2.table.Table._introspect_indexes,2,16,1,0.5,1,False,<external_root>/testRepoSummaryOut/DevEval/Internet/boto/graph_results_all/task_67_ori.gml
Internet/boto,68,boto.glacier.job.Job.download_to_fileobj,3,13,2,0.6666666666666666,2,False,<external_root>/testRepoSummaryOut/DevEval/Internet/boto/graph_results_all/task_68_ori.gml
Internet/boto,69,boto.cloudsearch.connect_to_region,2,14,0,0.0,0,True,<external_root>/testRepoSummaryOut/DevEval/Internet/boto/graph_results_all/task_69_ori.gml
Internet/boto,70,boto.s3.bucket.Bucket.get_key,5,11,0,0.0,0,False,<external_root>/testRepoSummaryOut/DevEval/Internet/boto/graph_results_all/task_70_ori.gml
Internet/boto,71,boto.ec2.connection.EC2Connection.get_all_instance_status,4,37,2,0.5,2,False,<external_root>/testRepoSummaryOut/DevEval/Internet/boto/graph_results_all/task_71_ori.gml
Internet/boto,72,boto.ec2.address.Address.associate,4,16,4,1.0,4,False,<external_root>/testRepoSummaryOut/DevEval/Internet/boto/graph_results_all/task_72_ori.gml
Internet/boto,73,boto.dynamodb2.table.Table.create_global_secondary_index,7,13,4,0.5714285714285714,4,False,<external_root>/testRepoSummaryOut/DevEval/Internet/boto/graph_results_all/task_73_ori.gml
Internet/boto,74,boto.utils.retry_url,2,8,0,0.0,0,False,<external_root>/testRepoSummaryOut/DevEval/Internet/boto/graph_results_all/task_74_ori.gml
Internet/boto,75,boto.dynamodb2.items.Item.prepare_partial,4,18,3,0.75,3,False,<external_root>/testRepoSummaryOut/DevEval/Internet/boto/graph_results_all/task_75_ori.gml
Internet/boto,76,boto.cloudhsm.connect_to_region,2,45,1,0.5,1,True,<external_root>/testRepoSummaryOut/DevEval/Internet/boto/graph_results_all/task_76_ori.gml
Internet/boto,77,boto.beanstalk.connect_to_region,2,46,1,0.5,1,True,<external_root>/testRepoSummaryOut/DevEval/Internet/boto/graph_results_all/task_77_ori.gml
Internet/boto,78,boto.opsworks.regions,2,50,1,0.5,1,True,<external_root>/testRepoSummaryOut/DevEval/Internet/boto/graph_results_all/task_78_ori.gml
Internet/boto,79,boto.swf.connect_to_region,4,45,2,0.5,2,True,<external_root>/testRepoSummaryOut/DevEval/Internet/boto/graph_results_all/task_79_ori.gml
Internet/boto,80,boto.elasticache.connect_to_region,2,46,2,0.5,1,True,<external_root>/testRepoSummaryOut/DevEval/Internet/boto/graph_results_all/task_80_ori.gml
Internet/boto,81,boto.s3.lifecycle.Lifecycle.add_rule,2,9,0,0.0,0,False,<external_root>/testRepoSummaryOut/DevEval/Internet/boto/graph_results_all/task_81_ori.gml
Internet/boto,82,boto.dynamodb2.table.BatchTable.flush,9,21,5,0.5555555555555556,5,False,<external_root>/testRepoSummaryOut/DevEval/Internet/boto/graph_results_all/task_82_ori.gml
Internet/boto,83,boto.dynamodb2.fields.GlobalIncludeIndex.schema,4,14,2,0.5,2,False,<external_root>/testRepoSummaryOut/DevEval/Internet/boto/graph_results_all/task_83_ori.gml
Internet/boto,84,boto.dynamodb2.table.Table.has_item,4,9,1,0.25,1,False,<external_root>/testRepoSummaryOut/DevEval/Internet/boto/graph_results_all/task_84_ori.gml
Internet/boto,85,boto.dynamodb2.table.Table.delete_global_secondary_index,5,14,3,0.6,3,False,<external_root>/testRepoSummaryOut/DevEval/Internet/boto/graph_results_all/task_85_ori.gml
Internet/boto,86,boto.dynamodb2.table.Table._put_item,3,18,1,0.3333333333333333,1,False,<external_root>/testRepoSummaryOut/DevEval/Internet/boto/graph_results_all/task_86_ori.gml
Internet/boto,87,boto.ec2containerservice.connect_to_region,2,46,2,0.5,1,True,<external_root>/testRepoSummaryOut/DevEval/Internet/boto/graph_results_all/task_87_ori.gml
Internet/boto,88,boto.redshift.connect_to_region,2,47,1,0.5,1,True,<external_root>/testRepoSummaryOut/DevEval/Internet/boto/graph_results_all/task_88_ori.gml
Internet/boto,89,boto.dynamodb2.items.Item.save,6,13,5,0.8333333333333334,5,False,<external_root>/testRepoSummaryOut/DevEval/Internet/boto/graph_results_all/task_89_ori.gml
Internet/boto,90,boto.s3.key.Key.get_contents_to_filename,3,22,2,0.6666666666666666,2,False,<external_root>/testRepoSummaryOut/DevEval/Internet/boto/graph_results_all/task_90_ori.gml
Internet/boto,91,boto.ec2.address.Address.disassociate,4,16,3,0.75,3,False,<external_root>/testRepoSummaryOut/DevEval/Internet/boto/graph_results_all/task_91_ori.gml
Internet/boto,92,boto.dynamodb.types.Dynamizer.encode,1,10,0,0.0,0,False,<external_root>/testRepoSummaryOut/DevEval/Internet/boto/graph_results_all/task_92_ori.gml
Internet/boto,93,boto.cloudformation.connect_to_region,2,42,1,0.5,1,True,<external_root>/testRepoSummaryOut/DevEval/Internet/boto/graph_results_all/task_93_ori.gml
Internet/boto,94,boto.dynamodb2.table.BatchTable.put_item,3,14,3,1.0,3,False,<external_root>/testRepoSummaryOut/DevEval/Internet/boto/graph_results_all/task_94_ori.gml
Internet/boto,95,boto.ec2.networkinterface.NetworkInterface.detach,3,5,2,0.6666666666666666,2,False,<external_root>/testRepoSummaryOut/DevEval/Internet/boto/graph_results_all/task_95_ori.gml
Internet/boto,96,boto.codedeploy.connect_to_region,2,47,1,0.5,1,True,<external_root>/testRepoSummaryOut/DevEval/Internet/boto/graph_results_all/task_96_ori.gml
Internet/boto,97,boto.dynamodb2.table.Table.get_key_fields,2,14,2,1.0,2,False,<external_root>/testRepoSummaryOut/DevEval/Internet/boto/graph_results_all/task_97_ori.gml
Internet/boto,98,boto.dynamodb2.items.Item.build_expects,5,14,3,0.6,3,False,<external_root>/testRepoSummaryOut/DevEval/Internet/boto/graph_results_all/task_98_ori.gml
Internet/boto,99,boto.ec2.elb.connect_to_region,2,41,1,0.5,1,True,<external_root>/testRepoSummaryOut/DevEval/Internet/boto/graph_results_all/task_99_ori.gml
Internet/boto,100,boto.ec2.volume.Volume.detach,6,26,3,0.5,3,False,<external_root>/testRepoSummaryOut/DevEval/Internet/boto/graph_results_all/task_100_ori.gml
Internet/boto,101,boto.dynamodb.types.Dynamizer.decode,1,13,1,1.0,1,False,<external_root>/testRepoSummaryOut/DevEval/Internet/boto/graph_results_all/task_101_ori.gml
Internet/boto,102,boto.ec2.volume.Volume.update,5,28,3,0.6,3,False,<external_root>/testRepoSummaryOut/DevEval/Internet/boto/graph_results_all/task_102_ori.gml
Internet/boto,103,boto.ec2.elb.ELBConnection.get_all_load_balancers,3,22,1,0.3333333333333333,1,True,<external_root>/testRepoSummaryOut/DevEval/Internet/boto/graph_results_all/task_103_ori.gml
Internet/boto,104,boto.dynamodb2.table.Table.update,6,12,4,0.6666666666666666,4,False,<external_root>/testRepoSummaryOut/DevEval/Internet/boto/graph_results_all/task_104_ori.gml
Internet/boto,105,boto.dynamodb2.items.Item.delete,3,14,0,0.0,0,False,<external_root>/testRepoSummaryOut/DevEval/Internet/boto/graph_results_all/task_105_ori.gml
Internet/boto,106,boto.rds.connect_to_region,3,73,2,0.3333333333333333,1,True,<external_root>/testRepoSummaryOut/DevEval/Internet/boto/graph_results_all/task_106_ori.gml
Internet/boto,107,boto.s3.bucket.Bucket.delete_key,1,7,1,1.0,1,False,<external_root>/testRepoSummaryOut/DevEval/Internet/boto/graph_results_all/task_107_ori.gml
Internet/boto,108,boto.cognito.identity.connect_to_region,2,45,1,0.5,1,True,<external_root>/testRepoSummaryOut/DevEval/Internet/boto/graph_results_all/task_108_ori.gml
Internet/boto,109,boto.kinesis.connect_to_region,2,44,1,0.5,1,True,<external_root>/testRepoSummaryOut/DevEval/Internet/boto/graph_results_all/task_109_ori.gml
Internet/boto,110,boto.sts.connect_to_region,2,40,1,0.5,1,True,<external_root>/testRepoSummaryOut/DevEval/Internet/boto/graph_results_all/task_110_ori.gml
Internet/boto,111,boto.dynamodb2.items.Item.prepare_full,4,8,4,1.0,4,False,<external_root>/testRepoSummaryOut/DevEval/Internet/boto/graph_results_all/task_111_ori.gml
Internet/boto,112,boto.ec2.volume.Volume.attachment_state,2,8,1,0.5,1,False,<external_root>/testRepoSummaryOut/DevEval/Internet/boto/graph_results_all/task_112_ori.gml
Internet/boto,113,boto.cloudtrail.connect_to_region,2,65,2,0.5,1,True,<external_root>/testRepoSummaryOut/DevEval/Internet/boto/graph_results_all/task_113_ori.gml
Internet/boto,114,boto.dynamodb2.table.Table.get_item,8,11,3,0.375,3,False,<external_root>/testRepoSummaryOut/DevEval/Internet/boto/graph_results_all/task_114_ori.gml
Internet/boto,115,boto.ec2.elb.ELBConnection.disable_availability_zones,3,32,1,0.3333333333333333,1,True,<external_root>/testRepoSummaryOut/DevEval/Internet/boto/graph_results_all/task_115_ori.gml
Internet/boto,116,boto.sts.credentials.Credentials.to_dict,5,26,0,0.0,0,False,<external_root>/testRepoSummaryOut/DevEval/Internet/boto/graph_results_all/task_116_ori.gml
Internet/boto,117,boto.ec2.networkinterface.NetworkInterface.attach,3,5,2,0.6666666666666666,2,False,<external_root>/testRepoSummaryOut/DevEval/Internet/boto/graph_results_all/task_117_ori.gml
Internet/boto,118,boto.ec2.autoscale.connect_to_region,2,60,1,0.5,1,True,<external_root>/testRepoSummaryOut/DevEval/Internet/boto/graph_results_all/task_118_ori.gml
Internet/boto,119,boto.s3.website.RoutingRules.to_xml,2,33,1,0.5,1,False,<external_root>/testRepoSummaryOut/DevEval/Internet/boto/graph_results_all/task_119_ori.gml
Internet/boto,120,boto.utils.pythonize_name,3,13,0,0.0,0,False,<external_root>/testRepoSummaryOut/DevEval/Internet/boto/graph_results_all/task_120_ori.gml
Internet/boto,121,boto.ec2.volume.Volume.attach,3,26,3,1.0,3,False,<external_root>/testRepoSummaryOut/DevEval/Internet/boto/graph_results_all/task_121_ori.gml
Internet/databases,1,databases.importer.import_from_string,2,8,0,0.0,0,False,<external_root>/testRepoSummaryOut/DevEval/Internet/databases/graph_results_all/task_1_ori.gml
Internet/djangorestframework,1,rest_framework.negotiation.DefaultContentNegotiation.filter_renderers,0,15,0,,0,False,<external_root>/testRepoSummaryOut/DevEval/Internet/djangorestframework/graph_results_all/task_1_ori.gml
Internet/djangorestframework,2,rest_framework.templatetags.rest_framework.as_string,0,32,0,,0,False,<external_root>/testRepoSummaryOut/DevEval/Internet/djangorestframework/graph_results_all/task_2_ori.gml
Internet/djangorestframework,3,rest_framework.templatetags.rest_framework.add_nested_class,0,11,0,,0,False,<external_root>/testRepoSummaryOut/DevEval/Internet/djangorestframework/graph_results_all/task_3_ori.gml
Internet/djangorestframework,4,rest_framework.fields.Field.run_validation,4,24,2,0.5,2,False,<external_root>/testRepoSummaryOut/DevEval/Internet/djangorestframework/graph_results_all/task_4_ori.gml
Internet/djangorestframework,5,rest_framework.fields.DateTimeField.to_representation,3,21,2,0.6666666666666666,2,False,<external_root>/testRepoSummaryOut/DevEval/Internet/djangorestframework/graph_results_all/task_5_ori.gml
Internet/djangorestframework,6,rest_framework.fields.is_simple_callable,1,43,0,0.0,0,False,<external_root>/testRepoSummaryOut/DevEval/Internet/djangorestframework/graph_results_all/task_6_ori.gml
Internet/djangorestframework,7,rest_framework.exceptions._get_error_details,3,16,0,0.0,0,False,<external_root>/testRepoSummaryOut/DevEval/Internet/djangorestframework/graph_results_all/task_7_ori.gml
Internet/djangorestframework,8,rest_framework.relations.SlugRelatedField.to_internal_value,3,40,2,0.6666666666666666,2,False,<external_root>/testRepoSummaryOut/DevEval/Internet/djangorestframework/graph_results_all/task_8_ori.gml
Internet/djangorestframework,9,rest_framework.fields.CharField.to_internal_value,2,18,0,0.0,0,False,<external_root>/testRepoSummaryOut/DevEval/Internet/djangorestframework/graph_results_all/task_9_ori.gml
Internet/djangorestframework,10,rest_framework.relations.PrimaryKeyRelatedField.to_representation,3,16,1,0.3333333333333333,1,False,<external_root>/testRepoSummaryOut/DevEval/Internet/djangorestframework/graph_results_all/task_10_ori.gml
Internet/djangorestframework,11,rest_framework.serializers.Serializer.fields,2,19,0,0.0,0,False,<external_root>/testRepoSummaryOut/DevEval/Internet/djangorestframework/graph_results_all/task_11_ori.gml
Internet/djangorestframework,12,rest_framework.fields.Field.root,1,27,0,0.0,0,False,<external_root>/testRepoSummaryOut/DevEval/Internet/djangorestframework/graph_results_all/task_12_ori.gml
Internet/djangorestframework,13,rest_framework.templatetags.rest_framework.add_query_param,1,13,0,0.0,0,False,<external_root>/testRepoSummaryOut/DevEval/Internet/djangorestframework/graph_results_all/task_13_ori.gml
Internet/djangorestframework,14,rest_framework.utils.mediatypes._MediaType.precedence,3,15,3,1.0,3,False,<external_root>/testRepoSummaryOut/DevEval/Internet/djangorestframework/graph_results_all/task_14_ori.gml
Internet/djangorestframework,15,rest_framework.utils.mediatypes._MediaType.__str__,3,30,3,1.0,3,False,<external_root>/testRepoSummaryOut/DevEval/Internet/djangorestframework/graph_results_all/task_15_ori.gml
Internet/djangorestframework,16,rest_framework.reverse.reverse,3,14,2,0.6666666666666666,2,False,<external_root>/testRepoSummaryOut/DevEval/Internet/djangorestframework/graph_results_all/task_16_ori.gml
Internet/djangorestframework,17,rest_framework.exceptions.server_error,2,12,1,0.5,1,False,<external_root>/testRepoSummaryOut/DevEval/Internet/djangorestframework/graph_results_all/task_17_ori.gml
Internet/djangorestframework,18,rest_framework.fields.ChoiceField.iter_options,4,34,1,0.25,1,False,<external_root>/testRepoSummaryOut/DevEval/Internet/djangorestframework/graph_results_all/task_18_ori.gml
Internet/djangorestframework,19,rest_framework.utils.mediatypes._MediaType.match,3,8,0,0.0,0,False,<external_root>/testRepoSummaryOut/DevEval/Internet/djangorestframework/graph_results_all/task_19_ori.gml
Internet/djangorestframework,20,rest_framework.parsers.JSONParser.parse,6,15,0,0.0,0,False,<external_root>/testRepoSummaryOut/DevEval/Internet/djangorestframework/graph_results_all/task_20_ori.gml
Internet/djangorestframework,21,rest_framework.fields.MultipleChoiceField.get_value,5,18,0,0.0,0,False,<external_root>/testRepoSummaryOut/DevEval/Internet/djangorestframework/graph_results_all/task_21_ori.gml
Internet/djangorestframework,22,rest_framework.relations.PrimaryKeyRelatedField.to_internal_value,4,22,2,0.5,2,False,<external_root>/testRepoSummaryOut/DevEval/Internet/djangorestframework/graph_results_all/task_22_ori.gml
Internet/djangorestframework,23,rest_framework.fields.CharField.run_validation,6,18,1,0.16666666666666666,1,False,<external_root>/testRepoSummaryOut/DevEval/Internet/djangorestframework/graph_results_all/task_23_ori.gml
Internet/djangorestframework,24,rest_framework.fields.DecimalField.to_internal_value,5,30,3,0.6,3,False,<external_root>/testRepoSummaryOut/DevEval/Internet/djangorestframework/graph_results_all/task_24_ori.gml
Internet/djangorestframework,25,rest_framework.exceptions.bad_request,2,17,0,0.0,0,False,<external_root>/testRepoSummaryOut/DevEval/Internet/djangorestframework/graph_results_all/task_25_ori.gml
Internet/djangorestframework,26,rest_framework.fields.Field.bind,5,15,4,0.8,4,False,<external_root>/testRepoSummaryOut/DevEval/Internet/djangorestframework/graph_results_all/task_26_ori.gml
Internet/djangorestframework,27,rest_framework.parsers.FileUploadParser.get_filename,1,9,0,0.0,0,False,<external_root>/testRepoSummaryOut/DevEval/Internet/djangorestframework/graph_results_all/task_27_ori.gml
Internet/falcon,1,falcon.inspect.register_router,0,17,0,,0,False,<external_root>/testRepoSummaryOut/DevEval/Internet/falcon/graph_results_all/task_1_ori.gml
Internet/falcon,2,falcon.inspect.inspect_compiled_router,0,17,0,,0,False,<external_root>/testRepoSummaryOut/DevEval/Internet/falcon/graph_results_all/task_2_ori.gml
Internet/falcon,3,falcon.inspect._is_internal,0,17,0,,0,False,<external_root>/testRepoSummaryOut/DevEval/Internet/falcon/graph_results_all/task_3_ori.gml
Internet/falcon,4,falcon.cmd.inspect_app.load_app,0,34,0,,0,False,<external_root>/testRepoSummaryOut/DevEval/Internet/falcon/graph_results_all/task_4_ori.gml
Internet/falcon,5,falcon.cmd.inspect_app.make_parser,0,10,0,,0,False,<external_root>/testRepoSummaryOut/DevEval/Internet/falcon/graph_results_all/task_5_ori.gml
Internet/falcon,6,falcon.util.uri.unquote_string,0,8,0,,0,False,<external_root>/testRepoSummaryOut/DevEval/Internet/falcon/graph_results_all/task_6_ori.gml
Internet/falcon,7,falcon.util.misc.get_argnames,0,29,0,,0,False,<external_root>/testRepoSummaryOut/DevEval/Internet/falcon/graph_results_all/task_7_ori.gml
Internet/falcon,8,falcon.testing.client._is_asgi_app,0,6,0,,0,False,<external_root>/testRepoSummaryOut/DevEval/Internet/falcon/graph_results_all/task_8_ori.gml
Internet/falcon,9,falcon.routing.converters.UUIDConverter.convert,0,9,0,,0,False,<external_root>/testRepoSummaryOut/DevEval/Internet/falcon/graph_results_all/task_9_ori.gml
Internet/falcon,10,falcon.request.Request.client_prefers,3,17,2,0.6666666666666666,2,False,<external_root>/testRepoSummaryOut/DevEval/Internet/falcon/graph_results_all/task_10_ori.gml
Internet/falcon,11,falcon.request.Request.content_length,3,12,2,0.6666666666666666,2,False,<external_root>/testRepoSummaryOut/DevEval/Internet/falcon/graph_results_all/task_11_ori.gml
Internet/falcon,12,falcon.response.Response.unset_cookie,1,7,0,0.0,0,False,<external_root>/testRepoSummaryOut/DevEval/Internet/falcon/graph_results_all/task_12_ori.gml
Internet/falcon,13,falcon.http_error.HTTPError.to_json,4,23,1,0.25,1,False,<external_root>/testRepoSummaryOut/DevEval/Internet/falcon/graph_results_all/task_13_ori.gml
Internet/falcon,14,falcon.util.structures.ETag.loads,2,23,0,0.0,0,False,<external_root>/testRepoSummaryOut/DevEval/Internet/falcon/graph_results_all/task_14_ori.gml
Internet/falcon,15,falcon.inspect.inspect_error_handlers,6,17,2,0.3333333333333333,2,False,<external_root>/testRepoSummaryOut/DevEval/Internet/falcon/graph_results_all/task_15_ori.gml
Internet/falcon,16,falcon.response.Response.set_header,2,12,1,0.5,1,False,<external_root>/testRepoSummaryOut/DevEval/Internet/falcon/graph_results_all/task_16_ori.gml
Internet/falcon,17,falcon.inspect.inspect_middleware,18,23,2,0.1111111111111111,2,False,<external_root>/testRepoSummaryOut/DevEval/Internet/falcon/graph_results_all/task_17_ori.gml
Internet/falcon,18,falcon.util.uri.decode,2,8,0,0.0,0,False,<external_root>/testRepoSummaryOut/DevEval/Internet/falcon/graph_results_all/task_18_ori.gml
Internet/falcon,19,falcon.request.Request.forwarded_uri,4,14,3,0.75,3,False,<external_root>/testRepoSummaryOut/DevEval/Internet/falcon/graph_results_all/task_19_ori.gml
Internet/falcon,20,falcon.routing.converters.DateTimeConverter.convert,2,18,1,0.5,1,False,<external_root>/testRepoSummaryOut/DevEval/Internet/falcon/graph_results_all/task_20_ori.gml
Internet/falcon,21,falcon.cmd.inspect_app.route_main,1,36,1,1.0,1,False,<external_root>/testRepoSummaryOut/DevEval/Internet/falcon/graph_results_all/task_21_ori.gml
Internet/falcon,22,falcon.request.Request.subdomain,1,9,0,0.0,0,False,<external_root>/testRepoSummaryOut/DevEval/Internet/falcon/graph_results_all/task_22_ori.gml
Internet/falcon,23,falcon.asgi.reader.BufferedReader.read_until,3,24,2,0.6666666666666666,2,False,<external_root>/testRepoSummaryOut/DevEval/Internet/falcon/graph_results_all/task_23_ori.gml
Internet/falcon,24,falcon.request.Request.relative_uri,4,12,0,0.0,0,False,<external_root>/testRepoSummaryOut/DevEval/Internet/falcon/graph_results_all/task_24_ori.gml
Internet/falcon,25,falcon.request.Request.remote_addr,1,13,1,1.0,1,False,<external_root>/testRepoSummaryOut/DevEval/Internet/falcon/graph_results_all/task_25_ori.gml
Internet/falcon,26,falcon.routing.converters.IntConverter.convert,3,9,0,0.0,0,False,<external_root>/testRepoSummaryOut/DevEval/Internet/falcon/graph_results_all/task_26_ori.gml
Internet/falcon,27,falcon.inspect.inspect_app,9,23,5,0.5555555555555556,5,False,<external_root>/testRepoSummaryOut/DevEval/Internet/falcon/graph_results_all/task_27_ori.gml
Internet/falcon,28,falcon.request.Request.get_header,4,20,4,0.75,3,False,<external_root>/testRepoSummaryOut/DevEval/Internet/falcon/graph_results_all/task_28_ori.gml
Internet/falcon,29,falcon.request.Request.host,2,17,2,1.0,2,False,<external_root>/testRepoSummaryOut/DevEval/Internet/falcon/graph_results_all/task_29_ori.gml
Internet/falcon,30,falcon.inspect.inspect_static_routes,4,40,2,0.25,1,False,<external_root>/testRepoSummaryOut/DevEval/Internet/falcon/graph_results_all/task_30_ori.gml
Internet/falcon,31,falcon.request.Request.forwarded_prefix,4,14,2,0.5,2,False,<external_root>/testRepoSummaryOut/DevEval/Internet/falcon/graph_results_all/task_31_ori.gml
Internet/falcon,32,falcon.util.misc.secure_filename,1,8,0,0.0,0,False,<external_root>/testRepoSummaryOut/DevEval/Internet/falcon/graph_results_all/task_32_ori.gml
Internet/falcon,33,falcon.request.Request.uri,4,12,3,0.75,3,False,<external_root>/testRepoSummaryOut/DevEval/Internet/falcon/graph_results_all/task_33_ori.gml
Internet/falcon,34,falcon.response.Response.get_header,2,21,1,0.5,1,False,<external_root>/testRepoSummaryOut/DevEval/Internet/falcon/graph_results_all/task_34_ori.gml
Internet/falcon,35,falcon.routing.static._BoundedFile.read,2,24,0,0.0,0,False,<external_root>/testRepoSummaryOut/DevEval/Internet/falcon/graph_results_all/task_35_ori.gml
Internet/falcon,36,falcon.util.structures.ETag.dumps,1,18,0,0.0,0,False,<external_root>/testRepoSummaryOut/DevEval/Internet/falcon/graph_results_all/task_36_ori.gml
Internet/falcon,37,falcon.asgi.reader.BufferedReader.peek,6,11,6,1.0,6,False,<external_root>/testRepoSummaryOut/DevEval/Internet/falcon/graph_results_all/task_37_ori.gml
Internet/falcon,38,falcon.inspect.InspectVisitor.process,2,23,0,0.0,0,False,<external_root>/testRepoSummaryOut/DevEval/Internet/falcon/graph_results_all/task_38_ori.gml
Internet/falcon,39,falcon.request.Request.headers,3,22,2,0.6666666666666666,2,False,<external_root>/testRepoSummaryOut/DevEval/Internet/falcon/graph_results_all/task_39_ori.gml
Internet/falcon,40,falcon.request.Request.get_cookie_values,4,21,2,0.5,2,False,<external_root>/testRepoSummaryOut/DevEval/Internet/falcon/graph_results_all/task_40_ori.gml
Internet/falcon,41,falcon.request.Request.client_accepts,3,18,2,0.6666666666666666,2,False,<external_root>/testRepoSummaryOut/DevEval/Internet/falcon/graph_results_all/task_41_ori.gml
Internet/falcon,42,falcon.request.Request.client_accepts_msgpack,1,18,1,1.0,1,False,<external_root>/testRepoSummaryOut/DevEval/Internet/falcon/graph_results_all/task_42_ori.gml
Internet/falcon,43,falcon.request.Request.bounded_stream,2,14,1,0.5,1,False,<external_root>/testRepoSummaryOut/DevEval/Internet/falcon/graph_results_all/task_43_ori.gml
Internet/falcon,44,falcon.routing.util.map_http_methods,4,17,0,0.0,0,False,<external_root>/testRepoSummaryOut/DevEval/Internet/falcon/graph_results_all/task_44_ori.gml
Internet/falcon,45,falcon.inspect.inspect_sinks,5,22,0,0.0,0,False,<external_root>/testRepoSummaryOut/DevEval/Internet/falcon/graph_results_all/task_45_ori.gml
Internet/falcon,46,falcon.request.Request.prefix,4,12,2,0.5,2,False,<external_root>/testRepoSummaryOut/DevEval/Internet/falcon/graph_results_all/task_46_ori.gml
Internet/falcon,47,falcon.inspect.inspect_routes,3,22,0,0.0,0,False,<external_root>/testRepoSummaryOut/DevEval/Internet/falcon/graph_results_all/task_47_ori.gml
Internet/falcon,48,falcon.request.Request.forwarded,3,12,2,0.6666666666666666,2,False,<external_root>/testRepoSummaryOut/DevEval/Internet/falcon/graph_results_all/task_48_ori.gml
Internet/falcon,49,falcon.response.Response.delete_header,2,16,1,0.5,1,False,<external_root>/testRepoSummaryOut/DevEval/Internet/falcon/graph_results_all/task_49_ori.gml
Internet/google-api-python-client,1,googleapiclient._helpers.parse_unique_urlencoded,0,24,0,,0,False,<external_root>/testRepoSummaryOut/DevEval/Internet/google-api-python-client/graph_results_all/task_1_ori.gml
Internet/google-api-python-client,2,googleapiclient._helpers.update_query_params,1,16,1,1.0,1,False,<external_root>/testRepoSummaryOut/DevEval/Internet/google-api-python-client/graph_results_all/task_2_ori.gml
Internet/google-api-python-client,3,googleapiclient.channel.Channel.body,8,21,0,0.0,0,False,<external_root>/testRepoSummaryOut/DevEval/Internet/google-api-python-client/graph_results_all/task_3_ori.gml
Internet/google-api-python-client,4,googleapiclient.model.makepatch,1,20,0,0.0,0,False,<external_root>/testRepoSummaryOut/DevEval/Internet/google-api-python-client/graph_results_all/task_4_ori.gml
Internet/google-api-python-client,5,googleapiclient.model.BaseModel.response,5,29,2,0.4,2,False,<external_root>/testRepoSummaryOut/DevEval/Internet/google-api-python-client/graph_results_all/task_5_ori.gml
Internet/google-api-python-client,6,googleapiclient.channel.notification_from_headers,11,21,2,0.18181818181818182,2,False,<external_root>/testRepoSummaryOut/DevEval/Internet/google-api-python-client/graph_results_all/task_6_ori.gml
Internet/google-api-python-client,7,googleapiclient.channel.new_webhook_channel,3,14,0,0.0,0,False,<external_root>/testRepoSummaryOut/DevEval/Internet/google-api-python-client/graph_results_all/task_7_ori.gml
Internet/google-api-python-client,8,googleapiclient._helpers._add_query_parameter,1,14,1,1.0,1,False,<external_root>/testRepoSummaryOut/DevEval/Internet/google-api-python-client/graph_results_all/task_8_ori.gml
Internet/google-api-python-client,9,googleapiclient.model.BaseModel._build_query,1,24,0,0.0,0,False,<external_root>/testRepoSummaryOut/DevEval/Internet/google-api-python-client/graph_results_all/task_9_ori.gml
Internet/google-api-python-client,10,googleapiclient.channel.Channel.update,1,12,0,0.0,0,False,<external_root>/testRepoSummaryOut/DevEval/Internet/google-api-python-client/graph_results_all/task_10_ori.gml
Internet/python-twitter,1,twitter.api.Api._TweetTextWrap,5,9,3,0.6,3,False,<external_root>/testRepoSummaryOut/DevEval/Internet/python-twitter/graph_results_all/task_1_ori.gml
Internet/python-twitter,2,twitter.models.TwitterModel.AsDict,2,27,1,0.5,1,False,<external_root>/testRepoSummaryOut/DevEval/Internet/python-twitter/graph_results_all/task_2_ori.gml
Internet/python-twitter,3,twitter.models.TwitterModel.NewFromJsonDict,2,27,0,0.5,1,False,<external_root>/testRepoSummaryOut/DevEval/Internet/python-twitter/graph_results_all/task_3_ori.gml
Internet/sumy,1,sumy.summarizers.sum_basic.SumBasicSummarizer._compute_word_freq,0,11,0,,0,False,<external_root>/testRepoSummaryOut/DevEval/Internet/sumy/graph_results_all/task_1_ori.gml
Internet/sumy,2,sumy.summarizers.sum_basic.SumBasicSummarizer._compute_average_probability_of_words,0,12,0,,0,False,<external_root>/testRepoSummaryOut/DevEval/Internet/sumy/graph_results_all/task_2_ori.gml
Internet/sumy,3,sumy.summarizers.lex_rank.LexRankSummarizer._compute_idf,0,20,0,,0,False,<external_root>/testRepoSummaryOut/DevEval/Internet/sumy/graph_results_all/task_3_ori.gml
Internet/sumy,4,sumy.summarizers.lex_rank.LexRankSummarizer.cosine_similarity,0,8,0,,0,False,<external_root>/testRepoSummaryOut/DevEval/Internet/sumy/graph_results_all/task_4_ori.gml
Internet/sumy,5,sumy.evaluation.rouge._get_ngrams,0,11,0,,0,False,<external_root>/testRepoSummaryOut/DevEval/Internet/sumy/graph_results_all/task_5_ori.gml
Internet/sumy,6,sumy.evaluation.rouge._split_into_words,0,11,0,,0,False,<external_root>/testRepoSummaryOut/DevEval/Internet/sumy/graph_results_all/task_6_ori.gml
Internet/sumy,7,sumy.nlp.stemmers.null_stemmer,1,14,0,0.0,0,True,<external_root>/testRepoSummaryOut/DevEval/Internet/sumy/graph_results_all/task_7_ori.gml
Internet/sumy,8,sumy.summarizers.text_rank.TextRankSummarizer._to_words_set,3,16,1,0.3333333333333333,1,False,<external_root>/testRepoSummaryOut/DevEval/Internet/sumy/graph_results_all/task_8_ori.gml
Internet/sumy,9,sumy.summarizers.edmundson.EdmundsonSummarizer.location_method,2,13,1,0.5,1,False,<external_root>/testRepoSummaryOut/DevEval/Internet/sumy/graph_results_all/task_9_ori.gml
Internet/sumy,10,sumy.evaluation.rouge._union_lcs,2,12,2,1.0,2,False,<external_root>/testRepoSummaryOut/DevEval/Internet/sumy/graph_results_all/task_10_ori.gml
Internet/sumy,11,sumy.evaluation.rouge._get_word_ngrams,2,12,1,0.5,1,False,<external_root>/testRepoSummaryOut/DevEval/Internet/sumy/graph_results_all/task_11_ori.gml
Internet/sumy,12,sumy._compat.to_unicode,3,13,3,1.0,3,False,<external_root>/testRepoSummaryOut/DevEval/Internet/sumy/graph_results_all/task_12_ori.gml
Internet/sumy,13,sumy.evaluation.rouge._recon_lcs,2,15,2,1.0,2,False,<external_root>/testRepoSummaryOut/DevEval/Internet/sumy/graph_results_all/task_13_ori.gml
Internet/sumy,14,sumy._compat.to_bytes,3,15,3,1.0,3,False,<external_root>/testRepoSummaryOut/DevEval/Internet/sumy/graph_results_all/task_14_ori.gml
Internet/sumy,15,sumy.summarizers.lsa.LsaSummarizer._create_dictionary,4,13,0,0.0,0,False,<external_root>/testRepoSummaryOut/DevEval/Internet/sumy/graph_results_all/task_15_ori.gml
Internet/sumy,16,sumy.summarizers.reduction.ReductionSummarizer.rate_sentences,2,10,1,0.5,1,False,<external_root>/testRepoSummaryOut/DevEval/Internet/sumy/graph_results_all/task_16_ori.gml
Internet/sumy,17,sumy.summarizers.sum_basic.SumBasicSummarizer._compute_ratings,4,14,3,0.75,3,False,<external_root>/testRepoSummaryOut/DevEval/Internet/sumy/graph_results_all/task_17_ori.gml
Internet/sumy,18,sumy.summarizers.edmundson.EdmundsonSummarizer.cue_method,2,14,1,0.5,1,False,<external_root>/testRepoSummaryOut/DevEval/Internet/sumy/graph_results_all/task_18_ori.gml
Internet/sumy,19,sumy.summarizers.sum_basic.SumBasicSummarizer._get_content_words_in_sentence,4,16,2,0.5,2,False,<external_root>/testRepoSummaryOut/DevEval/Internet/sumy/graph_results_all/task_19_ori.gml
Internet/sumy,20,sumy.parsers.plaintext.PlaintextParser.document,6,14,2,0.3333333333333333,2,False,<external_root>/testRepoSummaryOut/DevEval/Internet/sumy/graph_results_all/task_20_ori.gml
Internet/sumy,21,sumy.summarizers.kl.KLSummarizer.compute_tf,2,13,1,0.5,1,False,<external_root>/testRepoSummaryOut/DevEval/Internet/sumy/graph_results_all/task_21_ori.gml
Internet/sumy,22,sumy.summarizers.reduction.ReductionSummarizer._to_words_set,3,16,1,0.3333333333333333,1,False,<external_root>/testRepoSummaryOut/DevEval/Internet/sumy/graph_results_all/task_22_ori.gml
Internet/sumy,23,sumy.utils.get_stop_words,2,22,1,0.5,1,False,<external_root>/testRepoSummaryOut/DevEval/Internet/sumy/graph_results_all/task_23_ori.gml
Internet/sumy,24,sumy.nlp.tokenizers.Tokenizer.to_sentences,6,17,2,0.3333333333333333,2,False,<external_root>/testRepoSummaryOut/DevEval/Internet/sumy/graph_results_all/task_24_ori.gml
Internet/sumy,25,sumy.summarizers.sum_basic.SumBasicSummarizer._compute_tf,2,12,2,1.0,2,False,<external_root>/testRepoSummaryOut/DevEval/Internet/sumy/graph_results_all/task_25_ori.gml
Internet/sumy,26,sumy.evaluation.rouge._len_lcs,2,11,2,1.0,2,False,<external_root>/testRepoSummaryOut/DevEval/Internet/sumy/graph_results_all/task_26_ori.gml
Internet/sumy,27,sumy.summarizers.edmundson.EdmundsonSummarizer.title_method,2,9,1,0.5,1,False,<external_root>/testRepoSummaryOut/DevEval/Internet/sumy/graph_results_all/task_27_ori.gml
Internet/sumy,28,sumy.summarizers.sum_basic.SumBasicSummarizer._get_all_content_words_in_doc,3,16,2,0.6666666666666666,2,False,<external_root>/testRepoSummaryOut/DevEval/Internet/sumy/graph_results_all/task_28_ori.gml
Internet/sumy,29,sumy.summarizers.edmundson.EdmundsonSummarizer.key_method,2,11,1,0.5,1,False,<external_root>/testRepoSummaryOut/DevEval/Internet/sumy/graph_results_all/task_29_ori.gml
Internet/sumy,30,sumy.parsers.html.HtmlParser.from_file,1,9,0,0.0,0,False,<external_root>/testRepoSummaryOut/DevEval/Internet/sumy/graph_results_all/task_30_ori.gml
Multimedia/Mopidy,1,mopidy.httpclient.format_proxy,0,7,0,,0,False,<external_root>/testRepoSummaryOut/DevEval/Multimedia/Mopidy/graph_results_all/task_1_ori.gml
Multimedia/Mopidy,2,mopidy.config.validators.validate_required,0,45,0,,0,False,<external_root>/testRepoSummaryOut/DevEval/Multimedia/Mopidy/graph_results_all/task_2_ori.gml
Multimedia/Mopidy,3,mopidy.config.validators.validate_choice,0,21,0,,0,False,<external_root>/testRepoSummaryOut/DevEval/Multimedia/Mopidy/graph_results_all/task_3_ori.gml
Multimedia/Mopidy,4,mopidy.config.validators.validate_minimum,0,21,0,,0,False,<external_root>/testRepoSummaryOut/DevEval/Multimedia/Mopidy/graph_results_all/task_4_ori.gml
Multimedia/Mopidy,5,mopidy.config.validators.validate_maximum,0,21,0,,0,False,<external_root>/testRepoSummaryOut/DevEval/Multimedia/Mopidy/graph_results_all/task_5_ori.gml
Multimedia/Mopidy,6,mopidy.config.schemas._did_you_mean,0,11,0,,0,False,<external_root>/testRepoSummaryOut/DevEval/Multimedia/Mopidy/graph_results_all/task_6_ori.gml
Multimedia/Mopidy,7,mopidy.config.types.encode,0,25,0,,0,False,<external_root>/testRepoSummaryOut/DevEval/Multimedia/Mopidy/graph_results_all/task_7_ori.gml
Multimedia/Mopidy,8,mopidy.config.types.decode,0,25,0,,0,False,<external_root>/testRepoSummaryOut/DevEval/Multimedia/Mopidy/graph_results_all/task_8_ori.gml
Multimedia/Mopidy,9,mopidy.config.types.ConfigValue.serialize,0,22,0,,0,False,<external_root>/testRepoSummaryOut/DevEval/Multimedia/Mopidy/graph_results_all/task_9_ori.gml
Multimedia/Mopidy,10,mopidy.config.types.Boolean.serialize,0,20,0,,0,False,<external_root>/testRepoSummaryOut/DevEval/Multimedia/Mopidy/graph_results_all/task_10_ori.gml
Multimedia/Mopidy,11,mopidy.http.Extension.get_config_schema,9,31,2,0.2222222222222222,2,True,<external_root>/testRepoSummaryOut/DevEval/Multimedia/Mopidy/graph_results_all/task_11_ori.gml
Multimedia/Mopidy,12,mopidy.ext.validate_extension_data,13,34,3,0.23076923076923078,3,False,<external_root>/testRepoSummaryOut/DevEval/Multimedia/Mopidy/graph_results_all/task_12_ori.gml
Multimedia/Mopidy,13,mopidy.config.load,6,33,3,0.5,3,True,<external_root>/testRepoSummaryOut/DevEval/Multimedia/Mopidy/graph_results_all/task_13_ori.gml
Multimedia/Mopidy,14,mopidy.config.types.String.serialize,2,31,1,0.5,1,False,<external_root>/testRepoSummaryOut/DevEval/Multimedia/Mopidy/graph_results_all/task_14_ori.gml
Multimedia/Mopidy,15,mopidy.ext.load_extensions,9,34,4,0.4444444444444444,4,False,<external_root>/testRepoSummaryOut/DevEval/Multimedia/Mopidy/graph_results_all/task_15_ori.gml
Multimedia/Mopidy,16,mopidy.httpclient.format_user_agent,2,26,1,0.5,1,False,<external_root>/testRepoSummaryOut/DevEval/Multimedia/Mopidy/graph_results_all/task_16_ori.gml
Multimedia/Mopidy,17,mopidy.internal.validation.check_instance,2,24,0,0.0,0,False,<external_root>/testRepoSummaryOut/DevEval/Multimedia/Mopidy/graph_results_all/task_17_ori.gml
Multimedia/Mopidy,18,mopidy.config.types.LogColor.deserialize,5,26,2,0.4,2,False,<external_root>/testRepoSummaryOut/DevEval/Multimedia/Mopidy/graph_results_all/task_18_ori.gml
Multimedia/Mopidy,19,mopidy.config.types.Pair.deserialize,9,32,4,0.4444444444444444,4,False,<external_root>/testRepoSummaryOut/DevEval/Multimedia/Mopidy/graph_results_all/task_19_ori.gml
Multimedia/Mopidy,20,mopidy.ext.Extension.get_data_dir,5,17,1,0.2,1,False,<external_root>/testRepoSummaryOut/DevEval/Multimedia/Mopidy/graph_results_all/task_20_ori.gml
Multimedia/Mopidy,21,mopidy.internal.validation.check_instances,3,24,1,0.3333333333333333,1,False,<external_root>/testRepoSummaryOut/DevEval/Multimedia/Mopidy/graph_results_all/task_21_ori.gml
Multimedia/Mopidy,22,mopidy.ext.Extension.get_cache_dir,5,16,1,0.2,1,False,<external_root>/testRepoSummaryOut/DevEval/Multimedia/Mopidy/graph_results_all/task_22_ori.gml
Multimedia/Mopidy,23,mopidy.config.types.Secret.serialize,2,31,1,0.5,1,False,<external_root>/testRepoSummaryOut/DevEval/Multimedia/Mopidy/graph_results_all/task_23_ori.gml
Multimedia/Mopidy,24,mopidy.config.types.LogLevel.serialize,2,21,1,0.5,1,False,<external_root>/testRepoSummaryOut/DevEval/Multimedia/Mopidy/graph_results_all/task_24_ori.gml
Multimedia/Mopidy,25,mopidy.config.types.LogColor.serialize,3,21,2,0.6666666666666666,2,False,<external_root>/testRepoSummaryOut/DevEval/Multimedia/Mopidy/graph_results_all/task_25_ori.gml
Multimedia/Mopidy,26,mopidy.internal.validation.check_uri,2,26,0,0.0,0,False,<external_root>/testRepoSummaryOut/DevEval/Multimedia/Mopidy/graph_results_all/task_26_ori.gml
Multimedia/Mopidy,27,mopidy.config.types.List.serialize,3,31,1,0.3333333333333333,1,False,<external_root>/testRepoSummaryOut/DevEval/Multimedia/Mopidy/graph_results_all/task_27_ori.gml
Multimedia/Mopidy,28,mopidy.ext.Extension.get_config_dir,5,34,1,0.2,1,False,<external_root>/testRepoSummaryOut/DevEval/Multimedia/Mopidy/graph_results_all/task_28_ori.gml
Multimedia/Mopidy,29,mopidy.config.types.Hostname.deserialize,9,23,2,0.2222222222222222,2,False,<external_root>/testRepoSummaryOut/DevEval/Multimedia/Mopidy/graph_results_all/task_29_ori.gml
Multimedia/Mopidy,30,mopidy.config.types.Boolean.deserialize,6,24,1,0.16666666666666666,1,False,<external_root>/testRepoSummaryOut/DevEval/Multimedia/Mopidy/graph_results_all/task_30_ori.gml
Multimedia/Mopidy,31,mopidy.config.schemas.ConfigSchema.deserialize,4,23,2,0.5,2,False,<external_root>/testRepoSummaryOut/DevEval/Multimedia/Mopidy/graph_results_all/task_31_ori.gml
Multimedia/Mopidy,32,mopidy.config.format_initial,11,35,3,0.2727272727272727,3,True,<external_root>/testRepoSummaryOut/DevEval/Multimedia/Mopidy/graph_results_all/task_32_ori.gml
Multimedia/Mopidy,33,mopidy.internal.playlists.parse,9,20,5,0.5555555555555556,5,False,<external_root>/testRepoSummaryOut/DevEval/Multimedia/Mopidy/graph_results_all/task_33_ori.gml
Multimedia/Mopidy,34,mopidy.config.types.Integer.deserialize,10,27,6,0.6,6,False,<external_root>/testRepoSummaryOut/DevEval/Multimedia/Mopidy/graph_results_all/task_34_ori.gml
Multimedia/Mopidy,35,mopidy.config.types.Pair.serialize,4,31,4,1.0,4,False,<external_root>/testRepoSummaryOut/DevEval/Multimedia/Mopidy/graph_results_all/task_35_ori.gml
Multimedia/Mopidy,36,mopidy.config._load,4,29,1,0.25,1,True,<external_root>/testRepoSummaryOut/DevEval/Multimedia/Mopidy/graph_results_all/task_36_ori.gml
Multimedia/Mopidy,37,mopidy.config.types.String.deserialize,8,27,1,0.125,1,False,<external_root>/testRepoSummaryOut/DevEval/Multimedia/Mopidy/graph_results_all/task_37_ori.gml
Multimedia/Mopidy,38,mopidy.internal.network.try_ipv6_socket,1,17,1,1.0,1,False,<external_root>/testRepoSummaryOut/DevEval/Multimedia/Mopidy/graph_results_all/task_38_ori.gml
Multimedia/Mopidy,39,mopidy.config._validate,1,38,0,0.0,0,True,<external_root>/testRepoSummaryOut/DevEval/Multimedia/Mopidy/graph_results_all/task_39_ori.gml
Multimedia/Mopidy,40,mopidy.internal.log.get_verbosity_level,2,13,1,0.5,1,False,<external_root>/testRepoSummaryOut/DevEval/Multimedia/Mopidy/graph_results_all/task_40_ori.gml
Multimedia/Mopidy,41,mopidy.internal.xdg.get_dirs,1,15,1,1.0,1,False,<external_root>/testRepoSummaryOut/DevEval/Multimedia/Mopidy/graph_results_all/task_41_ori.gml
Multimedia/Mopidy,42,mopidy.config.types.LogLevel.deserialize,4,23,1,0.25,1,False,<external_root>/testRepoSummaryOut/DevEval/Multimedia/Mopidy/graph_results_all/task_42_ori.gml
Multimedia/Mopidy,43,mopidy.internal.network.format_hostname,1,12,0,0.0,0,False,<external_root>/testRepoSummaryOut/DevEval/Multimedia/Mopidy/graph_results_all/task_43_ori.gml
Multimedia/Mopidy,44,mopidy.internal.validation.check_uris,1,34,1,1.0,1,False,<external_root>/testRepoSummaryOut/DevEval/Multimedia/Mopidy/graph_results_all/task_44_ori.gml
Multimedia/Mopidy,45,mopidy.http.Extension.get_default_config,2,31,2,1.0,2,True,<external_root>/testRepoSummaryOut/DevEval/Multimedia/Mopidy/graph_results_all/task_45_ori.gml
Multimedia/Mopidy,46,mopidy.config.types.Float.deserialize,8,29,5,0.625,5,False,<external_root>/testRepoSummaryOut/DevEval/Multimedia/Mopidy/graph_results_all/task_46_ori.gml
Multimedia/Mopidy,47,mopidy.models.immutable.ValidatedImmutableObject.replace,2,10,2,0.5,1,False,<external_root>/testRepoSummaryOut/DevEval/Multimedia/Mopidy/graph_results_all/task_47_ori.gml
Multimedia/gif-for-cli,1,gif_for_cli.utils._get_default_display_mode,0,25,0,,0,False,<external_root>/testRepoSummaryOut/DevEval/Multimedia/gif-for-cli/graph_results_all/task_1_ori.gml
Multimedia/gif-for-cli,2,gif_for_cli.utils._pool_type,0,25,0,,0,False,<external_root>/testRepoSummaryOut/DevEval/Multimedia/gif-for-cli/graph_results_all/task_2_ori.gml
Multimedia/gif-for-cli,3,gif_for_cli.generate.utils.get_avg_for_em,0,26,0,,0,False,<external_root>/testRepoSummaryOut/DevEval/Multimedia/gif-for-cli/graph_results_all/task_3_ori.gml
Multimedia/gif-for-cli,4,gif_for_cli.generate.utils.process_input_source,0,20,0,,0,False,<external_root>/testRepoSummaryOut/DevEval/Multimedia/gif-for-cli/graph_results_all/task_4_ori.gml
Multimedia/gif-for-cli,5,gif_for_cli.display.display_txt_frames,2,26,0,0.0,0,False,<external_root>/testRepoSummaryOut/DevEval/Multimedia/gif-for-cli/graph_results_all/task_5_ori.gml
Multimedia/hypertools,1,hypertools.tools.df2mat.df2mat,0,14,0,,0,False,<external_root>/testRepoSummaryOut/DevEval/Multimedia/hypertools/graph_results_all/task_1_ori.gml
Multimedia/hypertools,2,hypertools._shared.helpers.center,0,19,0,,0,False,<external_root>/testRepoSummaryOut/DevEval/Multimedia/hypertools/graph_results_all/task_2_ori.gml
Multimedia/hypertools,3,hypertools._shared.helpers.group_by_category,0,17,0,,0,False,<external_root>/testRepoSummaryOut/DevEval/Multimedia/hypertools/graph_results_all/task_3_ori.gml
Multimedia/hypertools,4,hypertools._shared.helpers.vals2colors,0,9,0,,0,False,<external_root>/testRepoSummaryOut/DevEval/Multimedia/hypertools/graph_results_all/task_4_ori.gml
Multimedia/hypertools,5,hypertools._shared.helpers.vals2bins,0,14,0,,0,False,<external_root>/testRepoSummaryOut/DevEval/Multimedia/hypertools/graph_results_all/task_5_ori.gml
Multimedia/hypertools,6,hypertools._shared.helpers.interp_array,0,7,0,,0,False,<external_root>/testRepoSummaryOut/DevEval/Multimedia/hypertools/graph_results_all/task_6_ori.gml
Multimedia/hypertools,7,hypertools._shared.helpers.parse_args,0,10,0,,0,False,<external_root>/testRepoSummaryOut/DevEval/Multimedia/hypertools/graph_results_all/task_7_ori.gml
Multimedia/hypertools,8,hypertools._shared.helpers.parse_kwargs,0,17,0,,0,False,<external_root>/testRepoSummaryOut/DevEval/Multimedia/hypertools/graph_results_all/task_8_ori.gml
Multimedia/hypertools,9,hypertools._shared.helpers.reshape_data,0,15,0,,0,False,<external_root>/testRepoSummaryOut/DevEval/Multimedia/hypertools/graph_results_all/task_9_ori.gml
Multimedia/hypertools,10,hypertools.datageometry.DataGeometry.plot,10,31,9,0.9,9,False,<external_root>/testRepoSummaryOut/DevEval/Multimedia/hypertools/graph_results_all/task_10_ori.gml
Multimedia/hypertools,11,hypertools.datageometry.DataGeometry.transform,11,15,11,1.0,11,False,<external_root>/testRepoSummaryOut/DevEval/Multimedia/hypertools/graph_results_all/task_11_ori.gml
Multimedia/mingus,1,mingus.extra.lilypond.from_Note,0,16,0,,0,False,<external_root>/testRepoSummaryOut/DevEval/Multimedia/mingus/graph_results_all/task_1_ori.gml
Multimedia/mingus,2,mingus.extra.tablature._get_qsize,0,10,0,,0,False,<external_root>/testRepoSummaryOut/DevEval/Multimedia/mingus/graph_results_all/task_2_ori.gml
Multimedia/mingus,3,mingus.core.notes.augment,0,13,0,,0,False,<external_root>/testRepoSummaryOut/DevEval/Multimedia/mingus/graph_results_all/task_3_ori.gml
Multimedia/mingus,4,mingus.core.meter.valid_beat_duration,0,21,0,,0,False,<external_root>/testRepoSummaryOut/DevEval/Multimedia/mingus/graph_results_all/task_4_ori.gml
Multimedia/mingus,5,mingus.core.notes.diminish,0,10,0,,0,False,<external_root>/testRepoSummaryOut/DevEval/Multimedia/mingus/graph_results_all/task_5_ori.gml
Multimedia/mingus,6,mingus.core.intervals.invert,0,12,0,,0,False,<external_root>/testRepoSummaryOut/DevEval/Multimedia/mingus/graph_results_all/task_6_ori.gml
Multimedia/mingus,7,mingus.core.progressions.parse_string,0,29,0,,0,False,<external_root>/testRepoSummaryOut/DevEval/Multimedia/mingus/graph_results_all/task_7_ori.gml
Multimedia/mingus,8,mingus.core.notes.int_to_note,2,10,0,0.0,0,False,<external_root>/testRepoSummaryOut/DevEval/Multimedia/mingus/graph_results_all/task_8_ori.gml
Multimedia/mingus,9,mingus.core.progressions.substitute_diminished_for_diminished,4,47,4,1.0,4,False,<external_root>/testRepoSummaryOut/DevEval/Multimedia/mingus/graph_results_all/task_9_ori.gml
Multimedia/mingus,10,mingus.core.intervals.is_consonant,2,31,2,1.0,2,False,<external_root>/testRepoSummaryOut/DevEval/Multimedia/mingus/graph_results_all/task_10_ori.gml
Multimedia/mingus,11,mingus.containers.note.Note.to_hertz,1,10,1,1.0,1,False,<external_root>/testRepoSummaryOut/DevEval/Multimedia/mingus/graph_results_all/task_11_ori.gml
Multimedia/mingus,12,mingus.core.notes.reduce_accidentals,3,13,2,0.6666666666666666,2,False,<external_root>/testRepoSummaryOut/DevEval/Multimedia/mingus/graph_results_all/task_12_ori.gml
Multimedia/mingus,13,mingus.core.chords.determine,8,23,6,0.75,6,False,<external_root>/testRepoSummaryOut/DevEval/Multimedia/mingus/graph_results_all/task_13_ori.gml
Multimedia/mingus,14,mingus.core.progressions.substitute,5,22,4,0.8,4,False,<external_root>/testRepoSummaryOut/DevEval/Multimedia/mingus/graph_results_all/task_14_ori.gml
Multimedia/mingus,15,mingus.core.intervals.major_seventh,2,28,2,1.0,2,False,<external_root>/testRepoSummaryOut/DevEval/Multimedia/mingus/graph_results_all/task_15_ori.gml
Multimedia/mingus,16,mingus.core.notes.remove_redundant_accidentals,2,12,2,1.0,2,False,<external_root>/testRepoSummaryOut/DevEval/Multimedia/mingus/graph_results_all/task_16_ori.gml
Multimedia/mingus,17,mingus.core.intervals.major_second,2,28,2,1.0,2,False,<external_root>/testRepoSummaryOut/DevEval/Multimedia/mingus/graph_results_all/task_17_ori.gml
Multimedia/mingus,18,mingus.containers.note.Note.from_hertz,4,25,0,0.0,0,False,<external_root>/testRepoSummaryOut/DevEval/Multimedia/mingus/graph_results_all/task_18_ori.gml
Multimedia/mingus,19,mingus.containers.note_container.NoteContainer.get_note_names,1,27,0,0.0,0,False,<external_root>/testRepoSummaryOut/DevEval/Multimedia/mingus/graph_results_all/task_19_ori.gml
Multimedia/mingus,20,mingus.containers.note_container.NoteContainer.from_progression_shorthand,4,16,2,0.5,2,False,<external_root>/testRepoSummaryOut/DevEval/Multimedia/mingus/graph_results_all/task_20_ori.gml
Multimedia/mingus,21,mingus.core.keys.get_key_signature,3,23,2,0.6666666666666666,2,False,<external_root>/testRepoSummaryOut/DevEval/Multimedia/mingus/graph_results_all/task_21_ori.gml
Multimedia/mingus,22,mingus.core.keys.relative_major,2,22,1,0.5,1,False,<external_root>/testRepoSummaryOut/DevEval/Multimedia/mingus/graph_results_all/task_22_ori.gml
Multimedia/mingus,23,mingus.containers.note_container.NoteContainer.from_chord_shorthand,4,19,4,1.0,4,False,<external_root>/testRepoSummaryOut/DevEval/Multimedia/mingus/graph_results_all/task_23_ori.gml
Multimedia/mingus,24,mingus.core.intervals.is_perfect_consonant,1,31,1,1.0,1,False,<external_root>/testRepoSummaryOut/DevEval/Multimedia/mingus/graph_results_all/task_24_ori.gml
Multimedia/mingus,25,mingus.containers.note.Note.from_int,4,8,0,0.0,0,False,<external_root>/testRepoSummaryOut/DevEval/Multimedia/mingus/graph_results_all/task_25_ori.gml
Multimedia/mingus,26,mingus.core.intervals.minor_third,2,21,1,0.5,1,False,<external_root>/testRepoSummaryOut/DevEval/Multimedia/mingus/graph_results_all/task_26_ori.gml
Multimedia/mingus,27,mingus.containers.note_container.NoteContainer.from_interval_shorthand,7,5,0,0.0,0,False,<external_root>/testRepoSummaryOut/DevEval/Multimedia/mingus/graph_results_all/task_27_ori.gml
Multimedia/mingus,28,mingus.core.progressions.substitute_major_for_minor,4,47,4,1.0,4,False,<external_root>/testRepoSummaryOut/DevEval/Multimedia/mingus/graph_results_all/task_28_ori.gml
Multimedia/mingus,29,mingus.core.notes.is_valid_note,1,12,1,1.0,1,False,<external_root>/testRepoSummaryOut/DevEval/Multimedia/mingus/graph_results_all/task_29_ori.gml
Multimedia/mingus,30,mingus.containers.bar.Bar.transpose,2,17,1,0.5,1,False,<external_root>/testRepoSummaryOut/DevEval/Multimedia/mingus/graph_results_all/task_30_ori.gml
Multimedia/mingus,31,mingus.extra.tunings.get_tunings,1,12,1,1.0,1,False,<external_root>/testRepoSummaryOut/DevEval/Multimedia/mingus/graph_results_all/task_31_ori.gml
Multimedia/mingus,32,mingus.core.intervals.minor_seventh,2,28,2,1.0,2,False,<external_root>/testRepoSummaryOut/DevEval/Multimedia/mingus/graph_results_all/task_32_ori.gml
Multimedia/mingus,33,mingus.core.chords.augmented_triad,5,26,1,0.2,1,False,<external_root>/testRepoSummaryOut/DevEval/Multimedia/mingus/graph_results_all/task_33_ori.gml
Multimedia/mingus,34,mingus.containers.bar.Bar.determine_chords,2,25,1,0.5,1,False,<external_root>/testRepoSummaryOut/DevEval/Multimedia/mingus/graph_results_all/task_34_ori.gml
Multimedia/mingus,35,mingus.containers.bar.Bar.get_range,1,9,0,0.0,0,False,<external_root>/testRepoSummaryOut/DevEval/Multimedia/mingus/graph_results_all/task_35_ori.gml
Multimedia/mingus,36,mingus.core.intervals.measure,2,31,0,0.0,0,False,<external_root>/testRepoSummaryOut/DevEval/Multimedia/mingus/graph_results_all/task_36_ori.gml
Multimedia/mingus,37,mingus.core.value.determine,1,18,0,0.0,0,False,<external_root>/testRepoSummaryOut/DevEval/Multimedia/mingus/graph_results_all/task_37_ori.gml
Multimedia/mingus,38,mingus.containers.instrument.Guitar.can_play_notes,2,18,1,0.5,1,False,<external_root>/testRepoSummaryOut/DevEval/Multimedia/mingus/graph_results_all/task_38_ori.gml
Multimedia/mingus,39,mingus.core.progressions.skip,1,33,1,1.0,1,False,<external_root>/testRepoSummaryOut/DevEval/Multimedia/mingus/graph_results_all/task_39_ori.gml
Multimedia/mingus,40,mingus.core.value.septuplet,1,10,1,1.0,1,False,<external_root>/testRepoSummaryOut/DevEval/Multimedia/mingus/graph_results_all/task_40_ori.gml
Multimedia/mingus,41,mingus.containers.instrument.Instrument.note_in_range,3,18,0,0.0,0,False,<external_root>/testRepoSummaryOut/DevEval/Multimedia/mingus/graph_results_all/task_41_ori.gml
Multimedia/mingus,42,mingus.core.progressions.substitute_diminished_for_dominant,4,47,4,1.0,4,False,<external_root>/testRepoSummaryOut/DevEval/Multimedia/mingus/graph_results_all/task_42_ori.gml
Multimedia/mingus,43,mingus.containers.note.Note.to_shorthand,2,5,0,0.0,0,False,<external_root>/testRepoSummaryOut/DevEval/Multimedia/mingus/graph_results_all/task_43_ori.gml
Multimedia/mingus,44,mingus.core.keys.get_notes,6,41,3,0.5,3,False,<external_root>/testRepoSummaryOut/DevEval/Multimedia/mingus/graph_results_all/task_44_ori.gml
Multimedia/mingus,45,mingus.core.intervals.minor_second,2,26,1,0.5,1,False,<external_root>/testRepoSummaryOut/DevEval/Multimedia/mingus/graph_results_all/task_45_ori.gml
Multimedia/mingus,46,mingus.core.intervals.determine,3,31,2,0.6666666666666666,2,False,<external_root>/testRepoSummaryOut/DevEval/Multimedia/mingus/graph_results_all/task_46_ori.gml
Multimedia/mingus,47,mingus.core.intervals.from_shorthand,15,28,11,0.7333333333333333,11,False,<external_root>/testRepoSummaryOut/DevEval/Multimedia/mingus/graph_results_all/task_47_ori.gml
Multimedia/mingus,48,mingus.containers.note.Note.transpose,5,12,0,0.0,0,False,<external_root>/testRepoSummaryOut/DevEval/Multimedia/mingus/graph_results_all/task_48_ori.gml
Multimedia/mingus,49,mingus.core.intervals.minor_fourth,2,45,1,0.5,1,False,<external_root>/testRepoSummaryOut/DevEval/Multimedia/mingus/graph_results_all/task_49_ori.gml
Multimedia/mingus,50,mingus.containers.note_container.NoteContainer.transpose,2,14,0,0.0,0,False,<external_root>/testRepoSummaryOut/DevEval/Multimedia/mingus/graph_results_all/task_50_ori.gml
Multimedia/mingus,51,mingus.core.keys.get_key,2,26,1,0.5,1,False,<external_root>/testRepoSummaryOut/DevEval/Multimedia/mingus/graph_results_all/task_51_ori.gml
Multimedia/mingus,52,mingus.core.keys.get_key_signature_accidentals,3,23,1,0.3333333333333333,1,False,<external_root>/testRepoSummaryOut/DevEval/Multimedia/mingus/graph_results_all/task_52_ori.gml
Scientific-Engineering/bentoml,1,bentoml_cli.env_manager.remove_env_arg,0,10,0,,0,False,<external_root>/testRepoSummaryOut/DevEval/Scientific-Engineering/bentoml/graph_results_all/task_1_ori.gml
Scientific-Engineering/bentoml,2,bentoml._internal.utils.uri.path_to_uri,0,6,0,,0,False,<external_root>/testRepoSummaryOut/DevEval/Scientific-Engineering/bentoml/graph_results_all/task_2_ori.gml
Scientific-Engineering/bentoml,3,bentoml._internal.utils.uri.uri_to_path,0,8,0,,0,False,<external_root>/testRepoSummaryOut/DevEval/Scientific-Engineering/bentoml/graph_results_all/task_3_ori.gml
Scientific-Engineering/bentoml,4,bentoml._internal.utils.validate_labels,0,13,0,,0,True,<external_root>/testRepoSummaryOut/DevEval/Scientific-Engineering/bentoml/graph_results_all/task_4_ori.gml
Scientific-Engineering/bentoml,5,bentoml._internal.configuration.helpers.is_valid_ip_address,0,14,0,,0,False,<external_root>/testRepoSummaryOut/DevEval/Scientific-Engineering/bentoml/graph_results_all/task_5_ori.gml
Scientific-Engineering/bentoml,6,bentoml._internal.runner.container.PandasDataFrameContainer.batches_to_batch,0,30,0,,0,False,<external_root>/testRepoSummaryOut/DevEval/Scientific-Engineering/bentoml/graph_results_all/task_6_ori.gml
Scientific-Engineering/bentoml,7,bentoml._internal.runner.container.PandasDataFrameContainer.batch_to_batches,0,30,0,,0,False,<external_root>/testRepoSummaryOut/DevEval/Scientific-Engineering/bentoml/graph_results_all/task_7_ori.gml
Scientific-Engineering/bentoml,8,bentoml._internal.runner.container.DefaultContainer.batches_to_batch,0,14,0,,0,False,<external_root>/testRepoSummaryOut/DevEval/Scientific-Engineering/bentoml/graph_results_all/task_8_ori.gml
Scientific-Engineering/bentoml,9,bentoml._internal.runner.container.DefaultContainer.batch_to_batches,0,10,0,,0,False,<external_root>/testRepoSummaryOut/DevEval/Scientific-Engineering/bentoml/graph_results_all/task_9_ori.gml
Scientific-Engineering/bentoml,10,bentoml._internal.runner.container.DefaultContainer.from_batch_payloads,2,9,0,0.0,0,False,<external_root>/testRepoSummaryOut/DevEval/Scientific-Engineering/bentoml/graph_results_all/task_10_ori.gml
Scientific-Engineering/bentoml,11,bentoml._internal.runner.container.NdarrayContainer.batch_to_payloads,5,15,1,0.2,1,False,<external_root>/testRepoSummaryOut/DevEval/Scientific-Engineering/bentoml/graph_results_all/task_11_ori.gml
Scientific-Engineering/bentoml,12,bentoml._internal.runner.strategy.DefaultStrategy.get_worker_count,4,7,2,0.5,2,False,<external_root>/testRepoSummaryOut/DevEval/Scientific-Engineering/bentoml/graph_results_all/task_12_ori.gml
Scientific-Engineering/bentoml,13,bentoml._internal.runner.strategy.DefaultStrategy.get_worker_env,5,13,3,0.6,3,False,<external_root>/testRepoSummaryOut/DevEval/Scientific-Engineering/bentoml/graph_results_all/task_13_ori.gml
Scientific-Engineering/bentoml,14,bentoml._internal.types.LazyType.get_class,4,15,3,0.75,3,False,<external_root>/testRepoSummaryOut/DevEval/Scientific-Engineering/bentoml/graph_results_all/task_14_ori.gml
Scientific-Engineering/bentoml,15,bentoml._internal.runner.container.NdarrayContainer.from_batch_payloads,3,11,2,0.6666666666666666,2,False,<external_root>/testRepoSummaryOut/DevEval/Scientific-Engineering/bentoml/graph_results_all/task_15_ori.gml
Scientific-Engineering/bentoml,16,bentoml._internal.models.model.Model.create,9,45,0,0.0,0,False,<external_root>/testRepoSummaryOut/DevEval/Scientific-Engineering/bentoml/graph_results_all/task_16_ori.gml
Scientific-Engineering/bentoml,17,bentoml._internal.configuration.helpers.expand_env_var_in_values,2,11,1,0.5,1,False,<external_root>/testRepoSummaryOut/DevEval/Scientific-Engineering/bentoml/graph_results_all/task_17_ori.gml
Scientific-Engineering/bentoml,18,bentoml._internal.utils.metrics.linear_buckets,2,16,1,0.5,1,False,<external_root>/testRepoSummaryOut/DevEval/Scientific-Engineering/bentoml/graph_results_all/task_18_ori.gml
Scientific-Engineering/bentoml,19,bentoml._internal.models.model.Model.from_fs,7,12,2,0.2857142857142857,2,False,<external_root>/testRepoSummaryOut/DevEval/Scientific-Engineering/bentoml/graph_results_all/task_19_ori.gml
Scientific-Engineering/bentoml,20,bentoml._internal.runner.container.PandasDataFrameContainer.to_payload,5,29,0,0.0,0,False,<external_root>/testRepoSummaryOut/DevEval/Scientific-Engineering/bentoml/graph_results_all/task_20_ori.gml
Scientific-Engineering/bentoml,21,bentoml._internal.resource.get_resource,3,8,1,0.3333333333333333,1,False,<external_root>/testRepoSummaryOut/DevEval/Scientific-Engineering/bentoml/graph_results_all/task_21_ori.gml
Scientific-Engineering/bentoml,22,bentoml._internal.resource.CpuResource.from_system,2,13,2,1.0,2,False,<external_root>/testRepoSummaryOut/DevEval/Scientific-Engineering/bentoml/graph_results_all/task_22_ori.gml
Scientific-Engineering/bentoml,23,bentoml._internal.utils.validate_metadata,1,18,1,1.0,1,True,<external_root>/testRepoSummaryOut/DevEval/Scientific-Engineering/bentoml/graph_results_all/task_23_ori.gml
Scientific-Engineering/bentoml,24,bentoml._internal.utils.analytics.usage_stats._track_serve_init,10,12,4,0.4,4,False,<external_root>/testRepoSummaryOut/DevEval/Scientific-Engineering/bentoml/graph_results_all/task_24_ori.gml
Scientific-Engineering/bentoml,25,bentoml._internal.runner.container.NdarrayContainer.to_payload,6,20,2,0.3333333333333333,2,False,<external_root>/testRepoSummaryOut/DevEval/Scientific-Engineering/bentoml/graph_results_all/task_25_ori.gml
Scientific-Engineering/bentoml,26,bentoml._internal.utils.analytics.usage_stats.get_serve_info,1,9,0,0.0,0,False,<external_root>/testRepoSummaryOut/DevEval/Scientific-Engineering/bentoml/graph_results_all/task_26_ori.gml
Scientific-Engineering/bentoml,27,bentoml._internal.resource.system_resources,1,7,0,0.0,0,False,<external_root>/testRepoSummaryOut/DevEval/Scientific-Engineering/bentoml/graph_results_all/task_27_ori.gml
Scientific-Engineering/bentoml,28,bentoml._internal.resource.CpuResource.from_spec,1,12,0,0.0,0,False,<external_root>/testRepoSummaryOut/DevEval/Scientific-Engineering/bentoml/graph_results_all/task_28_ori.gml
Scientific-Engineering/bentoml,29,bentoml._internal.resource.CpuResource.validate,2,15,1,0.5,1,False,<external_root>/testRepoSummaryOut/DevEval/Scientific-Engineering/bentoml/graph_results_all/task_29_ori.gml
Scientific-Engineering/bentoml,30,bentoml._internal.runner.container.DefaultContainer.batch_to_payloads,2,29,0,0.0,0,False,<external_root>/testRepoSummaryOut/DevEval/Scientific-Engineering/bentoml/graph_results_all/task_30_ori.gml
Scientific-Engineering/bentoml,31,bentoml._internal.configuration.helpers.load_config_file,1,14,0,0.0,0,False,<external_root>/testRepoSummaryOut/DevEval/Scientific-Engineering/bentoml/graph_results_all/task_31_ori.gml
Scientific-Engineering/bentoml,32,bentoml._internal.runner.container.NdarrayContainer.batches_to_batch,3,11,0,0.0,0,False,<external_root>/testRepoSummaryOut/DevEval/Scientific-Engineering/bentoml/graph_results_all/task_32_ori.gml
Scientific-Engineering/bentoml,33,bentoml._internal.configuration.helpers.flatten_dict,1,11,0,0.0,0,False,<external_root>/testRepoSummaryOut/DevEval/Scientific-Engineering/bentoml/graph_results_all/task_33_ori.gml
Scientific-Engineering/bentoml,34,bentoml._internal.runner.container.PandasDataFrameContainer.batch_to_payloads,4,28,2,0.5,2,False,<external_root>/testRepoSummaryOut/DevEval/Scientific-Engineering/bentoml/graph_results_all/task_34_ori.gml
Scientific-Engineering/bentoml,35,bentoml._internal.runner.container.NdarrayContainer.from_payload,6,18,1,0.16666666666666666,1,False,<external_root>/testRepoSummaryOut/DevEval/Scientific-Engineering/bentoml/graph_results_all/task_35_ori.gml
Scientific-Engineering/bentoml,36,bentoml._internal.runner.container.PandasDataFrameContainer.from_batch_payloads,4,13,1,0.25,1,False,<external_root>/testRepoSummaryOut/DevEval/Scientific-Engineering/bentoml/graph_results_all/task_36_ori.gml
Scientific-Engineering/bentoml,37,bentoml._internal.service.service.get_valid_service_name,2,19,1,0.5,1,False,<external_root>/testRepoSummaryOut/DevEval/Scientific-Engineering/bentoml/graph_results_all/task_37_ori.gml
Scientific-Engineering/bentoml,38,bentoml._internal.runner.container.DefaultContainer.to_payload,2,15,1,0.5,1,False,<external_root>/testRepoSummaryOut/DevEval/Scientific-Engineering/bentoml/graph_results_all/task_38_ori.gml
Scientific-Engineering/bentoml,39,bentoml._internal.runner.container.PandasDataFrameContainer.from_payload,5,13,1,0.2,1,False,<external_root>/testRepoSummaryOut/DevEval/Scientific-Engineering/bentoml/graph_results_all/task_39_ori.gml
Scientific-Engineering/csvkit,1,csvkit.cleanup.join_rows,0,13,0,,0,False,<external_root>/testRepoSummaryOut/DevEval/Scientific-Engineering/csvkit/graph_results_all/task_1_ori.gml
Scientific-Engineering/csvkit,2,csvkit.convert.guess_format,0,22,0,,0,True,<external_root>/testRepoSummaryOut/DevEval/Scientific-Engineering/csvkit/graph_results_all/task_2_ori.gml
Scientific-Engineering/csvkit,3,csvkit.cli.CSVKitUtility.run,6,50,3,0.5,3,False,<external_root>/testRepoSummaryOut/DevEval/Scientific-Engineering/csvkit/graph_results_all/task_3_ori.gml
Scientific-Engineering/csvkit,4,csvkit.convert.fixed.fixed2csv,2,12,1,0.5,1,False,<external_root>/testRepoSummaryOut/DevEval/Scientific-Engineering/csvkit/graph_results_all/task_4_ori.gml
Scientific-Engineering/diffusers,1,check_dummies.find_backend,1,40,0,0.0,0,False,<external_root>/testRepoSummaryOut/DevEval/Scientific-Engineering/diffusers/graph_results_all/task_1_ori.gml
Scientific-Engineering/diffusers,2,check_dummies.create_dummy_object,3,11,0,0.0,0,False,<external_root>/testRepoSummaryOut/DevEval/Scientific-Engineering/diffusers/graph_results_all/task_2_ori.gml
Scientific-Engineering/folium,1,folium.utilities.normalize,0,6,0,,0,False,<external_root>/testRepoSummaryOut/DevEval/Scientific-Engineering/folium/graph_results_all/task_1_ori.gml
Scientific-Engineering/folium,2,folium.utilities.get_bounds,4,21,3,0.75,3,False,<external_root>/testRepoSummaryOut/DevEval/Scientific-Engineering/folium/graph_results_all/task_2_ori.gml
Scientific-Engineering/folium,3,folium.features.VegaLite.vegalite_major_version,1,12,0,0.0,0,False,<external_root>/testRepoSummaryOut/DevEval/Scientific-Engineering/folium/graph_results_all/task_3_ori.gml
Scientific-Engineering/lux,1,lux.action.default.register_default_actions,10,13,5,0.5,5,False,<external_root>/testRepoSummaryOut/DevEval/Scientific-Engineering/lux/graph_results_all/task_1_ori.gml
Scientific-Engineering/lux,2,lux.vis.Vis.Vis.get_attr_by_channel,1,21,0,0.0,0,False,<external_root>/testRepoSummaryOut/DevEval/Scientific-Engineering/lux/graph_results_all/task_2_ori.gml
Scientific-Engineering/rq,1,rq.serializers.resolve_serializer,2,10,1,0.5,1,False,<external_root>/testRepoSummaryOut/DevEval/Scientific-Engineering/rq/graph_results_all/task_1_ori.gml
Security/asyncssh,1,asyncssh.packet.String,0,29,0,,0,False,<external_root>/testRepoSummaryOut/DevEval/Security/asyncssh/graph_results_all/task_1_ori.gml
Security/asyncssh,2,asyncssh.mac.get_mac,2,11,0,0.0,0,False,<external_root>/testRepoSummaryOut/DevEval/Security/asyncssh/graph_results_all/task_2_ori.gml
Security/asyncssh,3,asyncssh.kex.register_kex_alg,5,14,2,0.4,2,False,<external_root>/testRepoSummaryOut/DevEval/Security/asyncssh/graph_results_all/task_3_ori.gml
Security/asyncssh,4,asyncssh.auth_keys.SSHAuthorizedKeys.validate,4,17,1,0.25,1,False,<external_root>/testRepoSummaryOut/DevEval/Security/asyncssh/graph_results_all/task_4_ori.gml
Security/asyncssh,5,asyncssh.packet.SSHPacket.check_end,1,35,0,0.0,0,False,<external_root>/testRepoSummaryOut/DevEval/Security/asyncssh/graph_results_all/task_5_ori.gml
Security/asyncssh,6,asyncssh.misc.write_file,2,28,2,1.0,2,False,<external_root>/testRepoSummaryOut/DevEval/Security/asyncssh/graph_results_all/task_6_ori.gml
Security/asyncssh,7,asyncssh.saslprep.saslprep,2,12,2,1.0,2,False,<external_root>/testRepoSummaryOut/DevEval/Security/asyncssh/graph_results_all/task_7_ori.gml
Security/asyncssh,8,asyncssh.public_key.SSHKey.convert_to_public,6,24,1,0.16666666666666666,1,False,<external_root>/testRepoSummaryOut/DevEval/Security/asyncssh/graph_results_all/task_8_ori.gml
Security/asyncssh,9,asyncssh.public_key.SSHKey.verify,5,25,1,0.2,1,False,<external_root>/testRepoSummaryOut/DevEval/Security/asyncssh/graph_results_all/task_9_ori.gml
Security/asyncssh,10,asyncssh.asn1.der_decode,2,44,1,0.5,1,False,<external_root>/testRepoSummaryOut/DevEval/Security/asyncssh/graph_results_all/task_10_ori.gml
Security/asyncssh,11,asyncssh.public_key.SSHKey.generate_x509_user_certificate,6,17,6,1.0,6,False,<external_root>/testRepoSummaryOut/DevEval/Security/asyncssh/graph_results_all/task_11_ori.gml
Security/asyncssh,12,asyncssh.auth.get_supported_server_auth_methods,3,21,3,1.0,3,False,<external_root>/testRepoSummaryOut/DevEval/Security/asyncssh/graph_results_all/task_12_ori.gml
Security/barf,1,barf.arch.translator.InstructionTranslator.translate,3,13,2,0.6666666666666666,2,False,<external_root>/testRepoSummaryOut/DevEval/Security/barf/graph_results_all/task_1_ori.gml
Security/barf,2,barf.arch.arm.parser.ArmParser.parse,3,16,2,0.6666666666666666,2,False,<external_root>/testRepoSummaryOut/DevEval/Security/barf/graph_results_all/task_2_ori.gml
Security/barf,3,barf.arch.x86.parser.X86Parser.parse,3,13,2,0.6666666666666666,2,False,<external_root>/testRepoSummaryOut/DevEval/Security/barf/graph_results_all/task_3_ori.gml
Security/barf,4,barf.analysis.gadgets.finder.GadgetFinder.find,5,21,5,1.0,5,False,<external_root>/testRepoSummaryOut/DevEval/Security/barf/graph_results_all/task_4_ori.gml
Security/barf,5,barf.analysis.gadgets.classifier.GadgetClassifier.classify,3,29,3,1.0,3,False,<external_root>/testRepoSummaryOut/DevEval/Security/barf/graph_results_all/task_5_ori.gml
Security/barf,6,barf.core.reil.parser.ReilParser.parse,3,14,3,1.0,3,False,<external_root>/testRepoSummaryOut/DevEval/Security/barf/graph_results_all/task_6_ori.gml
Security/barf,7,barf.core.smt.smtfunction.ite,2,36,1,0.0,0,False,<external_root>/testRepoSummaryOut/DevEval/Security/barf/graph_results_all/task_7_ori.gml
Security/barf,8,barf.core.smt.smtfunction.concat,1,36,1,0.0,0,False,<external_root>/testRepoSummaryOut/DevEval/Security/barf/graph_results_all/task_8_ori.gml
Security/barf,9,barf.core.smt.smtfunction.extract,2,31,0,0.0,0,False,<external_root>/testRepoSummaryOut/DevEval/Security/barf/graph_results_all/task_9_ori.gml
Security/barf,10,barf.core.smt.smtfunction.zero_extend,2,50,1,0.0,0,False,<external_root>/testRepoSummaryOut/DevEval/Security/barf/graph_results_all/task_10_ori.gml
Security/barf,11,barf.core.smt.smtsymbol.BitVecArray.declaration,3,15,2,0.6666666666666666,2,False,<external_root>/testRepoSummaryOut/DevEval/Security/barf/graph_results_all/task_11_ori.gml
Security/barf,12,barf.arch.emulator.Emulator.load_binary,3,14,2,0.6666666666666666,2,False,<external_root>/testRepoSummaryOut/DevEval/Security/barf/graph_results_all/task_12_ori.gml
Security/diffprivlib,1,diffprivlib.validation.check_epsilon_delta,0,24,0,,0,False,<external_root>/testRepoSummaryOut/DevEval/Security/diffprivlib/graph_results_all/task_1_ori.gml
Security/diffprivlib,2,diffprivlib.utils.check_random_state,0,17,0,,0,False,<external_root>/testRepoSummaryOut/DevEval/Security/diffprivlib/graph_results_all/task_2_ori.gml
Security/diffprivlib,3,diffprivlib.validation.clip_to_norm,0,9,0,,0,False,<external_root>/testRepoSummaryOut/DevEval/Security/diffprivlib/graph_results_all/task_3_ori.gml
Security/diffprivlib,4,diffprivlib.models.pca.PCA.fit_transform,0,11,0,,0,False,<external_root>/testRepoSummaryOut/DevEval/Security/diffprivlib/graph_results_all/task_4_ori.gml
Security/diffprivlib,5,diffprivlib.accountant.BudgetAccountant.set_default,1,21,0,0.0,0,False,<external_root>/testRepoSummaryOut/DevEval/Security/diffprivlib/graph_results_all/task_5_ori.gml
Security/diffprivlib,6,diffprivlib.tools.utils.nanstd,2,14,1,0.5,1,False,<external_root>/testRepoSummaryOut/DevEval/Security/diffprivlib/graph_results_all/task_6_ori.gml
Security/diffprivlib,7,diffprivlib.tools.quantiles.quantile,12,17,1,0.08333333333333333,1,False,<external_root>/testRepoSummaryOut/DevEval/Security/diffprivlib/graph_results_all/task_7_ori.gml
Security/diffprivlib,8,diffprivlib.accountant.BudgetAccountant.load_default,2,21,0,0.5,1,False,<external_root>/testRepoSummaryOut/DevEval/Security/diffprivlib/graph_results_all/task_8_ori.gml
Security/diffprivlib,9,diffprivlib.tools.quantiles.percentile,2,17,2,1.0,2,False,<external_root>/testRepoSummaryOut/DevEval/Security/diffprivlib/graph_results_all/task_9_ori.gml
Security/diffprivlib,10,diffprivlib.accountant.BudgetAccountant.pop_default,1,14,0,0.0,0,False,<external_root>/testRepoSummaryOut/DevEval/Security/diffprivlib/graph_results_all/task_10_ori.gml
Security/diffprivlib,11,diffprivlib.accountant.BudgetAccountant.check,9,22,7,0.7777777777777778,7,False,<external_root>/testRepoSummaryOut/DevEval/Security/diffprivlib/graph_results_all/task_11_ori.gml
Security/diffprivlib,12,diffprivlib.models.standard_scaler._incremental_mean_and_var,1,30,0,0.0,0,False,<external_root>/testRepoSummaryOut/DevEval/Security/diffprivlib/graph_results_all/task_12_ori.gml
Security/diffprivlib,13,diffprivlib.tools.utils.std,2,9,1,0.5,1,False,<external_root>/testRepoSummaryOut/DevEval/Security/diffprivlib/graph_results_all/task_13_ori.gml
Security/diffprivlib,14,diffprivlib.accountant.BudgetAccountant.__repr__,4,14,4,1.0,4,False,<external_root>/testRepoSummaryOut/DevEval/Security/diffprivlib/graph_results_all/task_14_ori.gml
Security/diffprivlib,15,diffprivlib.validation.clip_to_bounds,1,13,1,1.0,1,False,<external_root>/testRepoSummaryOut/DevEval/Security/diffprivlib/graph_results_all/task_15_ori.gml
Security/diffprivlib,16,diffprivlib.tools.utils.nanmean,2,18,1,0.5,1,False,<external_root>/testRepoSummaryOut/DevEval/Security/diffprivlib/graph_results_all/task_16_ori.gml
Security/diffprivlib,17,diffprivlib.models.linear_regression.LinearRegression.fit,16,24,10,0.625,10,False,<external_root>/testRepoSummaryOut/DevEval/Security/diffprivlib/graph_results_all/task_17_ori.gml
Security/diffprivlib,18,diffprivlib.tools.histograms.histogram,8,17,3,0.375,3,False,<external_root>/testRepoSummaryOut/DevEval/Security/diffprivlib/graph_results_all/task_18_ori.gml
Security/diffprivlib,19,diffprivlib.models.naive_bayes.GaussianNB._noisy_class_counts,1,10,0,0.0,0,False,<external_root>/testRepoSummaryOut/DevEval/Security/diffprivlib/graph_results_all/task_19_ori.gml
Security/diffprivlib,20,diffprivlib.mechanisms.base.bernoulli_neg_exp,2,9,0,0.0,0,False,<external_root>/testRepoSummaryOut/DevEval/Security/diffprivlib/graph_results_all/task_20_ori.gml
Security/diffprivlib,21,diffprivlib.tools.utils.nansum,2,18,1,0.5,1,False,<external_root>/testRepoSummaryOut/DevEval/Security/diffprivlib/graph_results_all/task_21_ori.gml
Security/diffprivlib,22,diffprivlib.tools.histograms.histogram2d,2,17,2,1.0,2,False,<external_root>/testRepoSummaryOut/DevEval/Security/diffprivlib/graph_results_all/task_22_ori.gml
Security/diffprivlib,23,diffprivlib.models.forest._FittingTree.__getstate__,4,8,4,1.0,4,False,<external_root>/testRepoSummaryOut/DevEval/Security/diffprivlib/graph_results_all/task_23_ori.gml
Security/diffprivlib,24,diffprivlib.tools.utils.sum,2,9,0,0.0,0,False,<external_root>/testRepoSummaryOut/DevEval/Security/diffprivlib/graph_results_all/task_24_ori.gml
Security/diffprivlib,25,diffprivlib.tools.utils.nanvar,2,18,1,0.5,1,False,<external_root>/testRepoSummaryOut/DevEval/Security/diffprivlib/graph_results_all/task_25_ori.gml
Security/diffprivlib,26,diffprivlib.models.naive_bayes.GaussianNB._update_mean_variance,5,9,0,0.0,0,False,<external_root>/testRepoSummaryOut/DevEval/Security/diffprivlib/graph_results_all/task_26_ori.gml
Security/diffprivlib,27,diffprivlib.accountant.BudgetAccountant.spend,2,22,2,1.0,2,False,<external_root>/testRepoSummaryOut/DevEval/Security/diffprivlib/graph_results_all/task_27_ori.gml
Security/diffprivlib,28,diffprivlib.models.k_means.KMeans.fit,19,16,6,0.3157894736842105,6,False,<external_root>/testRepoSummaryOut/DevEval/Security/diffprivlib/graph_results_all/task_28_ori.gml
Security/diffprivlib,29,diffprivlib.models.forest._FittingTree.fit,9,8,5,0.5555555555555556,5,False,<external_root>/testRepoSummaryOut/DevEval/Security/diffprivlib/graph_results_all/task_29_ori.gml
Security/diffprivlib,30,diffprivlib.tools.utils.var,2,18,1,0.5,1,False,<external_root>/testRepoSummaryOut/DevEval/Security/diffprivlib/graph_results_all/task_30_ori.gml
Security/msticpy,1,msticpy.analysis.anomalous_sequence.utils.laplace_smooth.laplace_smooth_cmd_counts,0,13,0,,0,False,<external_root>/testRepoSummaryOut/DevEval/Security/msticpy/graph_results_all/task_1_ori.gml
Security/msticpy,2,msticpy.analysis.anomalous_sequence.utils.laplace_smooth.laplace_smooth_param_counts,0,13,0,,0,False,<external_root>/testRepoSummaryOut/DevEval/Security/msticpy/graph_results_all/task_2_ori.gml
Security/msticpy,3,msticpy.analysis.anomalous_sequence.utils.laplace_smooth.laplace_smooth_value_counts,0,13,0,,0,False,<external_root>/testRepoSummaryOut/DevEval/Security/msticpy/graph_results_all/task_3_ori.gml
Security/msticpy,4,msticpy.analysis.anomalous_sequence.utils.probabilities.compute_values_probs,1,11,0,0.0,0,False,<external_root>/testRepoSummaryOut/DevEval/Security/msticpy/graph_results_all/task_4_ori.gml
Security/msticpy,5,msticpy.analysis.anomalous_sequence.utils.cmds_params_values.compute_likelihood_windows_in_session,4,10,1,0.25,1,False,<external_root>/testRepoSummaryOut/DevEval/Security/msticpy/graph_results_all/task_5_ori.gml
Security/msticpy,6,msticpy.config.query_editor.QueryParameterEditWidget.delete_parameter,4,10,4,1.0,4,False,<external_root>/testRepoSummaryOut/DevEval/Security/msticpy/graph_results_all/task_6_ori.gml
Security/msticpy,7,msticpy.analysis.anomalous_sequence.utils.cmds_params_values.rarest_window_session,3,16,1,0.3333333333333333,1,False,<external_root>/testRepoSummaryOut/DevEval/Security/msticpy/graph_results_all/task_7_ori.gml
Security/msticpy,8,msticpy.analysis.anomalous_sequence.anomalous.score_sessions,6,14,1,0.16666666666666666,1,False,<external_root>/testRepoSummaryOut/DevEval/Security/msticpy/graph_results_all/task_8_ori.gml
Security/msticpy,9,msticpy.analysis.anomalous_sequence.utils.probabilities.compute_cmds_probs,1,16,0,0.0,0,False,<external_root>/testRepoSummaryOut/DevEval/Security/msticpy/graph_results_all/task_9_ori.gml
Security/msticpy,10,msticpy.analysis.anomalous_sequence.utils.cmds_only.rarest_window_session,2,16,1,0.5,1,False,<external_root>/testRepoSummaryOut/DevEval/Security/msticpy/graph_results_all/task_10_ori.gml
Security/msticpy,11,msticpy.analysis.anomalous_sequence.utils.cmds_params_only.compute_likelihood_window,4,17,1,0.25,1,False,<external_root>/testRepoSummaryOut/DevEval/Security/msticpy/graph_results_all/task_11_ori.gml
Security/msticpy,12,msticpy.analysis.anomalous_sequence.model.Model.compute_rarest_windows,11,16,3,0.2727272727272727,3,False,<external_root>/testRepoSummaryOut/DevEval/Security/msticpy/graph_results_all/task_12_ori.gml
Security/msticpy,13,msticpy.analysis.anomalous_sequence.utils.cmds_params_only.rarest_window_session,3,16,1,0.3333333333333333,1,False,<external_root>/testRepoSummaryOut/DevEval/Security/msticpy/graph_results_all/task_13_ori.gml
Security/msticpy,14,msticpy.analysis.anomalous_sequence.utils.cmds_params_values.get_params_to_model_values,1,10,0,0.0,0,False,<external_root>/testRepoSummaryOut/DevEval/Security/msticpy/graph_results_all/task_14_ori.gml
Security/msticpy,15,msticpy.analysis.anomalous_sequence.utils.cmds_params_values.compute_likelihood_window,4,12,1,0.25,1,False,<external_root>/testRepoSummaryOut/DevEval/Security/msticpy/graph_results_all/task_15_ori.gml
Security/msticpy,16,msticpy.analysis.anomalous_sequence.utils.cmds_only.compute_likelihood_window,2,12,0,0.0,0,False,<external_root>/testRepoSummaryOut/DevEval/Security/msticpy/graph_results_all/task_16_ori.gml
Security/msticpy,17,msticpy.auth.msal_auth.MSALDelegatedAuth.get_token,9,13,6,0.6666666666666666,6,False,<external_root>/testRepoSummaryOut/DevEval/Security/msticpy/graph_results_all/task_17_ori.gml
Security/msticpy,18,msticpy.analysis.anomalous_sequence.utils.cmds_params_only.laplace_smooth_counts,3,14,2,0.6666666666666666,2,False,<external_root>/testRepoSummaryOut/DevEval/Security/msticpy/graph_results_all/task_18_ori.gml
Security/msticpy,19,msticpy.analysis.anomalous_sequence.utils.cmds_only.compute_likelihood_windows_in_session,3,16,1,0.3333333333333333,1,False,<external_root>/testRepoSummaryOut/DevEval/Security/msticpy/graph_results_all/task_19_ori.gml
Security/msticpy,20,msticpy.analysis.anomalous_sequence.utils.cmds_params_values.compute_prob_setofparams_given_cmd,1,12,0,0.0,0,False,<external_root>/testRepoSummaryOut/DevEval/Security/msticpy/graph_results_all/task_20_ori.gml
Security/msticpy,21,msticpy.analysis.anomalous_sequence.model.Model.compute_scores,5,14,4,0.8,4,False,<external_root>/testRepoSummaryOut/DevEval/Security/msticpy/graph_results_all/task_21_ori.gml
Security/msticpy,22,msticpy.analysis.anomalous_sequence.utils.cmds_params_only.compute_likelihood_windows_in_session,4,16,0,0.0,0,False,<external_root>/testRepoSummaryOut/DevEval/Security/msticpy/graph_results_all/task_22_ori.gml
Security/oletools,1,oletools.ooxml.ZipSubFile.read,4,11,2,0.5,2,False,<external_root>/testRepoSummaryOut/DevEval/Security/oletools/graph_results_all/task_1_ori.gml
Security/oletools,2,oletools.ppt_record_parser.is_ppt,5,15,0,0.0,0,False,<external_root>/testRepoSummaryOut/DevEval/Security/oletools/graph_results_all/task_2_ori.gml
Security/oletools,3,oletools.ooxml.get_type,22,15,7,0.3181818181818182,7,False,<external_root>/testRepoSummaryOut/DevEval/Security/oletools/graph_results_all/task_3_ori.gml
Security/oletools,4,oletools.msodde.field_is_blacklisted,5,12,1,0.2,1,False,<external_root>/testRepoSummaryOut/DevEval/Security/oletools/graph_results_all/task_4_ori.gml
Security/oletools,5,oletools.oleobj.get_sane_embedded_filenames,2,18,1,0.5,1,False,<external_root>/testRepoSummaryOut/DevEval/Security/oletools/graph_results_all/task_5_ori.gml
Security/oletools,6,oletools.oleid.OleID.check,29,19,3,0.10344827586206896,3,False,<external_root>/testRepoSummaryOut/DevEval/Security/oletools/graph_results_all/task_6_ori.gml
Security/oletools,7,oletools.ooxml.ZipSubFile.seek,4,12,3,0.75,3,False,<external_root>/testRepoSummaryOut/DevEval/Security/oletools/graph_results_all/task_7_ori.gml
Security/oletools,8,oletools.rtfobj.is_rtf,2,11,0,0.0,0,False,<external_root>/testRepoSummaryOut/DevEval/Security/oletools/graph_results_all/task_8_ori.gml
Security/passpie,1,passpie.database.PasspieStorage.read,1,11,0,0.0,0,False,<external_root>/testRepoSummaryOut/DevEval/Security/passpie/graph_results_all/task_1_ori.gml
Security/passpie,2,passpie.database.PasspieStorage.delete,1,18,1,1.0,1,False,<external_root>/testRepoSummaryOut/DevEval/Security/passpie/graph_results_all/task_2_ori.gml
Security/principalmapper,1,principalmapper.querying.local_policy_simulation._matches_after_expansion,2,27,1,0.5,1,False,<external_root>/testRepoSummaryOut/DevEval/Security/principalmapper/graph_results_all/task_1_ori.gml
Security/principalmapper,2,principalmapper.querying.local_policy_simulation._statement_matches_resource,3,31,2,0.6666666666666666,2,False,<external_root>/testRepoSummaryOut/DevEval/Security/principalmapper/graph_results_all/task_2_ori.gml
Security/pyOpenSSL,1,OpenSSL.rand.add,1,8,1,1.0,1,False,<external_root>/testRepoSummaryOut/DevEval/Security/pyOpenSSL/graph_results_all/task_1_ori.gml
Security/pycoin,1,pycoin.satoshi.IntStreamer.IntStreamer.int_to_script_bytes,0,28,0,,0,False,<external_root>/testRepoSummaryOut/DevEval/Security/pycoin/graph_results_all/task_1_ori.gml
Security/pycoin,2,pycoin.satoshi.stackops.do_OP_2DROP,0,28,0,,0,False,<external_root>/testRepoSummaryOut/DevEval/Security/pycoin/graph_results_all/task_2_ori.gml
Security/pycoin,3,pycoin.satoshi.stackops.do_OP_2DUP,0,32,0,,0,False,<external_root>/testRepoSummaryOut/DevEval/Security/pycoin/graph_results_all/task_3_ori.gml
Security/pycoin,4,pycoin.satoshi.stackops.do_OP_3DUP,0,32,0,,0,False,<external_root>/testRepoSummaryOut/DevEval/Security/pycoin/graph_results_all/task_4_ori.gml
Security/pycoin,5,pycoin.satoshi.stackops.do_OP_2OVER,0,32,0,,0,False,<external_root>/testRepoSummaryOut/DevEval/Security/pycoin/graph_results_all/task_5_ori.gml
Security/pycoin,6,pycoin.satoshi.stackops.do_OP_2SWAP,0,31,0,,0,False,<external_root>/testRepoSummaryOut/DevEval/Security/pycoin/graph_results_all/task_6_ori.gml
Security/pycoin,7,pycoin.satoshi.stackops.do_OP_IFDUP,0,28,0,,0,False,<external_root>/testRepoSummaryOut/DevEval/Security/pycoin/graph_results_all/task_7_ori.gml
Security/pycoin,8,pycoin.satoshi.stackops.do_OP_NIP,0,31,0,,0,False,<external_root>/testRepoSummaryOut/DevEval/Security/pycoin/graph_results_all/task_8_ori.gml
Security/pycoin,9,pycoin.satoshi.stackops.do_OP_TUCK,0,31,0,,0,False,<external_root>/testRepoSummaryOut/DevEval/Security/pycoin/graph_results_all/task_9_ori.gml
Security/pycoin,10,pycoin.satoshi.stackops.do_OP_CAT,0,28,0,,0,False,<external_root>/testRepoSummaryOut/DevEval/Security/pycoin/graph_results_all/task_10_ori.gml
Security/pycoin,11,pycoin.crack.ecdsa.crack_secret_exponent_from_k,0,7,0,,0,False,<external_root>/testRepoSummaryOut/DevEval/Security/pycoin/graph_results_all/task_11_ori.gml
Security/pycoin,12,pycoin.crack.ecdsa.crack_k_from_sigs,0,7,0,,0,False,<external_root>/testRepoSummaryOut/DevEval/Security/pycoin/graph_results_all/task_12_ori.gml
Security/pycoin,13,pycoin.message.make_parser_and_packer.standard_streamer,0,15,0,,0,False,<external_root>/testRepoSummaryOut/DevEval/Security/pycoin/graph_results_all/task_13_ori.gml
Security/pycoin,14,pycoin.key.subpaths.subpaths_for_path_range,0,16,0,,0,False,<external_root>/testRepoSummaryOut/DevEval/Security/pycoin/graph_results_all/task_14_ori.gml
Security/pycoin,15,pycoin.encoding.hexbytes.h2b,0,8,0,,0,False,<external_root>/testRepoSummaryOut/DevEval/Security/pycoin/graph_results_all/task_15_ori.gml
Security/pycoin,16,pycoin.services.providers.providers_for_config_string,1,27,1,1.0,1,False,<external_root>/testRepoSummaryOut/DevEval/Security/pycoin/graph_results_all/task_16_ori.gml
Security/pycoin,17,pycoin.satoshi.stackops.do_OP_HASH256,1,6,0,0.0,0,False,<external_root>/testRepoSummaryOut/DevEval/Security/pycoin/graph_results_all/task_17_ori.gml
Security/pycoin,18,pycoin.blockchain.BlockChain.BlockChain.tuple_for_index,6,20,6,1.0,6,False,<external_root>/testRepoSummaryOut/DevEval/Security/pycoin/graph_results_all/task_18_ori.gml
Security/pycoin,19,pycoin.services.providers.get_default_providers_for_netcode,3,27,3,1.0,3,False,<external_root>/testRepoSummaryOut/DevEval/Security/pycoin/graph_results_all/task_19_ori.gml
Security/pycoin,20,pycoin.crack.bip32.crack_bip32,2,10,0,0.0,0,False,<external_root>/testRepoSummaryOut/DevEval/Security/pycoin/graph_results_all/task_20_ori.gml
Security/pycoin,21,pycoin.bloomfilter.BloomFilter.add_spendable,1,13,1,1.0,1,False,<external_root>/testRepoSummaryOut/DevEval/Security/pycoin/graph_results_all/task_21_ori.gml
Security/pycoin,22,pycoin.bloomfilter.filter_size_required,1,10,1,1.0,1,False,<external_root>/testRepoSummaryOut/DevEval/Security/pycoin/graph_results_all/task_22_ori.gml
Security/pycoin,23,pycoin.blockchain.ChainFinder.ChainFinder.find_ancestral_path,1,10,1,1.0,1,False,<external_root>/testRepoSummaryOut/DevEval/Security/pycoin/graph_results_all/task_23_ori.gml
Security/pycoin,24,pycoin.satoshi.stackops.do_OP_RIPEMD160,1,12,1,1.0,1,False,<external_root>/testRepoSummaryOut/DevEval/Security/pycoin/graph_results_all/task_24_ori.gml
Security/pycoin,25,pycoin.satoshi.IntStreamer.IntStreamer.int_from_script_bytes,3,15,0,0.0,0,False,<external_root>/testRepoSummaryOut/DevEval/Security/pycoin/graph_results_all/task_25_ori.gml
Security/pycoin,26,pycoin.message.PeerAddress.ip_bin_to_ip4_addr,1,14,0,0.0,0,False,<external_root>/testRepoSummaryOut/DevEval/Security/pycoin/graph_results_all/task_26_ori.gml
Security/pycoin,27,pycoin.contrib.bech32m.decode,5,14,1,0.2,1,False,<external_root>/testRepoSummaryOut/DevEval/Security/pycoin/graph_results_all/task_27_ori.gml
Security/pycoin,28,pycoin.contrib.bech32m.bech32_encode,1,15,1,1.0,1,False,<external_root>/testRepoSummaryOut/DevEval/Security/pycoin/graph_results_all/task_28_ori.gml
Security/pycoin,29,pycoin.satoshi.stackops.do_OP_HASH160,1,6,0,0.0,0,False,<external_root>/testRepoSummaryOut/DevEval/Security/pycoin/graph_results_all/task_29_ori.gml
Security/pycoin,30,pycoin.message.PeerAddress.PeerAddress.host,4,16,4,1.0,4,False,<external_root>/testRepoSummaryOut/DevEval/Security/pycoin/graph_results_all/task_30_ori.gml
Security/pycoin,31,pycoin.bloomfilter.murmur3,1,13,0,0.0,0,False,<external_root>/testRepoSummaryOut/DevEval/Security/pycoin/graph_results_all/task_31_ori.gml
Security/pycoin,32,pycoin.networks.registry.network_for_netcode,1,27,1,1.0,1,False,<external_root>/testRepoSummaryOut/DevEval/Security/pycoin/graph_results_all/task_32_ori.gml
Security/pycoin,33,pycoin.services.providers.set_default_providers_for_netcode,1,32,1,1.0,1,False,<external_root>/testRepoSummaryOut/DevEval/Security/pycoin/graph_results_all/task_33_ori.gml
Security/python-taint,1,pyt.core.project_handler._is_python_file,0,21,0,,0,False,<external_root>/testRepoSummaryOut/DevEval/Security/python-taint/graph_results_all/task_1_ori.gml
Security/python-taint,2,pyt.core.project_handler.get_directory_modules,2,24,1,0.5,1,False,<external_root>/testRepoSummaryOut/DevEval/Security/python-taint/graph_results_all/task_2_ori.gml
Security/python-taint,3,pyt.vulnerabilities.vulnerabilities.label_contains,2,10,1,0.5,1,False,<external_root>/testRepoSummaryOut/DevEval/Security/python-taint/graph_results_all/task_3_ori.gml
Security/python-taint,4,pyt.vulnerabilities.trigger_definitions_parser.parse,4,7,1,0.25,1,False,<external_root>/testRepoSummaryOut/DevEval/Security/python-taint/graph_results_all/task_4_ori.gml
Security/python-taint,5,pyt.__main__.discover_files,1,13,1,1.0,1,False,<external_root>/testRepoSummaryOut/DevEval/Security/python-taint/graph_results_all/task_5_ori.gml
Security/python-taint,6,pyt.vulnerabilities.vulnerabilities.build_sanitiser_node_dict,3,10,2,0.6666666666666666,2,False,<external_root>/testRepoSummaryOut/DevEval/Security/python-taint/graph_results_all/task_6_ori.gml
Security/python-taint,7,pyt.vulnerabilities.vulnerabilities.find_triggers,1,10,1,1.0,1,False,<external_root>/testRepoSummaryOut/DevEval/Security/python-taint/graph_results_all/task_7_ori.gml
Security/threatingestor,1,threatingestor.state.State.save_state,2,11,1,0.5,1,False,<external_root>/testRepoSummaryOut/DevEval/Security/threatingestor/graph_results_all/task_1_ori.gml
Security/threatingestor,2,threatingestor.Ingestor.run,5,10,2,0.4,2,True,<external_root>/testRepoSummaryOut/DevEval/Security/threatingestor/graph_results_all/task_2_ori.gml
Security/threatingestor,3,threatingestor.state.State.get_state,1,9,1,1.0,1,False,<external_root>/testRepoSummaryOut/DevEval/Security/threatingestor/graph_results_all/task_3_ori.gml
Security/trailscraper,1,trailscraper.iam.all_known_iam_permissions,0,15,0,,0,False,<external_root>/testRepoSummaryOut/DevEval/Security/trailscraper/graph_results_all/task_1_ori.gml
Security/trailscraper,2,trailscraper.cloudtrail.parse_records,0,15,0,,0,False,<external_root>/testRepoSummaryOut/DevEval/Security/trailscraper/graph_results_all/task_2_ori.gml
Security/trailscraper,3,trailscraper.s3_download._s3_key_prefixes,0,21,0,,0,False,<external_root>/testRepoSummaryOut/DevEval/Security/trailscraper/graph_results_all/task_3_ori.gml
Security/trailscraper,4,trailscraper.boto_service_definitions.operation_definition,1,11,1,1.0,1,False,<external_root>/testRepoSummaryOut/DevEval/Security/trailscraper/graph_results_all/task_4_ori.gml
Security/trailscraper,5,trailscraper.boto_service_definitions.service_definition_file,1,12,1,1.0,1,False,<external_root>/testRepoSummaryOut/DevEval/Security/trailscraper/graph_results_all/task_5_ori.gml
Security/trailscraper,6,trailscraper.record_sources.local_directory_record_source.LocalDirectoryRecordSource.load_from_dir,3,19,3,1.0,3,False,<external_root>/testRepoSummaryOut/DevEval/Security/trailscraper/graph_results_all/task_6_ori.gml
Security/trailscraper,7,trailscraper.iam.parse_policy_document,3,11,1,0.3333333333333333,1,False,<external_root>/testRepoSummaryOut/DevEval/Security/trailscraper/graph_results_all/task_7_ori.gml
Security/trailscraper,8,trailscraper.iam.known_iam_actions,2,15,2,1.0,2,False,<external_root>/testRepoSummaryOut/DevEval/Security/trailscraper/graph_results_all/task_8_ori.gml
Security/trailscraper,9,trailscraper.iam.Statement.merge,4,11,3,0.75,3,False,<external_root>/testRepoSummaryOut/DevEval/Security/trailscraper/graph_results_all/task_9_ori.gml
Security/trailscraper,10,trailscraper.cloudtrail.Record.to_statement,8,13,5,0.625,5,False,<external_root>/testRepoSummaryOut/DevEval/Security/trailscraper/graph_results_all/task_10_ori.gml
Security/trailscraper,11,trailscraper.cloudtrail.filter_records,3,21,2,0.6666666666666666,2,False,<external_root>/testRepoSummaryOut/DevEval/Security/trailscraper/graph_results_all/task_11_ori.gml
Security/zxcvbn-python,1,zxcvbn.scoring.calc_average_degree,0,19,0,,0,False,<external_root>/testRepoSummaryOut/DevEval/Security/zxcvbn-python/graph_results_all/task_1_ori.gml
Security/zxcvbn-python,2,zxcvbn.scoring.nCk,0,10,0,,0,False,<external_root>/testRepoSummaryOut/DevEval/Security/zxcvbn-python/graph_results_all/task_2_ori.gml
Security/zxcvbn-python,3,zxcvbn.matching.relevant_l33t_subtable,0,15,0,,0,False,<external_root>/testRepoSummaryOut/DevEval/Security/zxcvbn-python/graph_results_all/task_3_ori.gml
Security/zxcvbn-python,4,zxcvbn.matching.translate,0,14,0,,0,False,<external_root>/testRepoSummaryOut/DevEval/Security/zxcvbn-python/graph_results_all/task_4_ori.gml
Security/zxcvbn-python,5,zxcvbn.scoring.regex_guesses,2,19,0,0.0,0,False,<external_root>/testRepoSummaryOut/DevEval/Security/zxcvbn-python/graph_results_all/task_5_ori.gml
Security/zxcvbn-python,6,zxcvbn.scoring.uppercase_variations,5,15,1,0.2,1,False,<external_root>/testRepoSummaryOut/DevEval/Security/zxcvbn-python/graph_results_all/task_6_ori.gml
Security/zxcvbn-python,7,zxcvbn.matching.spatial_match,3,24,2,0.6666666666666666,2,False,<external_root>/testRepoSummaryOut/DevEval/Security/zxcvbn-python/graph_results_all/task_7_ori.gml
Security/zxcvbn-python,8,zxcvbn.matching.regex_match,2,24,1,0.5,1,False,<external_root>/testRepoSummaryOut/DevEval/Security/zxcvbn-python/graph_results_all/task_8_ori.gml
Security/zxcvbn-python,9,zxcvbn.scoring.dictionary_guesses,2,25,2,1.0,2,False,<external_root>/testRepoSummaryOut/DevEval/Security/zxcvbn-python/graph_results_all/task_9_ori.gml
Security/zxcvbn-python,10,zxcvbn.matching.dictionary_match,1,24,1,1.0,1,False,<external_root>/testRepoSummaryOut/DevEval/Security/zxcvbn-python/graph_results_all/task_10_ori.gml
Security/zxcvbn-python,11,zxcvbn.scoring.spatial_guesses,5,19,1,0.2,1,False,<external_root>/testRepoSummaryOut/DevEval/Security/zxcvbn-python/graph_results_all/task_11_ori.gml
Security/zxcvbn-python,12,zxcvbn.matching.repeat_match,3,24,3,1.0,3,False,<external_root>/testRepoSummaryOut/DevEval/Security/zxcvbn-python/graph_results_all/task_12_ori.gml
Security/zxcvbn-python,13,zxcvbn.matching.sequence_match,1,14,1,1.0,1,False,<external_root>/testRepoSummaryOut/DevEval/Security/zxcvbn-python/graph_results_all/task_13_ori.gml
Security/zxcvbn-python,14,zxcvbn.scoring.date_guesses,2,18,0,0.0,0,False,<external_root>/testRepoSummaryOut/DevEval/Security/zxcvbn-python/graph_results_all/task_14_ori.gml
Security/zxcvbn-python,15,zxcvbn.scoring.estimate_guesses,9,18,6,0.6666666666666666,6,False,<external_root>/testRepoSummaryOut/DevEval/Security/zxcvbn-python/graph_results_all/task_15_ori.gml
Security/zxcvbn-python,16,zxcvbn.matching.reverse_dictionary_match,2,14,2,1.0,2,False,<external_root>/testRepoSummaryOut/DevEval/Security/zxcvbn-python/graph_results_all/task_16_ori.gml
Security/zxcvbn-python,17,zxcvbn.matching.l33t_match,6,15,5,0.8333333333333334,5,False,<external_root>/testRepoSummaryOut/DevEval/Security/zxcvbn-python/graph_results_all/task_17_ori.gml
Security/zxcvbn-python,18,zxcvbn.time_estimates.estimate_attack_times,3,18,3,1.0,3,False,<external_root>/testRepoSummaryOut/DevEval/Security/zxcvbn-python/graph_results_all/task_18_ori.gml
Software-Development/Faker,1,faker.utils.decorators.slugify,0,16,0,,0,False,<external_root>/testRepoSummaryOut/DevEval/Software-Development/Faker/graph_results_all/task_1_ori.gml
Software-Development/Faker,2,faker.utils.decorators.slugify_domain,0,14,0,,0,False,<external_root>/testRepoSummaryOut/DevEval/Software-Development/Faker/graph_results_all/task_2_ori.gml
Software-Development/Faker,3,faker.utils.decorators.slugify_unicode,0,16,0,,0,False,<external_root>/testRepoSummaryOut/DevEval/Software-Development/Faker/graph_results_all/task_3_ori.gml
Software-Development/Faker,4,faker.utils.loading.get_path,0,23,0,,0,False,<external_root>/testRepoSummaryOut/DevEval/Software-Development/Faker/graph_results_all/task_4_ori.gml
Software-Development/Faker,5,faker.utils.checksums.luhn_checksum,0,8,0,,0,False,<external_root>/testRepoSummaryOut/DevEval/Software-Development/Faker/graph_results_all/task_5_ori.gml
Software-Development/Faker,6,faker.utils.datasets.add_ordereddicts,0,24,0,,0,False,<external_root>/testRepoSummaryOut/DevEval/Software-Development/Faker/graph_results_all/task_6_ori.gml
Software-Development/Faker,7,faker.providers.person.pl_PL.checksum_identity_card_number,0,6,0,,0,False,<external_root>/testRepoSummaryOut/DevEval/Software-Development/Faker/graph_results_all/task_7_ori.gml
Software-Development/Faker,8,faker.providers.company.pl_PL.regon_checksum,0,6,0,,0,False,<external_root>/testRepoSummaryOut/DevEval/Software-Development/Faker/graph_results_all/task_8_ori.gml
Software-Development/Faker,9,faker.providers.company.ru_RU.calculate_checksum,0,8,0,,0,False,<external_root>/testRepoSummaryOut/DevEval/Software-Development/Faker/graph_results_all/task_9_ori.gml
Software-Development/Faker,10,faker.providers.company.pl_PL.local_regon_checksum,0,6,0,,0,False,<external_root>/testRepoSummaryOut/DevEval/Software-Development/Faker/graph_results_all/task_10_ori.gml
Software-Development/Faker,11,faker.providers.company.pl_PL.company_vat_checksum,0,8,0,,0,True,<external_root>/testRepoSummaryOut/DevEval/Software-Development/Faker/graph_results_all/task_11_ori.gml
Software-Development/Faker,12,faker.providers.company.pt_BR.company_id_checksum,0,9,0,,0,True,<external_root>/testRepoSummaryOut/DevEval/Software-Development/Faker/graph_results_all/task_12_ori.gml
Software-Development/Faker,13,faker.providers.misc.Provider.binary,0,15,0,,0,True,<external_root>/testRepoSummaryOut/DevEval/Software-Development/Faker/graph_results_all/task_13_ori.gml
Software-Development/Faker,14,faker.providers.python.Provider.pystr,0,15,0,,0,True,<external_root>/testRepoSummaryOut/DevEval/Software-Development/Faker/graph_results_all/task_14_ori.gml
Software-Development/Faker,15,faker.utils.checksums.calculate_luhn,1,6,1,1.0,1,False,<external_root>/testRepoSummaryOut/DevEval/Software-Development/Faker/graph_results_all/task_15_ori.gml
Software-Development/Faker,16,faker.utils.loading.find_available_locales,1,28,1,1.0,1,False,<external_root>/testRepoSummaryOut/DevEval/Software-Development/Faker/graph_results_all/task_16_ori.gml
Software-Development/Faker,17,faker.decode.unidecode,1,15,0,0.0,0,True,<external_root>/testRepoSummaryOut/DevEval/Software-Development/Faker/graph_results_all/task_17_ori.gml
Software-Development/Faker,18,faker.utils.loading.find_available_providers,1,27,1,1.0,1,False,<external_root>/testRepoSummaryOut/DevEval/Software-Development/Faker/graph_results_all/task_18_ori.gml
Software-Development/Faker,19,faker.utils.text.slugify,3,14,0,0.0,0,False,<external_root>/testRepoSummaryOut/DevEval/Software-Development/Faker/graph_results_all/task_19_ori.gml
Software-Development/Faker,20,faker.providers.credit_card.Provider._generate_number,2,13,0,0.0,0,True,<external_root>/testRepoSummaryOut/DevEval/Software-Development/Faker/graph_results_all/task_20_ori.gml
Software-Development/Faker,21,faker.utils.distribution.choices_distribution_unique,4,22,4,1.0,4,False,<external_root>/testRepoSummaryOut/DevEval/Software-Development/Faker/graph_results_all/task_21_ori.gml
Software-Development/PySnooper,1,pysnooper.utils.truncate,0,17,0,,0,False,<external_root>/testRepoSummaryOut/DevEval/Software-Development/PySnooper/graph_results_all/task_1_ori.gml
Software-Development/PySnooper,2,pysnooper.variables.needs_parentheses,0,29,0,,0,False,<external_root>/testRepoSummaryOut/DevEval/Software-Development/PySnooper/graph_results_all/task_2_ori.gml
Software-Development/PySnooper,3,pysnooper.utils.ensure_tuple,1,22,0,0.0,0,False,<external_root>/testRepoSummaryOut/DevEval/Software-Development/PySnooper/graph_results_all/task_3_ori.gml
Software-Development/backtrader,1,backtrader.trade.Trade.update,24,7,1,0.041666666666666664,1,False,<external_root>/testRepoSummaryOut/DevEval/Software-Development/backtrader/graph_results_all/task_1_ori.gml
Software-Development/dash,1,dash._utils.AttributeDict.set_read_only,0,9,0,,0,False,<external_root>/testRepoSummaryOut/DevEval/Software-Development/dash/graph_results_all/task_1_ori.gml
Software-Development/dash,2,dash._utils.AttributeDict.first,0,9,0,,0,False,<external_root>/testRepoSummaryOut/DevEval/Software-Development/dash/graph_results_all/task_2_ori.gml
Software-Development/dash,3,dash._get_paths.app_get_asset_url,0,11,0,,0,False,<external_root>/testRepoSummaryOut/DevEval/Software-Development/dash/graph_results_all/task_3_ori.gml
Software-Development/dash,4,dash._grouping.grouping_len,0,10,0,,0,False,<external_root>/testRepoSummaryOut/DevEval/Software-Development/dash/graph_results_all/task_4_ori.gml
Software-Development/dash,5,dash.development.base_component.Component._traverse,1,16,1,1.0,1,False,<external_root>/testRepoSummaryOut/DevEval/Software-Development/dash/graph_results_all/task_5_ori.gml
Software-Development/dash,6,dash._get_paths.app_strip_relative_path,2,10,0,0.0,0,False,<external_root>/testRepoSummaryOut/DevEval/Software-Development/dash/graph_results_all/task_6_ori.gml
Software-Development/dash,7,dash._configs.pages_folder_config,1,12,0,0.0,0,False,<external_root>/testRepoSummaryOut/DevEval/Software-Development/dash/graph_results_all/task_7_ori.gml
Software-Development/dash,8,dash.development._py_components_generation.js_to_py_type,2,17,2,1.0,2,False,<external_root>/testRepoSummaryOut/DevEval/Software-Development/dash/graph_results_all/task_8_ori.gml
Software-Development/dash,9,dash._grouping.make_grouping_by_index,1,14,1,1.0,1,False,<external_root>/testRepoSummaryOut/DevEval/Software-Development/dash/graph_results_all/task_9_ori.gml
Software-Development/dash,10,dash._grouping.validate_grouping,7,9,5,0.42857142857142855,3,False,<external_root>/testRepoSummaryOut/DevEval/Software-Development/dash/graph_results_all/task_10_ori.gml
Software-Development/dash,11,dash._grouping.map_grouping,1,13,0,0.0,0,False,<external_root>/testRepoSummaryOut/DevEval/Software-Development/dash/graph_results_all/task_11_ori.gml
Software-Development/dash,12,dash.development._collect_nodes.collect_nodes,6,16,5,0.8333333333333334,5,False,<external_root>/testRepoSummaryOut/DevEval/Software-Development/dash/graph_results_all/task_12_ori.gml
Software-Development/dash,13,dash.development.base_component.Component.to_plotly_json,3,9,0,0.0,0,False,<external_root>/testRepoSummaryOut/DevEval/Software-Development/dash/graph_results_all/task_13_ori.gml
Software-Development/dash,14,dash.fingerprint.build_fingerprint,1,7,0,0.0,0,False,<external_root>/testRepoSummaryOut/DevEval/Software-Development/dash/graph_results_all/task_14_ori.gml
Software-Development/dash,15,dash.fingerprint.check_fingerprint,1,6,0,0.0,0,False,<external_root>/testRepoSummaryOut/DevEval/Software-Development/dash/graph_results_all/task_15_ori.gml
Software-Development/dash,16,dash._get_paths.app_get_relative_path,2,10,0,0.0,0,False,<external_root>/testRepoSummaryOut/DevEval/Software-Development/dash/graph_results_all/task_16_ori.gml
Software-Development/dash,17,dash.development.component_loader.load_components,4,10,1,0.25,1,False,<external_root>/testRepoSummaryOut/DevEval/Software-Development/dash/graph_results_all/task_17_ori.gml
Software-Development/dash,18,dash._grouping.flatten_grouping,1,13,0,0.0,0,False,<external_root>/testRepoSummaryOut/DevEval/Software-Development/dash/graph_results_all/task_18_ori.gml
Software-Development/discord-py,1,discord.utils.get_slots,0,17,0,,0,False,<external_root>/testRepoSummaryOut/DevEval/Software-Development/discord-py/graph_results_all/task_1_ori.gml
Software-Development/discord-py,2,discord.utils.is_inside_class,0,12,0,,0,False,<external_root>/testRepoSummaryOut/DevEval/Software-Development/discord-py/graph_results_all/task_2_ori.gml
Software-Development/discord-py,3,discord.utils.time_snowflake,1,8,0,0.0,0,False,<external_root>/testRepoSummaryOut/DevEval/Software-Development/discord-py/graph_results_all/task_3_ori.gml
Software-Development/discord-py,4,discord.utils.snowflake_time,1,29,0,0.0,0,False,<external_root>/testRepoSummaryOut/DevEval/Software-Development/discord-py/graph_results_all/task_4_ori.gml
Software-Development/discord-py,5,discord.ext.tasks.loop,3,12,2,0.3333333333333333,1,True,<external_root>/testRepoSummaryOut/DevEval/Software-Development/discord-py/graph_results_all/task_5_ori.gml
Software-Development/discord-py,6,discord.utils.resolve_invite,2,22,1,0.0,0,False,<external_root>/testRepoSummaryOut/DevEval/Software-Development/discord-py/graph_results_all/task_6_ori.gml
Software-Development/discord-py,7,discord.utils.resolve_annotation,1,22,1,1.0,1,False,<external_root>/testRepoSummaryOut/DevEval/Software-Development/discord-py/graph_results_all/task_7_ori.gml
Software-Development/pandas-profiling,1,ydata_profiling.utils.dataframe.expand_mixed,1,26,0,0.0,0,False,<external_root>/testRepoSummaryOut/DevEval/Software-Development/pandas-profiling/graph_results_all/task_1_ori.gml
Software-Development/pandas-profiling,2,ydata_profiling.report.presentation.flavours.html.image.HTMLImage.render,2,23,2,1.0,2,False,<external_root>/testRepoSummaryOut/DevEval/Software-Development/pandas-profiling/graph_results_all/task_2_ori.gml
Software-Development/pandas-profiling,3,ydata_profiling.controller.console.main,4,29,2,0.25,1,False,<external_root>/testRepoSummaryOut/DevEval/Software-Development/pandas-profiling/graph_results_all/task_3_ori.gml
Software-Development/pandas-profiling,4,ydata_profiling.model.summarizer.BaseSummarizer.summarize,2,12,1,0.5,1,False,<external_root>/testRepoSummaryOut/DevEval/Software-Development/pandas-profiling/graph_results_all/task_4_ori.gml
Software-Development/pandas-profiling,5,ydata_profiling.model.summary_algorithms.histogram_compute,6,13,0,0.0,0,False,<external_root>/testRepoSummaryOut/DevEval/Software-Development/pandas-profiling/graph_results_all/task_5_ori.gml
Software-Development/pandas-profiling,6,ydata_profiling.model.pandas.correlations_pandas.pandas_cramers_compute,3,23,1,0.3333333333333333,1,False,<external_root>/testRepoSummaryOut/DevEval/Software-Development/pandas-profiling/graph_results_all/task_6_ori.gml
Software-Development/pandas-profiling,7,ydata_profiling.profile_report.ProfileReport.typeset,2,14,0,0.0,0,False,<external_root>/testRepoSummaryOut/DevEval/Software-Development/pandas-profiling/graph_results_all/task_7_ori.gml
Software-Development/pandas-profiling,8,ydata_profiling.model.pandas.correlations_pandas.pandas_auto_compute,9,23,2,0.2222222222222222,2,False,<external_root>/testRepoSummaryOut/DevEval/Software-Development/pandas-profiling/graph_results_all/task_8_ori.gml
Software-Development/pandas-profiling,9,ydata_profiling.report.presentation.flavours.html.frequency_table.HTMLFrequencyTable.render,2,20,2,1.0,2,False,<external_root>/testRepoSummaryOut/DevEval/Software-Development/pandas-profiling/graph_results_all/task_9_ori.gml
Software-Development/pandas-profiling,10,ydata_profiling.model.pandas.discretize_pandas.Discretizer.discretize_dataframe,3,25,2,0.6666666666666666,2,False,<external_root>/testRepoSummaryOut/DevEval/Software-Development/pandas-profiling/graph_results_all/task_10_ori.gml
Software-Development/pandas-profiling,11,ydata_profiling.utils.cache.cache_file,1,12,1,1.0,1,False,<external_root>/testRepoSummaryOut/DevEval/Software-Development/pandas-profiling/graph_results_all/task_11_ori.gml
Software-Development/peewee,1,peewee.sort_models,0,16,0,,0,False,<external_root>/testRepoSummaryOut/DevEval/Software-Development/peewee/graph_results_all/task_1_ori.gml
Software-Development/peewee,2,playhouse.kv.KeyValue.get,0,17,0,,0,False,<external_root>/testRepoSummaryOut/DevEval/Software-Development/peewee/graph_results_all/task_2_ori.gml
Software-Development/peewee,3,playhouse.kv.KeyValue.setdefault,0,11,0,,0,False,<external_root>/testRepoSummaryOut/DevEval/Software-Development/peewee/graph_results_all/task_3_ori.gml
Software-Development/peewee,4,playhouse.db_url.parse,1,11,1,1.0,1,False,<external_root>/testRepoSummaryOut/DevEval/Software-Development/peewee/graph_results_all/task_4_ori.gml
Software-Development/peewee,5,playhouse.kv.KeyValue.pop,2,14,0,0.0,0,False,<external_root>/testRepoSummaryOut/DevEval/Software-Development/peewee/graph_results_all/task_5_ori.gml
Software-Development/peewee,6,playhouse.signals.Signal.connect,2,19,2,1.0,2,False,<external_root>/testRepoSummaryOut/DevEval/Software-Development/peewee/graph_results_all/task_6_ori.gml
Software-Development/peewee,7,playhouse.sqlite_changelog.ChangeLog.install,5,13,4,0.8,4,False,<external_root>/testRepoSummaryOut/DevEval/Software-Development/peewee/graph_results_all/task_7_ori.gml
Software-Development/peewee,8,playhouse.db_url.connect,2,19,1,0.5,1,False,<external_root>/testRepoSummaryOut/DevEval/Software-Development/peewee/graph_results_all/task_8_ori.gml
Software-Development/peewee,9,playhouse.dataset.DataSet.freeze,4,8,3,0.75,3,False,<external_root>/testRepoSummaryOut/DevEval/Software-Development/peewee/graph_results_all/task_9_ori.gml
Software-Development/peewee,10,playhouse.dataset.DataSet.tables,3,11,3,1.0,3,False,<external_root>/testRepoSummaryOut/DevEval/Software-Development/peewee/graph_results_all/task_10_ori.gml
Software-Development/peewee,11,playhouse.dataset.DataSet.update_cache,5,9,3,0.6,3,False,<external_root>/testRepoSummaryOut/DevEval/Software-Development/peewee/graph_results_all/task_11_ori.gml
Software-Development/peewee,12,peewee.Index.where,1,16,0,0.0,0,False,<external_root>/testRepoSummaryOut/DevEval/Software-Development/peewee/graph_results_all/task_12_ori.gml
Software-Development/peewee,13,playhouse.signals.Signal.disconnect,2,10,2,1.0,2,False,<external_root>/testRepoSummaryOut/DevEval/Software-Development/peewee/graph_results_all/task_13_ori.gml
System/exodus-bundler,1,exodus_bundler.bundling.bytes_to_int,0,22,0,,0,False,<external_root>/testRepoSummaryOut/DevEval/System/exodus-bundler/graph_results_all/task_1_ori.gml
System/exodus-bundler,2,exodus_bundler.templating.render_template,0,11,0,,0,False,<external_root>/testRepoSummaryOut/DevEval/System/exodus-bundler/graph_results_all/task_2_ori.gml
System/exodus-bundler,3,exodus_bundler.input_parsing.strip_pid_prefix,0,10,0,,0,False,<external_root>/testRepoSummaryOut/DevEval/System/exodus-bundler/graph_results_all/task_3_ori.gml
System/exodus-bundler,4,exodus_bundler.bundling.resolve_binary,1,10,0,0.0,0,False,<external_root>/testRepoSummaryOut/DevEval/System/exodus-bundler/graph_results_all/task_4_ori.gml
System/exodus-bundler,5,exodus_bundler.bundling.File.hash,1,10,1,1.0,1,False,<external_root>/testRepoSummaryOut/DevEval/System/exodus-bundler/graph_results_all/task_5_ori.gml
System/exodus-bundler,6,exodus_bundler.bundling.Bundle.add_file,7,21,5,0.7142857142857143,5,False,<external_root>/testRepoSummaryOut/DevEval/System/exodus-bundler/graph_results_all/task_6_ori.gml
System/exodus-bundler,7,exodus_bundler.bundling.Elf.dependencies,3,15,3,1.0,3,False,<external_root>/testRepoSummaryOut/DevEval/System/exodus-bundler/graph_results_all/task_7_ori.gml
System/exodus-bundler,8,exodus_bundler.bundling.detect_elf_binary,1,15,0,0.0,0,False,<external_root>/testRepoSummaryOut/DevEval/System/exodus-bundler/graph_results_all/task_8_ori.gml
System/exodus-bundler,9,exodus_bundler.bundling.resolve_file_path,3,24,0,0.0,0,False,<external_root>/testRepoSummaryOut/DevEval/System/exodus-bundler/graph_results_all/task_9_ori.gml
System/exodus-bundler,10,exodus_bundler.input_parsing.extract_open_path,1,11,1,1.0,1,False,<external_root>/testRepoSummaryOut/DevEval/System/exodus-bundler/graph_results_all/task_10_ori.gml
System/exodus-bundler,11,exodus_bundler.input_parsing.extract_paths,4,11,3,0.75,3,False,<external_root>/testRepoSummaryOut/DevEval/System/exodus-bundler/graph_results_all/task_11_ori.gml
System/exodus-bundler,12,exodus_bundler.bundling.Bundle.hash,1,10,1,1.0,1,False,<external_root>/testRepoSummaryOut/DevEval/System/exodus-bundler/graph_results_all/task_12_ori.gml
System/exodus-bundler,13,exodus_bundler.bundling.Bundle.bundle_root,2,22,2,1.0,2,False,<external_root>/testRepoSummaryOut/DevEval/System/exodus-bundler/graph_results_all/task_13_ori.gml
System/exodus-bundler,14,exodus_bundler.bundling.run_ldd,3,15,2,0.6666666666666666,2,False,<external_root>/testRepoSummaryOut/DevEval/System/exodus-bundler/graph_results_all/task_14_ori.gml
System/exodus-bundler,15,exodus_bundler.cli.configure_logging,1,9,0,0.0,0,False,<external_root>/testRepoSummaryOut/DevEval/System/exodus-bundler/graph_results_all/task_15_ori.gml
System/exodus-bundler,16,exodus_bundler.launchers.construct_bash_launcher,1,25,1,1.0,1,False,<external_root>/testRepoSummaryOut/DevEval/System/exodus-bundler/graph_results_all/task_16_ori.gml
System/flower,1,flower.utils.search.stringified_dict_contains_value,0,12,0,,0,False,<external_root>/testRepoSummaryOut/DevEval/System/flower/graph_results_all/task_1_ori.gml
System/flower,2,flower.utils.abs_path,0,11,0,,0,True,<external_root>/testRepoSummaryOut/DevEval/System/flower/graph_results_all/task_2_ori.gml
System/flower,3,flower.utils.strtobool,0,10,0,,0,True,<external_root>/testRepoSummaryOut/DevEval/System/flower/graph_results_all/task_3_ori.gml
System/flower,4,flower.command.apply_options,2,10,1,0.5,1,False,<external_root>/testRepoSummaryOut/DevEval/System/flower/graph_results_all/task_4_ori.gml
System/fs,1,fs.path.abspath,0,20,0,,0,False,<external_root>/testRepoSummaryOut/DevEval/System/fs/graph_results_all/task_1_ori.gml
System/fs,2,fs.path.combine,0,13,0,,0,False,<external_root>/testRepoSummaryOut/DevEval/System/fs/graph_results_all/task_2_ori.gml
System/fs,3,fs.path.split,0,18,0,,0,False,<external_root>/testRepoSummaryOut/DevEval/System/fs/graph_results_all/task_3_ori.gml
System/fs,4,fs.path.isparent,0,22,0,,0,False,<external_root>/testRepoSummaryOut/DevEval/System/fs/graph_results_all/task_4_ori.gml
System/fs,5,fs.path.forcedir,0,9,0,,0,False,<external_root>/testRepoSummaryOut/DevEval/System/fs/graph_results_all/task_5_ori.gml
System/fs,6,fs.wildcard.match_any,0,20,0,,0,False,<external_root>/testRepoSummaryOut/DevEval/System/fs/graph_results_all/task_6_ori.gml
System/fs,7,fs.wildcard.imatch_any,0,19,0,,0,False,<external_root>/testRepoSummaryOut/DevEval/System/fs/graph_results_all/task_7_ori.gml
System/fs,8,fs.path.frombase,1,22,1,1.0,1,False,<external_root>/testRepoSummaryOut/DevEval/System/fs/graph_results_all/task_8_ori.gml
System/fs,9,fs.wildcard.imatch,2,17,2,1.0,2,False,<external_root>/testRepoSummaryOut/DevEval/System/fs/graph_results_all/task_9_ori.gml
System/fs,10,fs.info.Info.stem,1,25,0,0.0,0,False,<external_root>/testRepoSummaryOut/DevEval/System/fs/graph_results_all/task_10_ori.gml
System/fs,11,fs.permissions.Permissions.create,1,15,0,1.0,1,False,<external_root>/testRepoSummaryOut/DevEval/System/fs/graph_results_all/task_11_ori.gml
System/fs,12,fs.wildcard.match,2,18,2,1.0,2,False,<external_root>/testRepoSummaryOut/DevEval/System/fs/graph_results_all/task_12_ori.gml
System/fs,13,fs._ftp_parse._parse_time,3,14,0,0.0,0,False,<external_root>/testRepoSummaryOut/DevEval/System/fs/graph_results_all/task_13_ori.gml
System/fs,14,fs._ftp_parse.parse,1,18,1,1.0,1,False,<external_root>/testRepoSummaryOut/DevEval/System/fs/graph_results_all/task_14_ori.gml
System/fs,15,fs.path.recursepath,2,26,2,1.0,2,False,<external_root>/testRepoSummaryOut/DevEval/System/fs/graph_results_all/task_15_ori.gml
System/fs,16,fs.path.normpath,2,23,0,0.0,0,False,<external_root>/testRepoSummaryOut/DevEval/System/fs/graph_results_all/task_16_ori.gml
System/fs,17,fs.path.relativefrom,1,18,1,1.0,1,False,<external_root>/testRepoSummaryOut/DevEval/System/fs/graph_results_all/task_17_ori.gml
System/fs,18,fs.path.iteratepath,2,16,0,0.0,0,False,<external_root>/testRepoSummaryOut/DevEval/System/fs/graph_results_all/task_18_ori.gml
System/fs,19,fs.wildcard.get_matcher,2,22,2,1.0,2,False,<external_root>/testRepoSummaryOut/DevEval/System/fs/graph_results_all/task_19_ori.gml
System/fs,20,fs.path.parts,1,17,0,0.0,0,False,<external_root>/testRepoSummaryOut/DevEval/System/fs/graph_results_all/task_20_ori.gml
System/fs,21,fs.info.Info.type,3,24,2,0.6666666666666666,2,False,<external_root>/testRepoSummaryOut/DevEval/System/fs/graph_results_all/task_21_ori.gml
System/fs,22,fs.path.iswildcard,1,12,0,0.0,0,False,<external_root>/testRepoSummaryOut/DevEval/System/fs/graph_results_all/task_22_ori.gml
System/fs,23,fs._url_tools.url_quote,2,15,1,0.5,1,False,<external_root>/testRepoSummaryOut/DevEval/System/fs/graph_results_all/task_23_ori.gml
System/fs,24,fs.permissions.Permissions.parse,1,16,0,1.0,1,False,<external_root>/testRepoSummaryOut/DevEval/System/fs/graph_results_all/task_24_ori.gml
System/fs,25,fs.path.isbase,2,24,0,0.0,0,False,<external_root>/testRepoSummaryOut/DevEval/System/fs/graph_results_all/task_25_ori.gml
System/fs,26,fs.info.Info.suffixes,1,27,0,0.0,0,False,<external_root>/testRepoSummaryOut/DevEval/System/fs/graph_results_all/task_26_ori.gml
System/fs,27,fs.path.join,2,23,2,1.0,2,False,<external_root>/testRepoSummaryOut/DevEval/System/fs/graph_results_all/task_27_ori.gml
System/fs,28,fs.time.epoch_to_datetime,2,12,0,0.0,0,False,<external_root>/testRepoSummaryOut/DevEval/System/fs/graph_results_all/task_28_ori.gml
System/fs,29,fs.path.splitext,2,12,0,0.0,0,False,<external_root>/testRepoSummaryOut/DevEval/System/fs/graph_results_all/task_29_ori.gml
System/fs,30,fs.info.Info.suffix,1,13,0,0.0,0,False,<external_root>/testRepoSummaryOut/DevEval/System/fs/graph_results_all/task_30_ori.gml
System/fs,31,fs.info.Info.created,3,27,3,1.0,3,False,<external_root>/testRepoSummaryOut/DevEval/System/fs/graph_results_all/task_31_ori.gml
System/mrjob,1,mrjob.job.MRJob.mr_job_script,0,10,0,,0,False,<external_root>/testRepoSummaryOut/DevEval/System/mrjob/graph_results_all/task_1_ori.gml
System/mrjob,2,mrjob.compat.map_version,0,15,0,,0,False,<external_root>/testRepoSummaryOut/DevEval/System/mrjob/graph_results_all/task_2_ori.gml
System/mrjob,3,mrjob.conf.combine_values,0,14,0,,0,False,<external_root>/testRepoSummaryOut/DevEval/System/mrjob/graph_results_all/task_3_ori.gml
System/mrjob,4,mrjob.protocol.BytesProtocol.read,0,8,0,,0,False,<external_root>/testRepoSummaryOut/DevEval/System/mrjob/graph_results_all/task_4_ori.gml
System/mrjob,5,mrjob.protocol.TextProtocol.write,0,5,0,,0,False,<external_root>/testRepoSummaryOut/DevEval/System/mrjob/graph_results_all/task_5_ori.gml
System/mrjob,6,mrjob.protocol.TextProtocol.read,0,16,0,,0,False,<external_root>/testRepoSummaryOut/DevEval/System/mrjob/graph_results_all/task_6_ori.gml
System/mrjob,7,mrjob.protocol.TextValueProtocol.read,0,9,0,,0,False,<external_root>/testRepoSummaryOut/DevEval/System/mrjob/graph_results_all/task_7_ori.gml
System/mrjob,8,mrjob.util.file_ext,0,8,0,,0,False,<external_root>/testRepoSummaryOut/DevEval/System/mrjob/graph_results_all/task_8_ori.gml
System/mrjob,9,mrjob.util.cmd_line,0,19,0,,0,False,<external_root>/testRepoSummaryOut/DevEval/System/mrjob/graph_results_all/task_9_ori.gml
System/mrjob,10,mrjob.util.save_cwd,0,12,0,,0,False,<external_root>/testRepoSummaryOut/DevEval/System/mrjob/graph_results_all/task_10_ori.gml
System/mrjob,11,mrjob.util.save_sys_std,0,17,0,,0,False,<external_root>/testRepoSummaryOut/DevEval/System/mrjob/graph_results_all/task_11_ori.gml
System/mrjob,12,mrjob.util.unarchive,0,16,0,,0,False,<external_root>/testRepoSummaryOut/DevEval/System/mrjob/graph_results_all/task_12_ori.gml
System/mrjob,13,mrjob.util.unique,0,14,0,,0,False,<external_root>/testRepoSummaryOut/DevEval/System/mrjob/graph_results_all/task_13_ori.gml
System/mrjob,14,mrjob.parse.urlparse,0,14,0,,0,False,<external_root>/testRepoSummaryOut/DevEval/System/mrjob/graph_results_all/task_14_ori.gml
System/mrjob,15,mrjob.util.which,0,11,0,,0,False,<external_root>/testRepoSummaryOut/DevEval/System/mrjob/graph_results_all/task_15_ori.gml
System/mrjob,16,mrjob.job.MRJob.set_status,1,7,1,1.0,1,False,<external_root>/testRepoSummaryOut/DevEval/System/mrjob/graph_results_all/task_16_ori.gml
System/mrjob,17,mrjob.hadoop.HadoopJobRunner._stream_history_log_dirs,6,14,4,0.6666666666666666,4,False,<external_root>/testRepoSummaryOut/DevEval/System/mrjob/graph_results_all/task_17_ori.gml
System/mrjob,18,mrjob.hadoop.HadoopJobRunner._find_binaries_and_jars,5,11,1,0.2,1,False,<external_root>/testRepoSummaryOut/DevEval/System/mrjob/graph_results_all/task_18_ori.gml
System/mrjob,19,mrjob.job.MRJob.add_passthru_arg,2,8,2,1.0,2,False,<external_root>/testRepoSummaryOut/DevEval/System/mrjob/graph_results_all/task_19_ori.gml
System/mrjob,20,mrjob.logs.history._parse_pre_yarn_history_records,3,8,0,0.0,0,False,<external_root>/testRepoSummaryOut/DevEval/System/mrjob/graph_results_all/task_20_ori.gml
System/mrjob,21,mrjob.fs.composite.CompositeFilesystem.add_fs,2,8,2,1.0,2,False,<external_root>/testRepoSummaryOut/DevEval/System/mrjob/graph_results_all/task_21_ori.gml
System/mrjob,22,mrjob.job.MRJob.run_combiner,2,12,2,1.0,2,False,<external_root>/testRepoSummaryOut/DevEval/System/mrjob/graph_results_all/task_22_ori.gml
System/mrjob,23,mrjob.logs.task._parse_task_syslog,2,17,2,1.0,2,False,<external_root>/testRepoSummaryOut/DevEval/System/mrjob/graph_results_all/task_23_ori.gml
System/mrjob,24,mrjob.fs.hadoop.HadoopFilesystem.mkdir,4,13,3,0.75,3,False,<external_root>/testRepoSummaryOut/DevEval/System/mrjob/graph_results_all/task_24_ori.gml
System/mrjob,25,mrjob.job.MRJob.steps,4,11,2,0.25,1,False,<external_root>/testRepoSummaryOut/DevEval/System/mrjob/graph_results_all/task_25_ori.gml
System/mrjob,26,mrjob.job.MRJob.run_mapper,2,14,1,0.5,1,False,<external_root>/testRepoSummaryOut/DevEval/System/mrjob/graph_results_all/task_26_ori.gml
System/mrjob,27,mrjob.conf.load_opts_from_mrjob_confs,2,17,2,1.0,2,False,<external_root>/testRepoSummaryOut/DevEval/System/mrjob/graph_results_all/task_27_ori.gml
System/mrjob,28,mrjob.conf.combine_lists,1,16,1,1.0,1,False,<external_root>/testRepoSummaryOut/DevEval/System/mrjob/graph_results_all/task_28_ori.gml
System/mrjob,29,mrjob.conf.combine_dicts,2,14,0,0.0,0,False,<external_root>/testRepoSummaryOut/DevEval/System/mrjob/graph_results_all/task_29_ori.gml
System/mrjob,30,mrjob.setup.WorkingDirManager.name_to_path,4,14,2,0.5,2,False,<external_root>/testRepoSummaryOut/DevEval/System/mrjob/graph_results_all/task_30_ori.gml
System/mrjob,31,mrjob.logs.ids._sort_for_spark,3,21,3,1.0,3,False,<external_root>/testRepoSummaryOut/DevEval/System/mrjob/graph_results_all/task_31_ori.gml
System/mrjob,32,mrjob.compat.jobconf_from_env,1,8,0,0.0,0,False,<external_root>/testRepoSummaryOut/DevEval/System/mrjob/graph_results_all/task_32_ori.gml
System/mrjob,33,mrjob.fs.hadoop.HadoopFilesystem.du,1,7,0,0.0,0,False,<external_root>/testRepoSummaryOut/DevEval/System/mrjob/graph_results_all/task_33_ori.gml
System/mrjob,34,mrjob.step.MRStep.description,7,13,4,0.5714285714285714,4,False,<external_root>/testRepoSummaryOut/DevEval/System/mrjob/graph_results_all/task_34_ori.gml
System/mrjob,35,mrjob.fs.ssh.SSHFilesystem._cat_file,4,13,2,0.5,2,False,<external_root>/testRepoSummaryOut/DevEval/System/mrjob/graph_results_all/task_35_ori.gml
System/mrjob,36,mrjob.fs.local.LocalFilesystem.exists,1,14,1,1.0,1,False,<external_root>/testRepoSummaryOut/DevEval/System/mrjob/graph_results_all/task_36_ori.gml
System/mrjob,37,mrjob.job.MRJob.increment_counter,3,11,1,0.3333333333333333,1,False,<external_root>/testRepoSummaryOut/DevEval/System/mrjob/graph_results_all/task_37_ori.gml
System/mrjob,38,mrjob.compat.uses_yarn,1,12,0,0.0,0,False,<external_root>/testRepoSummaryOut/DevEval/System/mrjob/graph_results_all/task_38_ori.gml
System/mrjob,39,mrjob.compat.jobconf_from_dict,1,7,0,0.0,0,False,<external_root>/testRepoSummaryOut/DevEval/System/mrjob/graph_results_all/task_39_ori.gml
System/mrjob,40,mrjob.logs.errors._merge_and_sort_errors,1,20,1,1.0,1,False,<external_root>/testRepoSummaryOut/DevEval/System/mrjob/graph_results_all/task_40_ori.gml
System/mrjob,41,mrjob.step.StepFailedException.__repr__,1,10,0,0.0,0,False,<external_root>/testRepoSummaryOut/DevEval/System/mrjob/graph_results_all/task_41_ori.gml
System/mrjob,42,mrjob.conf.combine_path_lists,2,13,2,1.0,2,False,<external_root>/testRepoSummaryOut/DevEval/System/mrjob/graph_results_all/task_42_ori.gml
System/mrjob,43,mrjob.fs.ssh.SSHFilesystem.ls,4,13,2,0.5,2,False,<external_root>/testRepoSummaryOut/DevEval/System/mrjob/graph_results_all/task_43_ori.gml
System/mrjob,44,mrjob.conf.dump_mrjob_conf,1,13,1,1.0,1,False,<external_root>/testRepoSummaryOut/DevEval/System/mrjob/graph_results_all/task_44_ori.gml
System/mrjob,45,mrjob.compat.translate_jobconf_dict,3,14,3,1.0,3,False,<external_root>/testRepoSummaryOut/DevEval/System/mrjob/graph_results_all/task_45_ori.gml
System/mrjob,46,mrjob.hadoop.HadoopJobRunner._args_for_streaming_step,3,10,2,0.6666666666666666,2,False,<external_root>/testRepoSummaryOut/DevEval/System/mrjob/graph_results_all/task_46_ori.gml
System/mrjob,47,mrjob.logs.task._match_task_log_path,3,18,0,0.0,0,False,<external_root>/testRepoSummaryOut/DevEval/System/mrjob/graph_results_all/task_47_ori.gml
System/mrjob,48,mrjob.job.MRJob.execute,6,13,5,0.8333333333333334,5,False,<external_root>/testRepoSummaryOut/DevEval/System/mrjob/graph_results_all/task_48_ori.gml
System/mrjob,49,mrjob.job.MRJob.run_job,8,10,3,0.375,3,False,<external_root>/testRepoSummaryOut/DevEval/System/mrjob/graph_results_all/task_49_ori.gml
System/mrjob,50,mrjob.parse.parse_s3_uri,4,14,1,0.25,1,False,<external_root>/testRepoSummaryOut/DevEval/System/mrjob/graph_results_all/task_50_ori.gml
System/mrjob,51,mrjob.examples.mr_text_classifier.parse_doc_filename,1,9,0,0.0,0,False,<external_root>/testRepoSummaryOut/DevEval/System/mrjob/graph_results_all/task_51_ori.gml
System/mrjob,52,mrjob.logs.step._parse_step_syslog,2,20,2,1.0,2,False,<external_root>/testRepoSummaryOut/DevEval/System/mrjob/graph_results_all/task_52_ori.gml
System/mrjob,53,mrjob.util.safeeval,1,13,0,0.0,0,False,<external_root>/testRepoSummaryOut/DevEval/System/mrjob/graph_results_all/task_53_ori.gml
System/mrjob,54,mrjob.fs.base.Filesystem.cat,2,11,2,1.0,2,False,<external_root>/testRepoSummaryOut/DevEval/System/mrjob/graph_results_all/task_54_ori.gml
System/mrjob,55,mrjob.step.StepFailedException.__str__,5,6,5,1.0,5,False,<external_root>/testRepoSummaryOut/DevEval/System/mrjob/graph_results_all/task_55_ori.gml
System/mrjob,56,mrjob.logs.history._parse_pre_yarn_history_log,3,14,3,1.0,3,False,<external_root>/testRepoSummaryOut/DevEval/System/mrjob/graph_results_all/task_56_ori.gml
System/mrjob,57,mrjob.fs.local.LocalFilesystem.put,1,10,0,0.0,0,False,<external_root>/testRepoSummaryOut/DevEval/System/mrjob/graph_results_all/task_57_ori.gml
System/mrjob,58,mrjob.protocol._KeyCachingProtocol.read,3,11,1,0.3333333333333333,1,False,<external_root>/testRepoSummaryOut/DevEval/System/mrjob/graph_results_all/task_58_ori.gml
System/mrjob,59,mrjob.bin.MRJobBinRunner._task_python_bin,2,14,1,0.5,1,False,<external_root>/testRepoSummaryOut/DevEval/System/mrjob/graph_results_all/task_59_ori.gml
System/mrjob,60,mrjob.job.MRJob.is_task,1,12,1,1.0,1,False,<external_root>/testRepoSummaryOut/DevEval/System/mrjob/graph_results_all/task_60_ori.gml
System/mrjob,61,mrjob.hadoop.HadoopJobRunner.fs,5,12,0,0.0,0,False,<external_root>/testRepoSummaryOut/DevEval/System/mrjob/graph_results_all/task_61_ori.gml
System/mrjob,62,mrjob.conf.combine_opts,3,13,1,0.3333333333333333,1,False,<external_root>/testRepoSummaryOut/DevEval/System/mrjob/graph_results_all/task_62_ori.gml
System/mrjob,63,mrjob.fs.local.LocalFilesystem.md5sum,2,12,2,1.0,2,False,<external_root>/testRepoSummaryOut/DevEval/System/mrjob/graph_results_all/task_63_ori.gml
System/mrjob,64,mrjob.fs.local.LocalFilesystem.ls,1,14,1,1.0,1,False,<external_root>/testRepoSummaryOut/DevEval/System/mrjob/graph_results_all/task_64_ori.gml
System/mrjob,65,mrjob.job.MRJob._runner_kwargs,7,16,3,0.42857142857142855,3,False,<external_root>/testRepoSummaryOut/DevEval/System/mrjob/graph_results_all/task_65_ori.gml
System/mrjob,66,mrjob.job.MRJob.set_up_logging,2,7,2,1.0,2,False,<external_root>/testRepoSummaryOut/DevEval/System/mrjob/graph_results_all/task_66_ori.gml
System/mrjob,67,mrjob.local.LocalMRJobRunner._spark_master,3,7,1,0.3333333333333333,1,False,<external_root>/testRepoSummaryOut/DevEval/System/mrjob/graph_results_all/task_67_ori.gml
System/mrjob,68,mrjob.parse.is_s3_uri,1,15,1,1.0,1,False,<external_root>/testRepoSummaryOut/DevEval/System/mrjob/graph_results_all/task_68_ori.gml
System/mrjob,69,mrjob.step._Step.description,2,7,0,0.0,0,False,<external_root>/testRepoSummaryOut/DevEval/System/mrjob/graph_results_all/task_69_ori.gml
System/mrjob,70,mrjob.conf.combine_cmds,3,15,1,0.3333333333333333,1,False,<external_root>/testRepoSummaryOut/DevEval/System/mrjob/graph_results_all/task_70_ori.gml
System/mrjob,71,mrjob.job.MRJob.parse_output,3,11,1,0.3333333333333333,1,False,<external_root>/testRepoSummaryOut/DevEval/System/mrjob/graph_results_all/task_71_ori.gml
System/mrjob,72,mrjob.fs.local.LocalFilesystem.du,2,9,2,1.0,2,False,<external_root>/testRepoSummaryOut/DevEval/System/mrjob/graph_results_all/task_72_ori.gml
System/mrjob,73,mrjob.setup.UploadDirManager.uri,3,9,0,0.0,0,False,<external_root>/testRepoSummaryOut/DevEval/System/mrjob/graph_results_all/task_73_ori.gml
System/mrjob,74,mrjob.fs.hadoop.HadoopFilesystem.touchz,1,9,0,0.0,0,False,<external_root>/testRepoSummaryOut/DevEval/System/mrjob/graph_results_all/task_74_ori.gml
System/mrjob,75,mrjob.conf.load_opts_from_mrjob_conf,2,17,2,1.0,2,False,<external_root>/testRepoSummaryOut/DevEval/System/mrjob/graph_results_all/task_75_ori.gml
System/mrjob,76,mrjob.fs.local.LocalFilesystem._cat_file,2,15,1,0.5,1,False,<external_root>/testRepoSummaryOut/DevEval/System/mrjob/graph_results_all/task_76_ori.gml
System/mrjob,77,mrjob.fs.local.LocalFilesystem.touchz,1,8,0,0.0,0,False,<external_root>/testRepoSummaryOut/DevEval/System/mrjob/graph_results_all/task_77_ori.gml
System/mrjob,78,mrjob.compat.translate_jobconf_for_all_versions,1,12,1,1.0,1,False,<external_root>/testRepoSummaryOut/DevEval/System/mrjob/graph_results_all/task_78_ori.gml
System/mrjob,79,mrjob.util.to_lines,1,10,1,1.0,1,False,<external_root>/testRepoSummaryOut/DevEval/System/mrjob/graph_results_all/task_79_ori.gml
System/mrjob,80,mrjob.logs.spark._parse_spark_log,1,18,1,1.0,1,False,<external_root>/testRepoSummaryOut/DevEval/System/mrjob/graph_results_all/task_80_ori.gml
System/mrjob,81,mrjob.setup.UploadDirManager.path_to_uri,2,11,0,0.0,0,False,<external_root>/testRepoSummaryOut/DevEval/System/mrjob/graph_results_all/task_81_ori.gml
System/mrjob,82,mrjob.parse.parse_mr_job_stderr,3,8,0,0.0,0,False,<external_root>/testRepoSummaryOut/DevEval/System/mrjob/graph_results_all/task_82_ori.gml
System/mrjob,83,mrjob.fs.base.Filesystem.join,2,15,2,1.0,2,False,<external_root>/testRepoSummaryOut/DevEval/System/mrjob/graph_results_all/task_83_ori.gml
System/mrjob,84,mrjob.setup.WorkingDirManager.paths,2,16,0,0.0,0,False,<external_root>/testRepoSummaryOut/DevEval/System/mrjob/graph_results_all/task_84_ori.gml
System/mrjob,85,mrjob.fs.hadoop.HadoopFilesystem.exists,2,8,0,0.0,0,False,<external_root>/testRepoSummaryOut/DevEval/System/mrjob/graph_results_all/task_85_ori.gml
System/mrjob,86,mrjob.hadoop.HadoopJobRunner._find_hadoop_streaming_jar,6,13,2,0.3333333333333333,2,False,<external_root>/testRepoSummaryOut/DevEval/System/mrjob/graph_results_all/task_86_ori.gml
System/mrjob,87,mrjob.fs.hadoop.HadoopFilesystem.rm,7,13,4,0.5714285714285714,4,False,<external_root>/testRepoSummaryOut/DevEval/System/mrjob/graph_results_all/task_87_ori.gml
System/mrjob,88,mrjob.conf._fix_clear_tags,4,12,1,0.25,1,False,<external_root>/testRepoSummaryOut/DevEval/System/mrjob/graph_results_all/task_88_ori.gml
System/mrjob,89,mrjob.bin.MRJobBinRunner.get_spark_submit_bin,2,23,2,1.0,2,False,<external_root>/testRepoSummaryOut/DevEval/System/mrjob/graph_results_all/task_89_ori.gml
System/mrjob,90,mrjob.conf.combine_jobconfs,2,10,1,0.5,1,False,<external_root>/testRepoSummaryOut/DevEval/System/mrjob/graph_results_all/task_90_ori.gml
System/mrjob,91,mrjob.parse._parse_progress_from_resource_manager,1,17,0,0.0,0,False,<external_root>/testRepoSummaryOut/DevEval/System/mrjob/graph_results_all/task_91_ori.gml
System/mrjob,92,mrjob.fs.local.LocalFilesystem.rm,2,15,1,0.5,1,False,<external_root>/testRepoSummaryOut/DevEval/System/mrjob/graph_results_all/task_92_ori.gml
System/mrjob,93,mrjob.logs.mixin.LogInterpretationMixin._pick_error,8,20,6,0.75,6,False,<external_root>/testRepoSummaryOut/DevEval/System/mrjob/graph_results_all/task_93_ori.gml
System/mrjob,94,mrjob.fs.hadoop.HadoopFilesystem.get_hadoop_bin,2,8,1,0.5,1,False,<external_root>/testRepoSummaryOut/DevEval/System/mrjob/graph_results_all/task_94_ori.gml
System/mrjob,95,mrjob.fs.local.LocalFilesystem.mkdir,1,19,1,1.0,1,False,<external_root>/testRepoSummaryOut/DevEval/System/mrjob/graph_results_all/task_95_ori.gml
System/mrjob,96,mrjob.compat.translate_jobconf,2,13,1,0.5,1,False,<external_root>/testRepoSummaryOut/DevEval/System/mrjob/graph_results_all/task_96_ori.gml
System/mrjob,97,mrjob.parse.to_uri,1,12,1,1.0,1,False,<external_root>/testRepoSummaryOut/DevEval/System/mrjob/graph_results_all/task_97_ori.gml
System/mrjob,98,mrjob.py2.to_unicode,1,16,0,0.0,0,False,<external_root>/testRepoSummaryOut/DevEval/System/mrjob/graph_results_all/task_98_ori.gml
System/mrjob,99,mrjob.job.MRJob.sandbox,3,6,0,0.0,0,False,<external_root>/testRepoSummaryOut/DevEval/System/mrjob/graph_results_all/task_99_ori.gml
System/mrjob,100,mrjob.runner.MRJobRunner._bootstrap_mrjob,1,12,0,0.0,0,False,<external_root>/testRepoSummaryOut/DevEval/System/mrjob/graph_results_all/task_100_ori.gml
System/mrjob,101,mrjob.hadoop.HadoopJobRunner._stream_task_log_dirs,7,18,4,0.5714285714285714,4,False,<external_root>/testRepoSummaryOut/DevEval/System/mrjob/graph_results_all/task_101_ori.gml
System/mrjob,102,mrjob.setup.UploadDirManager.add,5,9,1,0.2,1,False,<external_root>/testRepoSummaryOut/DevEval/System/mrjob/graph_results_all/task_102_ori.gml
System/mrjob,103,mrjob.logs.history._match_history_log_path,1,11,0,0.0,0,False,<external_root>/testRepoSummaryOut/DevEval/System/mrjob/graph_results_all/task_103_ori.gml
System/mrjob,104,mrjob.parse._parse_progress_from_job_tracker,1,17,0,0.0,0,False,<external_root>/testRepoSummaryOut/DevEval/System/mrjob/graph_results_all/task_104_ori.gml
System/mrjob,105,mrjob.hadoop.fully_qualify_hdfs_path,1,10,1,1.0,1,False,<external_root>/testRepoSummaryOut/DevEval/System/mrjob/graph_results_all/task_105_ori.gml
System/prometheus-client,1,prometheus_client.mmap_dict.MmapedDict.read_value,4,13,4,1.0,4,False,<external_root>/testRepoSummaryOut/DevEval/System/prometheus-client/graph_results_all/task_1_ori.gml
System/prometheus-client,2,prometheus_client.multiprocess.MultiProcessCollector.merge,2,21,2,1.0,2,False,<external_root>/testRepoSummaryOut/DevEval/System/prometheus-client/graph_results_all/task_2_ori.gml
System/prometheus-client,3,prometheus_client.mmap_dict.MmapedDict.write_value,4,19,4,1.0,4,False,<external_root>/testRepoSummaryOut/DevEval/System/prometheus-client/graph_results_all/task_3_ori.gml
System/prometheus-client,4,prometheus_client.multiprocess.MultiProcessCollector.collect,2,25,1,0.5,1,False,<external_root>/testRepoSummaryOut/DevEval/System/prometheus-client/graph_results_all/task_4_ori.gml
System/prometheus-client,5,prometheus_client.exposition.choose_encoder,6,12,2,0.3333333333333333,2,False,<external_root>/testRepoSummaryOut/DevEval/System/prometheus-client/graph_results_all/task_5_ori.gml
System/sslyze,1,sslyze.plugins.certificate_info._certificate_utils.get_public_key_sha256,0,22,0,,0,False,<external_root>/testRepoSummaryOut/DevEval/System/sslyze/graph_results_all/task_1_ori.gml
System/sslyze,2,sslyze.plugins.session_renegotiation_plugin._SessionRenegotiationCliConnector.result_to_console_output,5,23,2,0.4,2,False,<external_root>/testRepoSummaryOut/DevEval/System/sslyze/graph_results_all/task_2_ori.gml
System/sslyze,3,sslyze.plugins.heartbleed_plugin._HeartbleedCliConnector.result_to_console_output,3,23,1,0.3333333333333333,1,False,<external_root>/testRepoSummaryOut/DevEval/System/sslyze/graph_results_all/task_3_ori.gml
System/sslyze,4,sslyze.plugins.certificate_info._cli_connector._CertificateInfoCliConnector.result_to_console_output,5,14,1,0.2,1,False,<external_root>/testRepoSummaryOut/DevEval/System/sslyze/graph_results_all/task_4_ori.gml
System/sslyze,5,sslyze.plugins.certificate_info._certificate_utils.parse_subject_alternative_name_extension,1,22,0,0.0,0,False,<external_root>/testRepoSummaryOut/DevEval/System/sslyze/graph_results_all/task_5_ori.gml
System/sslyze,6,sslyze.plugins.certificate_info._cert_chain_analyzer._certificate_matches_hostname,4,29,0,0.0,0,False,<external_root>/testRepoSummaryOut/DevEval/System/sslyze/graph_results_all/task_6_ori.gml
System/sslyze,7,sslyze.plugins.http_headers_plugin._detect_http_redirection,1,9,1,1.0,1,False,<external_root>/testRepoSummaryOut/DevEval/System/sslyze/graph_results_all/task_7_ori.gml
System/sslyze,8,sslyze.plugins.certificate_info._symantec.SymantecDistructTester.get_distrust_timeline,6,22,1,0.16666666666666666,1,False,<external_root>/testRepoSummaryOut/DevEval/System/sslyze/graph_results_all/task_8_ori.gml
System/sslyze,9,sslyze.cli.server_string_parser.CommandLineServerStringParser.parse_server_string,2,27,2,1.0,2,False,<external_root>/testRepoSummaryOut/DevEval/System/sslyze/graph_results_all/task_9_ori.gml
System/sslyze,10,sslyze.plugins.certificate_info._cli_connector._get_name_as_short_text,1,18,0,0.0,0,False,<external_root>/testRepoSummaryOut/DevEval/System/sslyze/graph_results_all/task_10_ori.gml
System/trackerjacker,1,trackerjacker.ieee_mac_vendor_db.MacVendorDB.lookup,1,11,0,0.0,0,False,<external_root>/testRepoSummaryOut/DevEval/System/trackerjacker/graph_results_all/task_1_ori.gml
System/viztracer,1,viztracer.tracer._VizTracer.start,8,19,7,0.875,7,False,<external_root>/testRepoSummaryOut/DevEval/System/viztracer/graph_results_all/task_1_ori.gml
System/viztracer,2,viztracer.code_monkey.AstTransformer.get_assign_targets_with_attr,1,20,0,0.0,0,False,<external_root>/testRepoSummaryOut/DevEval/System/viztracer/graph_results_all/task_2_ori.gml
System/viztracer,3,viztracer.tracer._VizTracer.stop,4,9,3,0.75,3,False,<external_root>/testRepoSummaryOut/DevEval/System/viztracer/graph_results_all/task_3_ori.gml
System/viztracer,4,viztracer.code_monkey.SourceProcessor.process,1,18,0,0.0,0,False,<external_root>/testRepoSummaryOut/DevEval/System/viztracer/graph_results_all/task_4_ori.gml
System/viztracer,5,viztracer.report_builder.ReportBuilder.save,3,11,3,1.0,3,False,<external_root>/testRepoSummaryOut/DevEval/System/viztracer/graph_results_all/task_5_ori.gml
System/wal-e,1,wal_e.cmd.parse_boolean_envvar,0,9,0,,0,False,<external_root>/testRepoSummaryOut/DevEval/System/wal-e/graph_results_all/task_1_ori.gml
System/wal-e,2,wal_e.log_help.get_log_destinations,0,12,0,,0,False,<external_root>/testRepoSummaryOut/DevEval/System/wal-e/graph_results_all/task_2_ori.gml
System/wal-e,3,wal_e.log_help.WalELogger._fmt_structured,0,9,0,,0,False,<external_root>/testRepoSummaryOut/DevEval/System/wal-e/graph_results_all/task_3_ori.gml
System/wal-e,4,wal_e.tar_partition._fsync_files,0,14,0,,0,False,<external_root>/testRepoSummaryOut/DevEval/System/wal-e/graph_results_all/task_4_ori.gml
System/wal-e,5,wal_e.blobstore.file.calling_format.Bucket.list,0,20,0,,0,False,<external_root>/testRepoSummaryOut/DevEval/System/wal-e/graph_results_all/task_5_ori.gml
System/wal-e,6,wal_e.worker.pg.wal_transfer.WalTransferGroup.start,6,10,2,0.3333333333333333,2,False,<external_root>/testRepoSummaryOut/DevEval/System/wal-e/graph_results_all/task_6_ori.gml
System/wal-e,7,wal_e.worker.pg.wal_transfer.WalTransferGroup.join,4,8,4,1.0,4,False,<external_root>/testRepoSummaryOut/DevEval/System/wal-e/graph_results_all/task_7_ori.gml
System/wal-e,8,wal_e.log_help.WalELogger.fmt_logline,1,15,1,1.0,1,False,<external_root>/testRepoSummaryOut/DevEval/System/wal-e/graph_results_all/task_8_ori.gml
System/wal-e,9,wal_e.worker.pg.wal_transfer.WalSegment.from_ready_archive_status,3,10,2,0.6666666666666666,2,False,<external_root>/testRepoSummaryOut/DevEval/System/wal-e/graph_results_all/task_9_ori.gml
System/wal-e,10,wal_e.worker.upload_pool.TarUploadPool.put,8,13,5,0.625,5,False,<external_root>/testRepoSummaryOut/DevEval/System/wal-e/graph_results_all/task_10_ori.gml
System/wal-e,11,wal_e.blobstore.file.calling_format.Bucket.delete_keys,2,9,2,1.0,2,False,<external_root>/testRepoSummaryOut/DevEval/System/wal-e/graph_results_all/task_11_ori.gml
Text-Processing/PyLaTeX,1,pylatex.utils.dumps_list,2,18,1,0.5,1,False,<external_root>/testRepoSummaryOut/DevEval/Text-Processing/PyLaTeX/graph_results_all/task_1_ori.gml
Text-Processing/PyLaTeX,2,pylatex.utils._latex_item_to_string,5,21,3,0.6,3,False,<external_root>/testRepoSummaryOut/DevEval/Text-Processing/PyLaTeX/graph_results_all/task_2_ori.gml
Text-Processing/dominate,1,dominate.dom_tag._get_thread_context,0,17,0,,0,False,<external_root>/testRepoSummaryOut/DevEval/Text-Processing/dominate/graph_results_all/task_1_ori.gml
Text-Processing/dominate,2,dominate.util.system,0,7,0,,0,False,<external_root>/testRepoSummaryOut/DevEval/Text-Processing/dominate/graph_results_all/task_2_ori.gml
Text-Processing/dominate,3,dominate.util.url_unescape,0,7,0,,0,False,<external_root>/testRepoSummaryOut/DevEval/Text-Processing/dominate/graph_results_all/task_3_ori.gml
Text-Processing/dominate,4,dominate.util.include,1,7,1,1.0,1,False,<external_root>/testRepoSummaryOut/DevEval/Text-Processing/dominate/graph_results_all/task_4_ori.gml
Text-Processing/dominate,5,dominate.util.unescape,2,9,2,1.0,2,False,<external_root>/testRepoSummaryOut/DevEval/Text-Processing/dominate/graph_results_all/task_5_ori.gml
Text-Processing/dominate,6,dominate.dom_tag.dom_tag.render,1,23,1,1.0,1,False,<external_root>/testRepoSummaryOut/DevEval/Text-Processing/dominate/graph_results_all/task_6_ori.gml
Text-Processing/feedparser,1,feedparser.urls.convert_to_idn,0,15,0,,0,False,<external_root>/testRepoSummaryOut/DevEval/Text-Processing/feedparser/graph_results_all/task_1_ori.gml
Text-Processing/feedparser,2,feedparser.urls.make_safe_absolute_uri,2,19,1,0.5,1,False,<external_root>/testRepoSummaryOut/DevEval/Text-Processing/feedparser/graph_results_all/task_2_ori.gml
Text-Processing/feedparser,3,feedparser.api._open_resource,2,22,1,0.5,1,False,<external_root>/testRepoSummaryOut/DevEval/Text-Processing/feedparser/graph_results_all/task_3_ori.gml
Text-Processing/feedparser,4,feedparser.http._build_urllib2_request,1,10,0,0.0,0,False,<external_root>/testRepoSummaryOut/DevEval/Text-Processing/feedparser/graph_results_all/task_4_ori.gml
Text-Processing/mistune,1,mistune.toc.add_toc_hook,0,11,0,,0,False,<external_root>/testRepoSummaryOut/DevEval/Text-Processing/mistune/graph_results_all/task_1_ori.gml
Text-Processing/mistune,2,mistune.plugins.table.table_in_quote,0,20,0,,0,False,<external_root>/testRepoSummaryOut/DevEval/Text-Processing/mistune/graph_results_all/task_2_ori.gml
Text-Processing/mistune,3,mistune.plugins.table.table_in_list,0,21,0,,0,False,<external_root>/testRepoSummaryOut/DevEval/Text-Processing/mistune/graph_results_all/task_3_ori.gml
Text-Processing/mistune,4,mistune.create_markdown,3,8,0,0.0,0,True,<external_root>/testRepoSummaryOut/DevEval/Text-Processing/mistune/graph_results_all/task_4_ori.gml
Text-Processing/mistune,5,mistune.markdown.Markdown.read,4,6,2,0.5,2,False,<external_root>/testRepoSummaryOut/DevEval/Text-Processing/mistune/graph_results_all/task_5_ori.gml
Text-Processing/online-judge-tools,1,onlinejudge_command.pretty_printers._tokenize_line,6,18,1,0.16666666666666666,1,False,<external_root>/testRepoSummaryOut/DevEval/Text-Processing/online-judge-tools/graph_results_all/task_1_ori.gml
Text-Processing/online-judge-tools,2,onlinejudge_command.pretty_printers._tokenize_file_content_without_snipping,4,23,3,0.75,3,False,<external_root>/testRepoSummaryOut/DevEval/Text-Processing/online-judge-tools/graph_results_all/task_2_ori.gml
Text-Processing/online-judge-tools,3,onlinejudge_command.pretty_printers._render_tokens,10,12,1,0.1,1,False,<external_root>/testRepoSummaryOut/DevEval/Text-Processing/online-judge-tools/graph_results_all/task_3_ori.gml
Text-Processing/parsel,1,parsel.utils.shorten,0,11,0,,0,False,<external_root>/testRepoSummaryOut/DevEval/Text-Processing/parsel/graph_results_all/task_1_ori.gml
Text-Processing/parsel,2,parsel.xpathfuncs.set_xpathfunc,0,17,0,,0,False,<external_root>/testRepoSummaryOut/DevEval/Text-Processing/parsel/graph_results_all/task_2_ori.gml
Text-Processing/parsel,3,parsel.utils.extract_regex,1,17,1,1.0,1,False,<external_root>/testRepoSummaryOut/DevEval/Text-Processing/parsel/graph_results_all/task_3_ori.gml
Text-Processing/pycorrector,1,pycorrector.proper_corrector.load_dict_file,0,12,0,,0,False,<external_root>/testRepoSummaryOut/DevEval/Text-Processing/pycorrector/graph_results_all/task_1_ori.gml
Text-Processing/pycorrector,2,pycorrector.utils.tokenizer.segment,0,21,0,,0,False,<external_root>/testRepoSummaryOut/DevEval/Text-Processing/pycorrector/graph_results_all/task_2_ori.gml
Text-Processing/pycorrector,3,pycorrector.en_spell.EnSpell.correct,5,18,3,0.6,3,False,<external_root>/testRepoSummaryOut/DevEval/Text-Processing/pycorrector/graph_results_all/task_3_ori.gml
Text-Processing/pycorrector,4,pycorrector.en_spell.EnSpell.correct_word,2,14,2,1.0,2,False,<external_root>/testRepoSummaryOut/DevEval/Text-Processing/pycorrector/graph_results_all/task_4_ori.gml
Text-Processing/pycorrector,5,pycorrector.en_spell.EnSpell.candidates,4,13,4,1.0,4,False,<external_root>/testRepoSummaryOut/DevEval/Text-Processing/pycorrector/graph_results_all/task_5_ori.gml
Text-Processing/pycorrector,6,pycorrector.en_spell.EnSpell.check_init,2,15,2,1.0,2,False,<external_root>/testRepoSummaryOut/DevEval/Text-Processing/pycorrector/graph_results_all/task_6_ori.gml
Text-Processing/pymorphy2,1,pymorphy2.dawg.assert_can_create,1,9,0,0.0,0,False,<external_root>/testRepoSummaryOut/DevEval/Text-Processing/pymorphy2/graph_results_all/task_1_ori.gml
Text-Processing/pymorphy2,2,pymorphy2.opencorpora_dict.compile._to_paradigm,1,25,1,1.0,1,False,<external_root>/testRepoSummaryOut/DevEval/Text-Processing/pymorphy2/graph_results_all/task_2_ori.gml
Text-Processing/python-benedict,1,benedict.utils.type_util.is_json_serializable,0,49,0,,0,False,<external_root>/testRepoSummaryOut/DevEval/Text-Processing/python-benedict/graph_results_all/task_1_ori.gml
Text-Processing/python-benedict,2,benedict.dicts.keypath.keypath_util._split_key_indexes,1,9,0,0.0,0,False,<external_root>/testRepoSummaryOut/DevEval/Text-Processing/python-benedict/graph_results_all/task_2_ori.gml
Text-Processing/python-benedict,3,benedict.dicts.keylist.keylist_util.get_item,1,17,1,1.0,1,False,<external_root>/testRepoSummaryOut/DevEval/Text-Processing/python-benedict/graph_results_all/task_3_ori.gml
Text-Processing/python-benedict,4,benedict.dicts.keylist.keylist_util.set_item,2,13,2,1.0,2,False,<external_root>/testRepoSummaryOut/DevEval/Text-Processing/python-benedict/graph_results_all/task_4_ori.gml
Text-Processing/rows,1,rows.fields.DatetimeField.serialize,0,25,0,,0,False,<external_root>/testRepoSummaryOut/DevEval/Text-Processing/rows/graph_results_all/task_1_ori.gml
Text-Processing/rows,2,rows.fields.Field.serialize,0,14,0,,0,False,<external_root>/testRepoSummaryOut/DevEval/Text-Processing/rows/graph_results_all/task_2_ori.gml
Text-Processing/rows,3,rows.fields.EmailField.serialize,0,15,0,,0,False,<external_root>/testRepoSummaryOut/DevEval/Text-Processing/rows/graph_results_all/task_3_ori.gml
Text-Processing/rows,4,rows.fields.as_string,0,25,0,,0,False,<external_root>/testRepoSummaryOut/DevEval/Text-Processing/rows/graph_results_all/task_4_ori.gml
Text-Processing/rows,5,rows.fields.get_items,0,10,0,,0,False,<external_root>/testRepoSummaryOut/DevEval/Text-Processing/rows/graph_results_all/task_5_ori.gml
Text-Processing/rows,6,rows.fields.DateField.serialize,1,15,0,0.0,0,False,<external_root>/testRepoSummaryOut/DevEval/Text-Processing/rows/graph_results_all/task_6_ori.gml
Text-Processing/rows,7,rows.fields.JSONField.deserialize,3,17,0,0.0,0,False,<external_root>/testRepoSummaryOut/DevEval/Text-Processing/rows/graph_results_all/task_7_ori.gml
Text-Processing/rows,8,rows.fields.BinaryField.serialize,1,15,0,0.0,0,False,<external_root>/testRepoSummaryOut/DevEval/Text-Processing/rows/graph_results_all/task_8_ori.gml
Text-Processing/rows,9,rows.fields.DateField.deserialize,5,18,2,0.4,2,False,<external_root>/testRepoSummaryOut/DevEval/Text-Processing/rows/graph_results_all/task_9_ori.gml
Text-Processing/rows,10,rows.fields.EmailField.deserialize,4,20,2,0.5,2,False,<external_root>/testRepoSummaryOut/DevEval/Text-Processing/rows/graph_results_all/task_10_ori.gml
Text-Processing/rows,11,rows.fields.BoolField.deserialize,6,17,2,0.3333333333333333,2,False,<external_root>/testRepoSummaryOut/DevEval/Text-Processing/rows/graph_results_all/task_11_ori.gml
Text-Processing/rows,12,rows.fields.TextField.deserialize,2,17,1,0.5,1,False,<external_root>/testRepoSummaryOut/DevEval/Text-Processing/rows/graph_results_all/task_12_ori.gml
Utilities/PyJWT,1,jwt.utils.force_bytes,0,19,0,,0,False,<external_root>/testRepoSummaryOut/DevEval/Utilities/PyJWT/graph_results_all/task_1_ori.gml
Utilities/PyJWT,2,jwt.algorithms.HMACAlgorithm.to_jwk,3,16,1,0.3333333333333333,1,False,<external_root>/testRepoSummaryOut/DevEval/Utilities/PyJWT/graph_results_all/task_2_ori.gml
Utilities/PyJWT,3,jwt.algorithms.HMACAlgorithm.from_jwk,3,11,1,0.3333333333333333,1,False,<external_root>/testRepoSummaryOut/DevEval/Utilities/PyJWT/graph_results_all/task_3_ori.gml
Utilities/PyJWT,4,jwt.algorithms.HMACAlgorithm.prepare_key,4,18,2,0.5,2,False,<external_root>/testRepoSummaryOut/DevEval/Utilities/PyJWT/graph_results_all/task_4_ori.gml
Utilities/PyJWT,5,jwt.utils.base64url_decode,1,16,1,1.0,1,False,<external_root>/testRepoSummaryOut/DevEval/Utilities/PyJWT/graph_results_all/task_5_ori.gml
Utilities/PyJWT,6,jwt.utils.to_base64url_uint,2,15,2,1.0,2,False,<external_root>/testRepoSummaryOut/DevEval/Utilities/PyJWT/graph_results_all/task_6_ori.gml
Utilities/boltons,1,boltons.funcutils.copy_function,0,9,0,,0,False,<external_root>/testRepoSummaryOut/DevEval/Utilities/boltons/graph_results_all/task_1_ori.gml
Utilities/boltons,2,boltons.funcutils.format_invocation,0,7,0,,0,False,<external_root>/testRepoSummaryOut/DevEval/Utilities/boltons/graph_results_all/task_2_ori.gml
Utilities/boltons,3,boltons.listutils.SplayList.shift,0,11,0,,0,False,<external_root>/testRepoSummaryOut/DevEval/Utilities/boltons/graph_results_all/task_3_ori.gml
Utilities/boltons,4,boltons.strutils.gzip_bytes,0,11,0,,0,False,<external_root>/testRepoSummaryOut/DevEval/Utilities/boltons/graph_results_all/task_4_ori.gml
Utilities/boltons,5,boltons.strutils.is_uuid,0,5,0,,0,False,<external_root>/testRepoSummaryOut/DevEval/Utilities/boltons/graph_results_all/task_5_ori.gml
Utilities/boltons,6,boltons.strutils.parse_int_list,0,9,0,,0,False,<external_root>/testRepoSummaryOut/DevEval/Utilities/boltons/graph_results_all/task_6_ori.gml
Utilities/boltons,7,boltons.cacheutils.ThresholdCounter.get,0,11,0,,0,False,<external_root>/testRepoSummaryOut/DevEval/Utilities/boltons/graph_results_all/task_7_ori.gml
Utilities/boltons,8,boltons.iterutils.backoff_iter,0,7,0,,0,False,<external_root>/testRepoSummaryOut/DevEval/Utilities/boltons/graph_results_all/task_8_ori.gml
Utilities/boltons,9,boltons.cacheutils.cached,0,11,0,,0,False,<external_root>/testRepoSummaryOut/DevEval/Utilities/boltons/graph_results_all/task_9_ori.gml
Utilities/boltons,10,boltons.timeutils.total_seconds,0,23,0,,0,False,<external_root>/testRepoSummaryOut/DevEval/Utilities/boltons/graph_results_all/task_10_ori.gml
Utilities/boltons,11,boltons.gcutils.get_all,0,31,0,,0,False,<external_root>/testRepoSummaryOut/DevEval/Utilities/boltons/graph_results_all/task_11_ori.gml
Utilities/boltons,12,boltons.timeutils.daterange,0,9,0,,0,False,<external_root>/testRepoSummaryOut/DevEval/Utilities/boltons/graph_results_all/task_12_ori.gml
Utilities/boltons,13,boltons.mathutils.clamp,0,5,0,,0,False,<external_root>/testRepoSummaryOut/DevEval/Utilities/boltons/graph_results_all/task_13_ori.gml
Utilities/boltons,14,boltons.mathutils.ceil,0,7,0,,0,False,<external_root>/testRepoSummaryOut/DevEval/Utilities/boltons/graph_results_all/task_14_ori.gml
Utilities/boltons,15,boltons.formatutils.get_format_args,0,7,0,,0,False,<external_root>/testRepoSummaryOut/DevEval/Utilities/boltons/graph_results_all/task_15_ori.gml
Utilities/boltons,16,boltons.mathutils.floor,0,7,0,,0,False,<external_root>/testRepoSummaryOut/DevEval/Utilities/boltons/graph_results_all/task_16_ori.gml
Utilities/boltons,17,boltons.dictutils.OneToOne.setdefault,0,12,0,,0,False,<external_root>/testRepoSummaryOut/DevEval/Utilities/boltons/graph_results_all/task_17_ori.gml
Utilities/boltons,18,boltons.dictutils.OneToOne.update,0,19,0,,0,False,<external_root>/testRepoSummaryOut/DevEval/Utilities/boltons/graph_results_all/task_18_ori.gml
Utilities/boltons,19,boltons.dictutils.ManyToMany.get,0,8,0,,0,False,<external_root>/testRepoSummaryOut/DevEval/Utilities/boltons/graph_results_all/task_19_ori.gml
Utilities/boltons,20,boltons.dictutils.FrozenDict.updated,0,14,0,,0,False,<external_root>/testRepoSummaryOut/DevEval/Utilities/boltons/graph_results_all/task_20_ori.gml
Utilities/boltons,21,boltons.dictutils.subdict,0,7,0,,0,False,<external_root>/testRepoSummaryOut/DevEval/Utilities/boltons/graph_results_all/task_21_ori.gml
Utilities/boltons,22,boltons.dictutils.FrozenDict.__repr__,0,45,0,,0,False,<external_root>/testRepoSummaryOut/DevEval/Utilities/boltons/graph_results_all/task_22_ori.gml
Utilities/boltons,23,boltons.socketutils.NetstringSocket.setmaxsize,3,6,1,0.3333333333333333,1,False,<external_root>/testRepoSummaryOut/DevEval/Utilities/boltons/graph_results_all/task_23_ori.gml
Utilities/boltons,24,boltons.funcutils.FunctionBuilder.get_arg_names,3,8,3,1.0,3,False,<external_root>/testRepoSummaryOut/DevEval/Utilities/boltons/graph_results_all/task_24_ori.gml
Utilities/boltons,25,boltons.tbutils.ParsedException.to_string,3,26,3,1.0,3,False,<external_root>/testRepoSummaryOut/DevEval/Utilities/boltons/graph_results_all/task_25_ori.gml
Utilities/boltons,26,boltons.cacheutils.LRI.pop,3,11,2,0.6666666666666666,2,False,<external_root>/testRepoSummaryOut/DevEval/Utilities/boltons/graph_results_all/task_26_ori.gml
Utilities/boltons,27,boltons.fileutils.FilePerms.__repr__,3,45,0,0.0,0,False,<external_root>/testRepoSummaryOut/DevEval/Utilities/boltons/graph_results_all/task_27_ori.gml
Utilities/boltons,28,boltons.cacheutils.CachedFunction.__repr__,3,27,0,0.0,0,False,<external_root>/testRepoSummaryOut/DevEval/Utilities/boltons/graph_results_all/task_28_ori.gml
Utilities/boltons,29,boltons.cacheutils.LRI.popitem,2,15,2,1.0,2,False,<external_root>/testRepoSummaryOut/DevEval/Utilities/boltons/graph_results_all/task_29_ori.gml
Utilities/boltons,30,boltons.ioutils.SpooledStringIO.write,8,14,5,0.625,5,False,<external_root>/testRepoSummaryOut/DevEval/Utilities/boltons/graph_results_all/task_30_ori.gml
Utilities/boltons,31,boltons.strutils.indent,1,6,1,1.0,1,False,<external_root>/testRepoSummaryOut/DevEval/Utilities/boltons/graph_results_all/task_31_ori.gml
Utilities/boltons,32,boltons.setutils.IndexedSet.index,2,19,2,1.0,2,False,<external_root>/testRepoSummaryOut/DevEval/Utilities/boltons/graph_results_all/task_32_ori.gml
Utilities/boltons,33,boltons.strutils.multi_replace,3,14,1,0.3333333333333333,1,False,<external_root>/testRepoSummaryOut/DevEval/Utilities/boltons/graph_results_all/task_33_ori.gml
Utilities/boltons,34,boltons.socketutils.NetstringSocket.write_ns,5,6,2,0.4,2,False,<external_root>/testRepoSummaryOut/DevEval/Utilities/boltons/graph_results_all/task_34_ori.gml
Utilities/boltons,35,boltons.listutils.BarrelList.pop,3,17,3,1.0,3,False,<external_root>/testRepoSummaryOut/DevEval/Utilities/boltons/graph_results_all/task_35_ori.gml
Utilities/boltons,36,boltons.tbutils.print_exception,4,26,2,0.5,2,False,<external_root>/testRepoSummaryOut/DevEval/Utilities/boltons/graph_results_all/task_36_ori.gml
Utilities/boltons,37,boltons.ioutils.SpooledIOBase.writelines,2,17,2,1.0,2,False,<external_root>/testRepoSummaryOut/DevEval/Utilities/boltons/graph_results_all/task_37_ori.gml
Utilities/boltons,38,boltons.cacheutils.ThresholdCounter.elements,1,7,1,1.0,1,False,<external_root>/testRepoSummaryOut/DevEval/Utilities/boltons/graph_results_all/task_38_ori.gml
Utilities/boltons,39,boltons.dictutils.ManyToMany.add,2,12,2,1.0,2,False,<external_root>/testRepoSummaryOut/DevEval/Utilities/boltons/graph_results_all/task_39_ori.gml
Utilities/boltons,40,boltons.cacheutils.LRI.setdefault,2,12,0,0.0,0,False,<external_root>/testRepoSummaryOut/DevEval/Utilities/boltons/graph_results_all/task_40_ori.gml
Utilities/boltons,41,boltons.setutils.complement,3,18,1,0.3333333333333333,1,False,<external_root>/testRepoSummaryOut/DevEval/Utilities/boltons/graph_results_all/task_41_ori.gml
Utilities/boltons,42,boltons.cacheutils.ThresholdCounter.most_common,1,7,1,1.0,1,False,<external_root>/testRepoSummaryOut/DevEval/Utilities/boltons/graph_results_all/task_42_ori.gml
Utilities/boltons,43,boltons.cacheutils.LRI.update,2,18,1,0.5,1,False,<external_root>/testRepoSummaryOut/DevEval/Utilities/boltons/graph_results_all/task_43_ori.gml
Utilities/boltons,44,boltons.tableutils.Table.extend,3,12,3,1.0,3,False,<external_root>/testRepoSummaryOut/DevEval/Utilities/boltons/graph_results_all/task_44_ori.gml
Utilities/boltons,45,boltons.ioutils.SpooledStringIO.read,5,17,5,1.0,5,False,<external_root>/testRepoSummaryOut/DevEval/Utilities/boltons/graph_results_all/task_45_ori.gml
Utilities/boltons,46,boltons.dictutils.ManyToMany.replace,2,12,2,1.0,2,False,<external_root>/testRepoSummaryOut/DevEval/Utilities/boltons/graph_results_all/task_46_ori.gml
Utilities/boltons,47,boltons.socketutils.BufferedSocket.getsendbuffer,2,31,2,1.0,2,False,<external_root>/testRepoSummaryOut/DevEval/Utilities/boltons/graph_results_all/task_47_ori.gml
Utilities/boltons,48,boltons.listutils.BarrelList.sort,2,13,2,1.0,2,False,<external_root>/testRepoSummaryOut/DevEval/Utilities/boltons/graph_results_all/task_48_ori.gml
Utilities/boltons,49,boltons.socketutils.BufferedSocket.recv,8,25,7,0.875,7,False,<external_root>/testRepoSummaryOut/DevEval/Utilities/boltons/graph_results_all/task_49_ori.gml
Utilities/boltons,50,boltons.formatutils.tokenize_format_str,3,27,1,0.3333333333333333,1,False,<external_root>/testRepoSummaryOut/DevEval/Utilities/boltons/graph_results_all/task_50_ori.gml
Utilities/boltons,51,boltons.cacheutils.LRI.__repr__,2,44,0,0.0,0,False,<external_root>/testRepoSummaryOut/DevEval/Utilities/boltons/graph_results_all/task_51_ori.gml
Utilities/boltons,52,boltons.cacheutils.LRI._get_flattened_ll,4,5,0,0.0,0,False,<external_root>/testRepoSummaryOut/DevEval/Utilities/boltons/graph_results_all/task_52_ori.gml
Utilities/boltons,53,boltons.dictutils.OneToOne.popitem,1,12,0,0.0,0,False,<external_root>/testRepoSummaryOut/DevEval/Utilities/boltons/graph_results_all/task_53_ori.gml
Utilities/boltons,54,boltons.socketutils.BufferedSocket.recv_close,9,25,6,0.6666666666666666,6,False,<external_root>/testRepoSummaryOut/DevEval/Utilities/boltons/graph_results_all/task_54_ori.gml
Utilities/boltons,55,boltons.setutils.IndexedSet.add,2,17,2,1.0,2,False,<external_root>/testRepoSummaryOut/DevEval/Utilities/boltons/graph_results_all/task_55_ori.gml
Utilities/boltons,56,boltons.ioutils.MultiFileReader.seek,1,8,0,0.0,0,False,<external_root>/testRepoSummaryOut/DevEval/Utilities/boltons/graph_results_all/task_56_ori.gml
Utilities/boltons,57,boltons.iterutils.chunked,1,17,1,1.0,1,False,<external_root>/testRepoSummaryOut/DevEval/Utilities/boltons/graph_results_all/task_57_ori.gml
Utilities/boltons,58,boltons.tbutils.ExceptionInfo.get_formatted,4,25,4,1.0,4,False,<external_root>/testRepoSummaryOut/DevEval/Utilities/boltons/graph_results_all/task_58_ori.gml
Utilities/boltons,59,boltons.dictutils.ManyToMany.iteritems,1,8,1,1.0,1,False,<external_root>/testRepoSummaryOut/DevEval/Utilities/boltons/graph_results_all/task_59_ori.gml
Utilities/boltons,60,boltons.socketutils.BufferedSocket.flush,2,31,2,1.0,2,False,<external_root>/testRepoSummaryOut/DevEval/Utilities/boltons/graph_results_all/task_60_ori.gml
Utilities/boltons,61,boltons.mathutils.Bits.as_hex,2,8,1,0.5,1,False,<external_root>/testRepoSummaryOut/DevEval/Utilities/boltons/graph_results_all/task_61_ori.gml
Utilities/boltons,62,boltons.ioutils.SpooledStringIO.tell,2,17,2,1.0,2,False,<external_root>/testRepoSummaryOut/DevEval/Utilities/boltons/graph_results_all/task_62_ori.gml
Utilities/boltons,63,boltons.socketutils.BufferedSocket.close,6,25,5,0.8333333333333334,5,False,<external_root>/testRepoSummaryOut/DevEval/Utilities/boltons/graph_results_all/task_63_ori.gml
Utilities/boltons,64,boltons.ioutils.SpooledBytesIO.len,4,14,3,0.75,3,False,<external_root>/testRepoSummaryOut/DevEval/Utilities/boltons/graph_results_all/task_64_ori.gml
Utilities/boltons,65,boltons.formatutils.split_format_str,1,7,1,1.0,1,False,<external_root>/testRepoSummaryOut/DevEval/Utilities/boltons/graph_results_all/task_65_ori.gml
Utilities/boltons,66,boltons.tableutils.Table.__repr__,2,35,2,1.0,2,False,<external_root>/testRepoSummaryOut/DevEval/Utilities/boltons/graph_results_all/task_66_ori.gml
Utilities/boltons,67,boltons.funcutils.FunctionBuilder.get_defaults_dict,3,10,3,1.0,3,False,<external_root>/testRepoSummaryOut/DevEval/Utilities/boltons/graph_results_all/task_67_ori.gml
Utilities/boltons,68,boltons.iterutils.remap,5,10,2,0.4,2,False,<external_root>/testRepoSummaryOut/DevEval/Utilities/boltons/graph_results_all/task_68_ori.gml
Utilities/boltons,69,boltons.ioutils.SpooledStringIO.seek,6,17,6,1.0,6,False,<external_root>/testRepoSummaryOut/DevEval/Utilities/boltons/graph_results_all/task_69_ori.gml
Utilities/boltons,70,boltons.iterutils.research,1,13,1,1.0,1,False,<external_root>/testRepoSummaryOut/DevEval/Utilities/boltons/graph_results_all/task_70_ori.gml
Utilities/boltons,71,boltons.dictutils.ManyToMany.remove,2,13,2,1.0,2,False,<external_root>/testRepoSummaryOut/DevEval/Utilities/boltons/graph_results_all/task_71_ori.gml
Utilities/boltons,72,boltons.funcutils.FunctionBuilder.from_func,4,9,1,0.25,1,False,<external_root>/testRepoSummaryOut/DevEval/Utilities/boltons/graph_results_all/task_72_ori.gml
Utilities/boltons,73,boltons.ioutils.MultiFileReader.read,3,11,3,1.0,3,False,<external_root>/testRepoSummaryOut/DevEval/Utilities/boltons/graph_results_all/task_73_ori.gml
Utilities/boltons,74,boltons.ioutils.SpooledStringIO.len,4,18,2,0.5,2,False,<external_root>/testRepoSummaryOut/DevEval/Utilities/boltons/graph_results_all/task_74_ori.gml
Utilities/boltons,75,boltons.tableutils.Table.to_text,4,32,3,0.75,3,False,<external_root>/testRepoSummaryOut/DevEval/Utilities/boltons/graph_results_all/task_75_ori.gml
Utilities/boltons,76,boltons.urlutils.URL.navigate,12,39,10,0.8333333333333334,10,False,<external_root>/testRepoSummaryOut/DevEval/Utilities/boltons/graph_results_all/task_76_ori.gml
Utilities/boltons,77,boltons.funcutils.FunctionBuilder.get_sig_str,6,27,5,0.8333333333333334,5,False,<external_root>/testRepoSummaryOut/DevEval/Utilities/boltons/graph_results_all/task_77_ori.gml
Utilities/boltons,78,boltons.strutils.asciify,1,7,0,0.0,0,False,<external_root>/testRepoSummaryOut/DevEval/Utilities/boltons/graph_results_all/task_78_ori.gml
Utilities/boltons,79,boltons.statsutils.Stats.get_histogram_counts,3,13,2,0.6666666666666666,2,False,<external_root>/testRepoSummaryOut/DevEval/Utilities/boltons/graph_results_all/task_79_ori.gml
Utilities/boltons,80,boltons.listutils.BarrelList.insert,3,15,3,1.0,3,False,<external_root>/testRepoSummaryOut/DevEval/Utilities/boltons/graph_results_all/task_80_ori.gml
Utilities/boltons,81,boltons.formatutils.infer_positional_format_args,1,8,0,0.0,0,False,<external_root>/testRepoSummaryOut/DevEval/Utilities/boltons/graph_results_all/task_81_ori.gml
Utilities/boltons,82,boltons.socketutils.BufferedSocket.buffer,2,31,2,1.0,2,False,<external_root>/testRepoSummaryOut/DevEval/Utilities/boltons/graph_results_all/task_82_ori.gml
Utilities/boltons,83,boltons.dictutils.OneToOne.clear,1,15,0,0.0,0,False,<external_root>/testRepoSummaryOut/DevEval/Utilities/boltons/graph_results_all/task_83_ori.gml
Utilities/boltons,84,boltons.cacheutils.MinIDMap.get,4,5,4,1.0,4,False,<external_root>/testRepoSummaryOut/DevEval/Utilities/boltons/graph_results_all/task_84_ori.gml
Utilities/boltons,85,boltons.socketutils.BufferedSocket.getrecvbuffer,2,25,2,1.0,2,False,<external_root>/testRepoSummaryOut/DevEval/Utilities/boltons/graph_results_all/task_85_ori.gml
Utilities/boltons,86,boltons.dictutils.OneToOne.pop,2,15,1,0.5,1,False,<external_root>/testRepoSummaryOut/DevEval/Utilities/boltons/graph_results_all/task_86_ori.gml
Utilities/boltons,87,boltons.iterutils.chunk_ranges,1,22,1,1.0,1,False,<external_root>/testRepoSummaryOut/DevEval/Utilities/boltons/graph_results_all/task_87_ori.gml
Utilities/boltons,88,boltons.urlutils.QueryParamDict.to_text,3,19,2,0.6666666666666666,2,False,<external_root>/testRepoSummaryOut/DevEval/Utilities/boltons/graph_results_all/task_88_ori.gml
Utilities/boltons,89,boltons.urlutils.URL.to_text,8,20,8,1.0,8,False,<external_root>/testRepoSummaryOut/DevEval/Utilities/boltons/graph_results_all/task_89_ori.gml
Utilities/boltons,90,boltons.tbutils.ParsedException.from_string,4,26,1,0.5,2,False,<external_root>/testRepoSummaryOut/DevEval/Utilities/boltons/graph_results_all/task_90_ori.gml
Utilities/boltons,91,boltons.setutils.IndexedSet.pop,6,19,6,1.0,6,False,<external_root>/testRepoSummaryOut/DevEval/Utilities/boltons/graph_results_all/task_91_ori.gml
Utilities/boltons,92,boltons.mathutils.Bits.from_hex,2,8,1,0.5,1,False,<external_root>/testRepoSummaryOut/DevEval/Utilities/boltons/graph_results_all/task_92_ori.gml
Utilities/boltons,93,boltons.dictutils.ManyToMany.update,3,9,3,1.0,3,False,<external_root>/testRepoSummaryOut/DevEval/Utilities/boltons/graph_results_all/task_93_ori.gml
Utilities/boltons,94,boltons.tableutils.Table.from_object,4,8,2,0.5,2,False,<external_root>/testRepoSummaryOut/DevEval/Utilities/boltons/graph_results_all/task_94_ori.gml
Utilities/boltons,95,boltons.ioutils.SpooledBytesIO.write,7,10,4,0.5714285714285714,4,False,<external_root>/testRepoSummaryOut/DevEval/Utilities/boltons/graph_results_all/task_95_ori.gml
Utilities/boltons,96,boltons.cacheutils.LRI.clear,2,7,2,1.0,2,False,<external_root>/testRepoSummaryOut/DevEval/Utilities/boltons/graph_results_all/task_96_ori.gml
Utilities/boltons,97,boltons.funcutils.FunctionBuilder.get_invocation_str,6,8,3,0.5,3,False,<external_root>/testRepoSummaryOut/DevEval/Utilities/boltons/graph_results_all/task_97_ori.gml
Utilities/boltons,98,boltons.cacheutils.ThresholdCounter.update,3,5,1,0.3333333333333333,1,False,<external_root>/testRepoSummaryOut/DevEval/Utilities/boltons/graph_results_all/task_98_ori.gml
Utilities/boltons,99,boltons.strutils.strip_ansi,3,9,2,0.6666666666666666,2,False,<external_root>/testRepoSummaryOut/DevEval/Utilities/boltons/graph_results_all/task_99_ori.gml
Utilities/boltons,100,boltons.urlutils.URL.path,2,20,2,1.0,2,False,<external_root>/testRepoSummaryOut/DevEval/Utilities/boltons/graph_results_all/task_100_ori.gml
Utilities/boltons,101,boltons.iterutils.get_path,5,28,2,0.4,2,False,<external_root>/testRepoSummaryOut/DevEval/Utilities/boltons/graph_results_all/task_101_ori.gml
Utilities/boltons,102,boltons.ioutils.SpooledBytesIO.seek,2,13,1,0.5,1,False,<external_root>/testRepoSummaryOut/DevEval/Utilities/boltons/graph_results_all/task_102_ori.gml
Utilities/boltons,103,boltons.tbutils.TracebackInfo.from_traceback,3,31,1,0.3333333333333333,1,False,<external_root>/testRepoSummaryOut/DevEval/Utilities/boltons/graph_results_all/task_103_ori.gml
Utilities/gunicorn,1,gunicorn.config.validate_callable,0,19,0,,0,False,<external_root>/testRepoSummaryOut/DevEval/Utilities/gunicorn/graph_results_all/task_1_ori.gml
Utilities/gunicorn,2,gunicorn.config.get_default_config_file,0,35,0,,0,False,<external_root>/testRepoSummaryOut/DevEval/Utilities/gunicorn/graph_results_all/task_2_ori.gml
Utilities/gunicorn,3,gunicorn.util.is_ipv6,0,22,0,,0,False,<external_root>/testRepoSummaryOut/DevEval/Utilities/gunicorn/graph_results_all/task_3_ori.gml
Utilities/gunicorn,4,gunicorn.systemd.listen_fds,0,18,0,,0,False,<external_root>/testRepoSummaryOut/DevEval/Utilities/gunicorn/graph_results_all/task_4_ori.gml
Utilities/gunicorn,5,gunicorn.util.http_date,0,6,0,,0,False,<external_root>/testRepoSummaryOut/DevEval/Utilities/gunicorn/graph_results_all/task_5_ori.gml
Utilities/gunicorn,6,gunicorn.util.parse_address,0,31,0,,0,False,<external_root>/testRepoSummaryOut/DevEval/Utilities/gunicorn/graph_results_all/task_6_ori.gml
Utilities/gunicorn,7,gunicorn.util.to_bytestring,0,6,0,,0,False,<external_root>/testRepoSummaryOut/DevEval/Utilities/gunicorn/graph_results_all/task_7_ori.gml
Utilities/gunicorn,8,gunicorn.util.warn,0,12,0,,0,False,<external_root>/testRepoSummaryOut/DevEval/Utilities/gunicorn/graph_results_all/task_8_ori.gml
Utilities/gunicorn,9,gunicorn.util.split_request_uri,0,9,0,,0,False,<external_root>/testRepoSummaryOut/DevEval/Utilities/gunicorn/graph_results_all/task_9_ori.gml
Utilities/gunicorn,10,gunicorn.config.Config.__str__,1,17,1,1.0,1,False,<external_root>/testRepoSummaryOut/DevEval/Utilities/gunicorn/graph_results_all/task_10_ori.gml
Utilities/gunicorn,11,gunicorn.config.Config.logger_class,5,14,1,0.2,1,False,<external_root>/testRepoSummaryOut/DevEval/Utilities/gunicorn/graph_results_all/task_11_ori.gml
Utilities/gunicorn,12,gunicorn.http.unreader.Unreader.unread,1,18,1,1.0,1,False,<external_root>/testRepoSummaryOut/DevEval/Utilities/gunicorn/graph_results_all/task_12_ori.gml
Utilities/gunicorn,13,gunicorn.http.body.Body.read,4,5,0,0.0,0,False,<external_root>/testRepoSummaryOut/DevEval/Utilities/gunicorn/graph_results_all/task_13_ori.gml
Utilities/gunicorn,14,gunicorn.http.body.LengthReader.read,4,18,4,1.0,4,False,<external_root>/testRepoSummaryOut/DevEval/Utilities/gunicorn/graph_results_all/task_14_ori.gml
Utilities/gunicorn,15,gunicorn.http.unreader.IterUnreader.chunk,1,11,0,0.0,0,False,<external_root>/testRepoSummaryOut/DevEval/Utilities/gunicorn/graph_results_all/task_15_ori.gml
Utilities/gunicorn,16,gunicorn.config.Config.worker_class,3,16,1,0.3333333333333333,1,False,<external_root>/testRepoSummaryOut/DevEval/Utilities/gunicorn/graph_results_all/task_16_ori.gml
Utilities/gunicorn,17,gunicorn.instrument.statsd.Statsd.critical,3,25,2,0.6666666666666666,2,False,<external_root>/testRepoSummaryOut/DevEval/Utilities/gunicorn/graph_results_all/task_17_ori.gml
Utilities/gunicorn,18,gunicorn.config.Config.address,1,13,1,1.0,1,False,<external_root>/testRepoSummaryOut/DevEval/Utilities/gunicorn/graph_results_all/task_18_ori.gml
Utilities/gunicorn,19,gunicorn.config.Config.set,2,7,1,0.5,1,False,<external_root>/testRepoSummaryOut/DevEval/Utilities/gunicorn/graph_results_all/task_19_ori.gml
Utilities/gunicorn,20,gunicorn.http.body.EOFReader.read,4,18,1,0.25,1,False,<external_root>/testRepoSummaryOut/DevEval/Utilities/gunicorn/graph_results_all/task_20_ori.gml
Utilities/gunicorn,21,gunicorn.http.unreader.Unreader.read,2,18,1,0.5,1,False,<external_root>/testRepoSummaryOut/DevEval/Utilities/gunicorn/graph_results_all/task_21_ori.gml
Utilities/gunicorn,22,gunicorn.sock.create_sockets,4,22,1,0.25,1,False,<external_root>/testRepoSummaryOut/DevEval/Utilities/gunicorn/graph_results_all/task_22_ori.gml
Utilities/gunicorn,23,gunicorn.instrument.statsd.Statsd.access,4,23,3,0.75,3,False,<external_root>/testRepoSummaryOut/DevEval/Utilities/gunicorn/graph_results_all/task_23_ori.gml
Utilities/jc,1,jc.cli.JcCli.json_out,0,13,0,,0,False,<external_root>/testRepoSummaryOut/DevEval/Utilities/jc/graph_results_all/task_1_ori.gml
Utilities/jc,2,jc.parsers.xrandr._parse_mode,4,7,1,0.25,1,False,<external_root>/testRepoSummaryOut/DevEval/Utilities/jc/graph_results_all/task_2_ori.gml
Utilities/jc,3,jc.cli.JcCli.about_jc,14,27,5,0.35714285714285715,5,False,<external_root>/testRepoSummaryOut/DevEval/Utilities/jc/graph_results_all/task_3_ori.gml
Utilities/jc,4,jc.cli.JcCli.yaml_out,2,31,0,0.0,0,False,<external_root>/testRepoSummaryOut/DevEval/Utilities/jc/graph_results_all/task_4_ori.gml
Utilities/jc,5,jc.parsers.xrandr._parse_screen,4,7,2,0.5,2,False,<external_root>/testRepoSummaryOut/DevEval/Utilities/jc/graph_results_all/task_5_ori.gml
Utilities/jc,6,jc.parsers.xrandr._parse_model,9,7,1,0.1111111111111111,1,False,<external_root>/testRepoSummaryOut/DevEval/Utilities/jc/graph_results_all/task_6_ori.gml
Utilities/jc,7,jc.parsers.os_release.parse,9,7,3,0.3333333333333333,3,False,<external_root>/testRepoSummaryOut/DevEval/Utilities/jc/graph_results_all/task_7_ori.gml
Utilities/mackup,1,mackup.utils.error,0,13,0,,0,False,<external_root>/testRepoSummaryOut/DevEval/Utilities/mackup/graph_results_all/task_1_ori.gml
Utilities/mackup,2,mackup.utils.is_process_running,0,14,0,,0,False,<external_root>/testRepoSummaryOut/DevEval/Utilities/mackup/graph_results_all/task_2_ori.gml
Utilities/mackup,3,mackup.utils.get_dropbox_folder_location,3,18,2,0.6666666666666666,2,False,<external_root>/testRepoSummaryOut/DevEval/Utilities/mackup/graph_results_all/task_3_ori.gml
Utilities/mackup,4,mackup.utils.can_file_be_synced_on_current_platform,2,19,0,0.0,0,False,<external_root>/testRepoSummaryOut/DevEval/Utilities/mackup/graph_results_all/task_4_ori.gml
Utilities/mackup,5,mackup.utils.copy,1,12,1,1.0,1,False,<external_root>/testRepoSummaryOut/DevEval/Utilities/mackup/graph_results_all/task_5_ori.gml
Utilities/mackup,6,mackup.utils.delete,2,12,2,1.0,2,False,<external_root>/testRepoSummaryOut/DevEval/Utilities/mackup/graph_results_all/task_6_ori.gml
Utilities/mackup,7,mackup.utils.get_copy_folder_location,3,18,2,0.6666666666666666,2,False,<external_root>/testRepoSummaryOut/DevEval/Utilities/mackup/graph_results_all/task_7_ori.gml
Utilities/mmcv,1,mmcv.image.colorspace._convert_input_type_range,0,33,0,,0,False,<external_root>/testRepoSummaryOut/DevEval/Utilities/mmcv/graph_results_all/task_1_ori.gml
Utilities/mmcv,2,mmcv.image.colorspace._convert_output_type_range,0,25,0,,0,False,<external_root>/testRepoSummaryOut/DevEval/Utilities/mmcv/graph_results_all/task_2_ori.gml
Utilities/mmcv,3,mmcv.transforms.wrappers.TransformBroadcaster.__repr__,6,44,5,0.8333333333333334,5,False,<external_root>/testRepoSummaryOut/DevEval/Utilities/mmcv/graph_results_all/task_3_ori.gml
Utilities/mmcv,4,mmcv.transforms.wrappers.KeyMapper.__repr__,5,41,0,0.0,0,False,<external_root>/testRepoSummaryOut/DevEval/Utilities/mmcv/graph_results_all/task_4_ori.gml
Utilities/praw,1,praw.models.listing.listing.ModNoteListing.after,0,18,0,,0,False,<external_root>/testRepoSummaryOut/DevEval/Utilities/praw/graph_results_all/task_1_ori.gml
Utilities/praw,2,praw.models.util.permissions_string,0,11,0,,0,False,<external_root>/testRepoSummaryOut/DevEval/Utilities/praw/graph_results_all/task_2_ori.gml
Utilities/praw,3,praw.util.token_manager.SQLiteTokenManager.is_registered,2,26,2,1.0,2,False,<external_root>/testRepoSummaryOut/DevEval/Utilities/praw/graph_results_all/task_3_ori.gml
Utilities/praw,4,praw.models.util.BoundedSet.add,3,6,3,1.0,3,False,<external_root>/testRepoSummaryOut/DevEval/Utilities/praw/graph_results_all/task_4_ori.gml
Utilities/praw,5,praw.util.token_manager.FileTokenManager.post_refresh_callback,1,20,1,1.0,1,False,<external_root>/testRepoSummaryOut/DevEval/Utilities/praw/graph_results_all/task_5_ori.gml
Utilities/praw,6,praw.exceptions.RedditErrorItem.error_message,3,11,3,1.0,3,False,<external_root>/testRepoSummaryOut/DevEval/Utilities/praw/graph_results_all/task_6_ori.gml
Utilities/praw,7,praw.models.listing.generator.ListingGenerator._extract_sublist,3,6,0,0.0,0,False,<external_root>/testRepoSummaryOut/DevEval/Utilities/praw/graph_results_all/task_7_ori.gml
Utilities/praw,8,praw.models.util.ExponentialCounter.counter,2,7,2,1.0,2,False,<external_root>/testRepoSummaryOut/DevEval/Utilities/praw/graph_results_all/task_8_ori.gml
Utilities/praw,9,praw.util.token_manager.FileTokenManager.pre_refresh_callback,1,21,1,1.0,1,False,<external_root>/testRepoSummaryOut/DevEval/Utilities/praw/graph_results_all/task_9_ori.gml
Utilities/praw,10,praw.exceptions.RedditErrorItem.__repr__,3,29,3,1.0,3,False,<external_root>/testRepoSummaryOut/DevEval/Utilities/praw/graph_results_all/task_10_ori.gml
Utilities/praw,11,praw.util.token_manager.SQLiteTokenManager._get,2,20,2,1.0,2,False,<external_root>/testRepoSummaryOut/DevEval/Utilities/praw/graph_results_all/task_11_ori.gml
Utilities/praw,12,praw.util.token_manager.SQLiteTokenManager.post_refresh_callback,1,20,1,1.0,1,False,<external_root>/testRepoSummaryOut/DevEval/Utilities/praw/graph_results_all/task_12_ori.gml
Utilities/praw,13,praw.util.token_manager.SQLiteTokenManager.pre_refresh_callback,1,26,1,1.0,1,False,<external_root>/testRepoSummaryOut/DevEval/Utilities/praw/graph_results_all/task_13_ori.gml
Utilities/praw,14,praw.util.token_manager.SQLiteTokenManager.register,2,24,2,1.0,2,False,<external_root>/testRepoSummaryOut/DevEval/Utilities/praw/graph_results_all/task_14_ori.gml
Utilities/pymusic-dl,1,music_dl.utils.colorize,1,15,0,0.0,0,False,<external_root>/testRepoSummaryOut/DevEval/Utilities/pymusic-dl/graph_results_all/task_1_ori.gml
Utilities/pymusic-dl,2,music_dl.source.MusicSource.search,7,35,6,0.8571428571428571,6,False,<external_root>/testRepoSummaryOut/DevEval/Utilities/pymusic-dl/graph_results_all/task_2_ori.gml
Utilities/sacred,1,sacred.metrics_logger.linearize_metrics,0,9,0,,0,False,<external_root>/testRepoSummaryOut/DevEval/Utilities/sacred/graph_results_all/task_1_ori.gml
Utilities/sacred,2,sacred.utils.set_by_dotted_path,0,13,0,,0,False,<external_root>/testRepoSummaryOut/DevEval/Utilities/sacred/graph_results_all/task_2_ori.gml
Utilities/sacred,3,sacred.utils.get_by_dotted_path,0,11,0,,0,False,<external_root>/testRepoSummaryOut/DevEval/Utilities/sacred/graph_results_all/task_3_ori.gml
Utilities/sacred,4,sacred.utils.is_prefix,0,13,0,,0,False,<external_root>/testRepoSummaryOut/DevEval/Utilities/sacred/graph_results_all/task_4_ori.gml
Utilities/sacred,5,sacred.utils.get_inheritors,0,9,0,,0,False,<external_root>/testRepoSummaryOut/DevEval/Utilities/sacred/graph_results_all/task_5_ori.gml
Utilities/sacred,6,sacred.utils.convert_camel_case_to_snake_case,0,9,0,,0,False,<external_root>/testRepoSummaryOut/DevEval/Utilities/sacred/graph_results_all/task_6_ori.gml
Utilities/sacred,7,sacred.utils.module_exists,0,21,0,,0,False,<external_root>/testRepoSummaryOut/DevEval/Utilities/sacred/graph_results_all/task_7_ori.gml
Utilities/sacred,8,sacred.utils.apply_backspaces_and_linefeeds,0,11,0,,0,False,<external_root>/testRepoSummaryOut/DevEval/Utilities/sacred/graph_results_all/task_8_ori.gml
Utilities/sacred,9,sacred.commands.help_for_command,0,14,0,,0,False,<external_root>/testRepoSummaryOut/DevEval/Utilities/sacred/graph_results_all/task_9_ori.gml
Utilities/sacred,10,sacred.optional.optional_import,0,19,0,,0,False,<external_root>/testRepoSummaryOut/DevEval/Utilities/sacred/graph_results_all/task_10_ori.gml
Utilities/sacred,11,sacred.dependencies.get_py_file_if_possible,0,23,0,,0,False,<external_root>/testRepoSummaryOut/DevEval/Utilities/sacred/graph_results_all/task_11_ori.gml
Utilities/sacred,12,sacred.config.custom_containers.DogmaticDict.update,0,11,0,,0,False,<external_root>/testRepoSummaryOut/DevEval/Utilities/sacred/graph_results_all/task_12_ori.gml
Utilities/sacred,13,sacred.config.config_scope.is_empty_or_comment,0,12,0,,0,False,<external_root>/testRepoSummaryOut/DevEval/Utilities/sacred/graph_results_all/task_13_ori.gml
Utilities/sacred,14,sacred.config.config_scope.dedent_line,0,12,0,,0,False,<external_root>/testRepoSummaryOut/DevEval/Utilities/sacred/graph_results_all/task_14_ori.gml
Utilities/sacred,15,sacred.experiment.Experiment.main,2,17,1,0.5,1,False,<external_root>/testRepoSummaryOut/DevEval/Utilities/sacred/graph_results_all/task_15_ori.gml
Utilities/sacred,16,sacred.config.custom_containers.DogmaticDict.get,1,9,1,1.0,1,False,<external_root>/testRepoSummaryOut/DevEval/Utilities/sacred/graph_results_all/task_16_ori.gml
Utilities/sacred,17,sacred.config.config_scope.dedent_function_body,1,10,1,1.0,1,False,<external_root>/testRepoSummaryOut/DevEval/Utilities/sacred/graph_results_all/task_17_ori.gml
Utilities/sacred,18,sacred.ingredient.Ingredient.gather_commands,4,15,1,0.25,1,False,<external_root>/testRepoSummaryOut/DevEval/Utilities/sacred/graph_results_all/task_18_ori.gml
Utilities/sacred,19,sacred.utils.format_sacred_error,4,13,1,0.25,1,False,<external_root>/testRepoSummaryOut/DevEval/Utilities/sacred/graph_results_all/task_19_ori.gml
Utilities/sacred,20,sacred.utils.iterate_flattened,2,13,0,0.0,0,False,<external_root>/testRepoSummaryOut/DevEval/Utilities/sacred/graph_results_all/task_20_ori.gml
Utilities/sacred,21,sacred.ingredient.Ingredient.named_config,3,23,1,0.3333333333333333,1,False,<external_root>/testRepoSummaryOut/DevEval/Utilities/sacred/graph_results_all/task_21_ori.gml
Utilities/sacred,22,sacred.host_info.host_info_getter,1,17,0,0.0,0,False,<external_root>/testRepoSummaryOut/DevEval/Utilities/sacred/graph_results_all/task_22_ori.gml
Utilities/sacred,23,sacred.ingredient.Ingredient.gather_named_configs,4,13,2,0.5,2,False,<external_root>/testRepoSummaryOut/DevEval/Utilities/sacred/graph_results_all/task_23_ori.gml
Utilities/sacred,24,sacred.utils.convert_to_nested_dict,2,13,2,1.0,2,False,<external_root>/testRepoSummaryOut/DevEval/Utilities/sacred/graph_results_all/task_24_ori.gml
Utilities/sacred,25,sacred.utils.iterate_flattened_separately,4,7,1,0.25,1,False,<external_root>/testRepoSummaryOut/DevEval/Utilities/sacred/graph_results_all/task_25_ori.gml
Utilities/sacred,26,sacred.utils.recursive_update,1,10,0,0.0,0,False,<external_root>/testRepoSummaryOut/DevEval/Utilities/sacred/graph_results_all/task_26_ori.gml
Utilities/sacred,27,sacred.config.signature.Signature.get_free_parameters,1,12,1,1.0,1,False,<external_root>/testRepoSummaryOut/DevEval/Utilities/sacred/graph_results_all/task_27_ori.gml
Utilities/sacred,28,sacred.dependencies.PackageDependency.create,2,17,0,0.5,1,False,<external_root>/testRepoSummaryOut/DevEval/Utilities/sacred/graph_results_all/task_28_ori.gml
Utilities/sacred,29,sacred.dependencies.Source.to_json,2,23,1,0.5,1,False,<external_root>/testRepoSummaryOut/DevEval/Utilities/sacred/graph_results_all/task_29_ori.gml
Utilities/sacred,30,sacred.utils.rel_path,1,7,1,1.0,1,False,<external_root>/testRepoSummaryOut/DevEval/Utilities/sacred/graph_results_all/task_30_ori.gml
Utilities/sacred,31,sacred.config.config_files.load_config_file,3,13,1,0.3333333333333333,1,False,<external_root>/testRepoSummaryOut/DevEval/Utilities/sacred/graph_results_all/task_31_ori.gml
Utilities/sacred,32,sacred.config.custom_containers.make_read_only,5,12,0,0.0,0,False,<external_root>/testRepoSummaryOut/DevEval/Utilities/sacred/graph_results_all/task_32_ori.gml
Utilities/sacred,33,sacred.dependencies.is_local_source,1,19,1,1.0,1,False,<external_root>/testRepoSummaryOut/DevEval/Utilities/sacred/graph_results_all/task_33_ori.gml
Utilities/sacred,34,sacred.arg_parser._convert_value,2,7,1,0.5,1,False,<external_root>/testRepoSummaryOut/DevEval/Utilities/sacred/graph_results_all/task_34_ori.gml
Utilities/sacred,35,sacred.config.signature.Signature.construct_arguments,6,15,6,1.0,6,False,<external_root>/testRepoSummaryOut/DevEval/Utilities/sacred/graph_results_all/task_35_ori.gml
Utilities/sacred,36,sacred.config.custom_containers.DogmaticDict.revelation,4,12,1,0.25,1,False,<external_root>/testRepoSummaryOut/DevEval/Utilities/sacred/graph_results_all/task_36_ori.gml
Utilities/sacred,37,sacred.utils.get_package_version,1,7,1,1.0,1,False,<external_root>/testRepoSummaryOut/DevEval/Utilities/sacred/graph_results_all/task_37_ori.gml
Utilities/sacred,38,sacred.dependencies.Source.create,4,10,2,0.5,2,False,<external_root>/testRepoSummaryOut/DevEval/Utilities/sacred/graph_results_all/task_38_ori.gml
Utilities/sacred,39,sacred.ingredient.Ingredient.config,3,22,0,0.0,0,False,<external_root>/testRepoSummaryOut/DevEval/Utilities/sacred/graph_results_all/task_39_ori.gml
Utilities/sacred,40,sacred.ingredient.Ingredient.command,3,21,1,0.3333333333333333,1,False,<external_root>/testRepoSummaryOut/DevEval/Utilities/sacred/graph_results_all/task_40_ori.gml
Utilities/sacred,41,sacred.dependencies.gather_sources_and_dependencies,8,23,2,0.25,2,False,<external_root>/testRepoSummaryOut/DevEval/Utilities/sacred/graph_results_all/task_41_ori.gml
Utilities/sacred,42,sacred.experiment.Experiment.run,2,11,1,0.5,1,False,<external_root>/testRepoSummaryOut/DevEval/Utilities/sacred/graph_results_all/task_42_ori.gml
Utilities/sacred,43,sacred.utils.iter_prefixes,1,9,1,1.0,1,False,<external_root>/testRepoSummaryOut/DevEval/Utilities/sacred/graph_results_all/task_43_ori.gml
Utilities/sacred,44,sacred.observers.file_storage.FileStorageObserver.resource_event,4,9,1,0.25,1,False,<external_root>/testRepoSummaryOut/DevEval/Utilities/sacred/graph_results_all/task_44_ori.gml
Utilities/stellar,1,stellar.operations._get_pid_column,0,17,0,,0,False,<external_root>/testRepoSummaryOut/DevEval/Utilities/stellar/graph_results_all/task_1_ori.gml
Utilities/stellar,2,stellar.models.Table.get_table_name,2,25,0,0.0,0,False,<external_root>/testRepoSummaryOut/DevEval/Utilities/stellar/graph_results_all/task_2_ori.gml
Utilities/whereami,1,whereami.predict.crossval,2,23,2,1.0,2,False,<external_root>/testRepoSummaryOut/DevEval/Utilities/whereami/graph_results_all/task_1_ori.gml
