project_name,project_dir,metric_type,k,P,R,F1,match,pred,gt,tasks
chatette,Communications/chatette,signature,5,0.050505050505050504,0.06097560975609756,0.05524861878453039,5,99,82,22
chatette,Communications/chatette,signature,10,0.04326923076923077,0.10975609756097561,0.06206896551724137,9,208,82,22
chatette,Communications/chatette,signature,15,0.031446540880503145,0.12195121951219512,0.05,10,318,82,22
chatette,Communications/chatette,signature,20,0.02570093457943925,0.13414634146341464,0.043137254901960784,11,428,82,22
chatette,Communications/chatette,code,5,0.07291666666666667,0.08536585365853659,0.07865168539325844,7,96,82,22
chatette,Communications/chatette,code,10,0.04854368932038835,0.12195121951219512,0.06944444444444445,10,206,82,22
chatette,Communications/chatette,code,15,0.04113924050632911,0.15853658536585366,0.06532663316582914,13,316,82,22
chatette,Communications/chatette,code,20,0.03294117647058824,0.17073170731707318,0.05522682445759369,14,425,82,22
chatette,Communications/chatette,desc,5,0.07291666666666667,0.08536585365853659,0.07865168539325844,7,96,82,22
chatette,Communications/chatette,desc,10,0.043689320388349516,0.10975609756097561,0.0625,9,206,82,22
chatette,Communications/chatette,desc,15,0.028481012658227847,0.10975609756097561,0.045226130653266326,9,316,82,22
chatette,Communications/chatette,desc,20,0.023529411764705882,0.12195121951219512,0.03944773175542406,10,425,82,22
ehforwarderbot,Communications/ehforwarderbot,signature,5,0.47619047619047616,0.5,0.4878048780487805,10,21,20,5
ehforwarderbot,Communications/ehforwarderbot,signature,10,0.2826086956521739,0.65,0.3939393939393939,13,46,20,5
ehforwarderbot,Communications/ehforwarderbot,signature,15,0.18309859154929578,0.65,0.28571428571428575,13,71,20,5
ehforwarderbot,Communications/ehforwarderbot,signature,20,0.13541666666666666,0.65,0.22413793103448273,13,96,20,5
ehforwarderbot,Communications/ehforwarderbot,code,5,0.55,0.55,0.55,11,20,20,5
ehforwarderbot,Communications/ehforwarderbot,code,10,0.3111111111111111,0.7,0.43076923076923074,14,45,20,5
ehforwarderbot,Communications/ehforwarderbot,code,15,0.21428571428571427,0.75,0.3333333333333333,15,70,20,5
ehforwarderbot,Communications/ehforwarderbot,code,20,0.16842105263157894,0.8,0.2782608695652174,16,95,20,5
ehforwarderbot,Communications/ehforwarderbot,desc,5,0.5,0.5,0.5,10,20,20,5
ehforwarderbot,Communications/ehforwarderbot,desc,10,0.28888888888888886,0.65,0.39999999999999997,13,45,20,5
ehforwarderbot,Communications/ehforwarderbot,desc,15,0.18571428571428572,0.65,0.28888888888888886,13,70,20,5
ehforwarderbot,Communications/ehforwarderbot,desc,20,0.1368421052631579,0.65,0.22608695652173913,13,95,20,5
hbmqtt,Communications/hbmqtt,signature,5,0.0,0.0,0.0,0,12,2,3
hbmqtt,Communications/hbmqtt,signature,10,0.0,0.0,0.0,0,27,2,3
hbmqtt,Communications/hbmqtt,signature,15,0.023809523809523808,0.5,0.04545454545454545,1,42,2,3
hbmqtt,Communications/hbmqtt,signature,20,0.03508771929824561,1.0,0.06779661016949151,2,57,2,3
hbmqtt,Communications/hbmqtt,code,5,0.16666666666666666,1.0,0.2857142857142857,2,12,2,3
hbmqtt,Communications/hbmqtt,code,10,0.07407407407407407,1.0,0.13793103448275862,2,27,2,3
hbmqtt,Communications/hbmqtt,code,15,0.047619047619047616,1.0,0.0909090909090909,2,42,2,3
hbmqtt,Communications/hbmqtt,code,20,0.03508771929824561,1.0,0.06779661016949151,2,57,2,3
hbmqtt,Communications/hbmqtt,desc,5,0.0,0.0,0.0,0,12,2,3
hbmqtt,Communications/hbmqtt,desc,10,0.037037037037037035,0.5,0.06896551724137931,1,27,2,3
hbmqtt,Communications/hbmqtt,desc,15,0.023809523809523808,0.5,0.04545454545454545,1,42,2,3
hbmqtt,Communications/hbmqtt,desc,20,0.017543859649122806,0.5,0.033898305084745756,1,57,2,3
hl7,Communications/hl7,signature,5,0.03571428571428571,0.045454545454545456,0.04,1,28,22,7
hl7,Communications/hl7,signature,10,0.15873015873015872,0.45454545454545453,0.23529411764705885,10,63,22,7
hl7,Communications/hl7,signature,15,0.10204081632653061,0.45454545454545453,0.16666666666666669,10,98,22,7
hl7,Communications/hl7,signature,20,0.08270676691729323,0.5,0.14193548387096774,11,133,22,7
hl7,Communications/hl7,code,5,0.3448275862068966,0.45454545454545453,0.39215686274509803,10,29,22,7
hl7,Communications/hl7,code,10,0.15625,0.45454545454545453,0.2325581395348837,10,64,22,7
hl7,Communications/hl7,code,15,0.10101010101010101,0.45454545454545453,0.16528925619834708,10,99,22,7
hl7,Communications/hl7,code,20,0.08208955223880597,0.5,0.14102564102564102,11,134,22,7
hl7,Communications/hl7,desc,5,0.20689655172413793,0.2727272727272727,0.23529411764705882,6,29,22,7
hl7,Communications/hl7,desc,10,0.09375,0.2727272727272727,0.13953488372093023,6,64,22,7
hl7,Communications/hl7,desc,15,0.0707070707070707,0.3181818181818182,0.11570247933884296,7,99,22,7
hl7,Communications/hl7,desc,20,0.05263157894736842,0.3181818181818182,0.09032258064516127,7,133,22,7
IMAPClient,Communications/IMAPClient,signature,5,0.15827338129496402,0.18032786885245902,0.16858237547892718,22,139,122,33
IMAPClient,Communications/IMAPClient,signature,10,0.12251655629139073,0.30327868852459017,0.17452830188679244,37,302,122,33
IMAPClient,Communications/IMAPClient,signature,15,0.09227467811158799,0.3524590163934426,0.14625850340136054,43,466,122,33
IMAPClient,Communications/IMAPClient,signature,20,0.08095238095238096,0.4180327868852459,0.13563829787234044,51,630,122,33
IMAPClient,Communications/IMAPClient,code,5,0.11194029850746269,0.12295081967213115,0.1171875,15,134,122,33
IMAPClient,Communications/IMAPClient,code,10,0.07718120805369127,0.1885245901639344,0.10952380952380952,23,298,122,33
IMAPClient,Communications/IMAPClient,code,15,0.06479481641468683,0.2459016393442623,0.10256410256410257,30,463,122,33
IMAPClient,Communications/IMAPClient,code,20,0.052547770700636945,0.27049180327868855,0.08800000000000001,33,628,122,33
IMAPClient,Communications/IMAPClient,desc,5,0.14925373134328357,0.16393442622950818,0.15625,20,134,122,33
IMAPClient,Communications/IMAPClient,desc,10,0.11409395973154363,0.2786885245901639,0.1619047619047619,34,298,122,33
IMAPClient,Communications/IMAPClient,desc,15,0.07991360691144708,0.30327868852459017,0.1264957264957265,37,463,122,33
IMAPClient,Communications/IMAPClient,desc,20,0.06369426751592357,0.32786885245901637,0.10666666666666667,40,628,122,33
PySimpleSOAP,Communications/PySimpleSOAP,signature,5,0.75,0.6666666666666666,0.7058823529411765,6,8,9,2
PySimpleSOAP,Communications/PySimpleSOAP,signature,10,0.3333333333333333,0.6666666666666666,0.4444444444444444,6,18,9,2
PySimpleSOAP,Communications/PySimpleSOAP,signature,15,0.25,0.7777777777777778,0.3783783783783784,7,28,9,2
PySimpleSOAP,Communications/PySimpleSOAP,signature,20,0.18421052631578946,0.7777777777777778,0.2978723404255319,7,38,9,2
PySimpleSOAP,Communications/PySimpleSOAP,code,5,0.75,0.6666666666666666,0.7058823529411765,6,8,9,2
PySimpleSOAP,Communications/PySimpleSOAP,code,10,0.3888888888888889,0.7777777777777778,0.5185185185185185,7,18,9,2
PySimpleSOAP,Communications/PySimpleSOAP,code,15,0.25,0.7777777777777778,0.3783783783783784,7,28,9,2
PySimpleSOAP,Communications/PySimpleSOAP,code,20,0.18421052631578946,0.7777777777777778,0.2978723404255319,7,38,9,2
PySimpleSOAP,Communications/PySimpleSOAP,desc,5,0.625,0.5555555555555556,0.5882352941176471,5,8,9,2
PySimpleSOAP,Communications/PySimpleSOAP,desc,10,0.3888888888888889,0.7777777777777778,0.5185185185185185,7,18,9,2
PySimpleSOAP,Communications/PySimpleSOAP,desc,15,0.25,0.7777777777777778,0.3783783783783784,7,28,9,2
PySimpleSOAP,Communications/PySimpleSOAP,desc,20,0.18421052631578946,0.7777777777777778,0.2978723404255319,7,38,9,2
twilio-fatisar,Communications/twilio-fatisar,signature,5,0.022900763358778626,0.043478260869565216,0.030000000000000002,3,131,69,30
twilio-fatisar,Communications/twilio-fatisar,signature,10,0.021352313167259787,0.08695652173913043,0.03428571428571429,6,281,69,30
twilio-fatisar,Communications/twilio-fatisar,signature,15,0.016241299303944315,0.10144927536231885,0.028,7,431,69,30
twilio-fatisar,Communications/twilio-fatisar,signature,20,0.020654044750430294,0.17391304347826086,0.036923076923076927,12,581,69,30
twilio-fatisar,Communications/twilio-fatisar,code,5,0.06201550387596899,0.11594202898550725,0.0808080808080808,8,129,69,30
twilio-fatisar,Communications/twilio-fatisar,code,10,0.043010752688172046,0.17391304347826086,0.06896551724137931,12,279,69,30
twilio-fatisar,Communications/twilio-fatisar,code,15,0.03496503496503497,0.21739130434782608,0.060240963855421686,15,429,69,30
twilio-fatisar,Communications/twilio-fatisar,code,20,0.025906735751295335,0.21739130434782608,0.046296296296296294,15,579,69,30
twilio-fatisar,Communications/twilio-fatisar,desc,5,0.050724637681159424,0.10144927536231885,0.0676328502415459,7,138,69,30
twilio-fatisar,Communications/twilio-fatisar,desc,10,0.031578947368421054,0.13043478260869565,0.05084745762711864,9,285,69,30
twilio-fatisar,Communications/twilio-fatisar,desc,15,0.02304147465437788,0.14492753623188406,0.03976143141153081,10,434,69,30
twilio-fatisar,Communications/twilio-fatisar,desc,20,0.018867924528301886,0.15942028985507245,0.03374233128834356,11,583,69,30
twtxt,Communications/twtxt,signature,5,0.23529411764705882,0.47058823529411764,0.3137254901960785,8,34,17,8
twtxt,Communications/twtxt,signature,10,0.136986301369863,0.5882352941176471,0.22222222222222224,10,73,17,8
twtxt,Communications/twtxt,signature,15,0.09734513274336283,0.6470588235294118,0.1692307692307692,11,113,17,8
twtxt,Communications/twtxt,signature,20,0.07894736842105263,0.7058823529411765,0.1420118343195266,12,152,17,8
twtxt,Communications/twtxt,code,5,0.3125,0.5882352941176471,0.40816326530612246,10,32,17,8
twtxt,Communications/twtxt,code,10,0.1388888888888889,0.5882352941176471,0.22471910112359547,10,72,17,8
twtxt,Communications/twtxt,code,15,0.08928571428571429,0.5882352941176471,0.15503875968992248,10,112,17,8
twtxt,Communications/twtxt,code,20,0.06578947368421052,0.5882352941176471,0.11834319526627217,10,152,17,8
twtxt,Communications/twtxt,desc,5,0.3125,0.5882352941176471,0.40816326530612246,10,32,17,8
twtxt,Communications/twtxt,desc,10,0.16666666666666666,0.7058823529411765,0.2696629213483146,12,72,17,8
twtxt,Communications/twtxt,desc,15,0.10714285714285714,0.7058823529411765,0.18604651162790697,12,112,17,8
twtxt,Communications/twtxt,desc,20,0.07894736842105263,0.7058823529411765,0.1420118343195266,12,152,17,8
Wikipedia-API,Communications/Wikipedia-API,signature,5,0.06153846153846154,0.08163265306122448,0.07017543859649124,4,65,49,13
Wikipedia-API,Communications/Wikipedia-API,signature,10,0.03076923076923077,0.08163265306122448,0.0446927374301676,4,130,49,13
Wikipedia-API,Communications/Wikipedia-API,signature,15,0.03076923076923077,0.12244897959183673,0.049180327868852465,6,195,49,13
Wikipedia-API,Communications/Wikipedia-API,signature,20,0.023076923076923078,0.12244897959183673,0.03883495145631068,6,260,49,13
Wikipedia-API,Communications/Wikipedia-API,code,5,0.03076923076923077,0.04081632653061224,0.03508771929824562,2,65,49,13
Wikipedia-API,Communications/Wikipedia-API,code,10,0.023076923076923078,0.061224489795918366,0.0335195530726257,3,130,49,13
Wikipedia-API,Communications/Wikipedia-API,code,15,0.02564102564102564,0.10204081632653061,0.04098360655737705,5,195,49,13
Wikipedia-API,Communications/Wikipedia-API,code,20,0.023076923076923078,0.12244897959183673,0.03883495145631068,6,260,49,13
Wikipedia-API,Communications/Wikipedia-API,desc,5,0.015384615384615385,0.02040816326530612,0.01754385964912281,1,65,49,13
Wikipedia-API,Communications/Wikipedia-API,desc,10,0.015384615384615385,0.04081632653061224,0.0223463687150838,2,130,49,13
Wikipedia-API,Communications/Wikipedia-API,desc,15,0.010256410256410256,0.04081632653061224,0.01639344262295082,2,195,49,13
Wikipedia-API,Communications/Wikipedia-API,desc,20,0.015384615384615385,0.08163265306122448,0.025889967637540454,4,260,49,13
zulip-term,Communications/zulip-term,signature,5,0.18620689655172415,0.2755102040816326,0.2222222222222222,27,145,98,36
zulip-term,Communications/zulip-term,signature,10,0.10461538461538461,0.3469387755102041,0.1607565011820331,34,325,98,36
zulip-term,Communications/zulip-term,signature,15,0.07738095238095238,0.3979591836734694,0.12956810631229237,39,504,98,36
zulip-term,Communications/zulip-term,signature,20,0.06286549707602339,0.4387755102040816,0.10997442455242966,43,684,98,36
zulip-term,Communications/zulip-term,code,5,0.0915032679738562,0.14285714285714285,0.11155378486055775,14,153,98,36
zulip-term,Communications/zulip-term,code,10,0.06306306306306306,0.21428571428571427,0.09744779582366588,21,333,98,36
zulip-term,Communications/zulip-term,code,15,0.044921875,0.23469387755102042,0.07540983606557376,23,512,98,36
zulip-term,Communications/zulip-term,code,20,0.03468208092485549,0.24489795918367346,0.060759493670886074,24,692,98,36
zulip-term,Communications/zulip-term,desc,5,0.13333333333333333,0.20408163265306123,0.16129032258064516,20,150,98,36
zulip-term,Communications/zulip-term,desc,10,0.08231707317073171,0.2755102040816326,0.1267605633802817,27,328,98,36
zulip-term,Communications/zulip-term,desc,15,0.055226824457593686,0.2857142857142857,0.09256198347107437,28,507,98,36
zulip-term,Communications/zulip-term,desc,20,0.046579330422125184,0.32653061224489793,0.08152866242038216,32,687,98,36
alembic,Database/alembic,signature,5,0.09049773755656108,0.07874015748031496,0.08421052631578949,20,221,254,51
alembic,Database/alembic,signature,10,0.07725321888412018,0.14173228346456693,0.1,36,466,254,51
alembic,Database/alembic,signature,15,0.05825242718446602,0.16535433070866143,0.08615384615384615,42,721,254,51
alembic,Database/alembic,signature,20,0.05225409836065574,0.20078740157480315,0.08292682926829269,51,976,254,51
alembic,Database/alembic,code,5,0.01680672268907563,0.015748031496062992,0.016260162601626018,4,238,254,51
alembic,Database/alembic,code,10,0.014462809917355372,0.027559055118110236,0.01897018970189702,7,484,254,51
alembic,Database/alembic,code,15,0.021709633649932156,0.06299212598425197,0.03229061553985873,16,737,254,51
alembic,Database/alembic,code,20,0.020222446916076844,0.07874015748031496,0.03218020917135961,20,989,254,51
alembic,Database/alembic,desc,5,0.11255411255411256,0.10236220472440945,0.10721649484536083,26,231,254,51
alembic,Database/alembic,desc,10,0.07024793388429752,0.13385826771653545,0.0921409214092141,34,484,254,51
alembic,Database/alembic,desc,15,0.06377204884667571,0.18503937007874016,0.09485368314833502,47,737,254,51
alembic,Database/alembic,desc,20,0.054600606673407485,0.2125984251968504,0.08688656476267097,54,989,254,51
asyncpg,Database/asyncpg,signature,5,0.0,0.0,0.0,0,5,1,1
asyncpg,Database/asyncpg,signature,10,0.0,0.0,0.0,0,10,1,1
asyncpg,Database/asyncpg,signature,15,0.0,0.0,0.0,0,15,1,1
asyncpg,Database/asyncpg,signature,20,0.0,0.0,0.0,0,20,1,1
asyncpg,Database/asyncpg,code,5,0.0,0.0,0.0,0,5,1,1
asyncpg,Database/asyncpg,code,10,0.0,0.0,0.0,0,10,1,1
asyncpg,Database/asyncpg,code,15,0.0,0.0,0.0,0,15,1,1
asyncpg,Database/asyncpg,code,20,0.0,0.0,0.0,0,20,1,1
asyncpg,Database/asyncpg,desc,5,0.0,0.0,0.0,0,5,1,1
asyncpg,Database/asyncpg,desc,10,0.0,0.0,0.0,0,10,1,1
asyncpg,Database/asyncpg,desc,15,0.0,0.0,0.0,0,15,1,1
asyncpg,Database/asyncpg,desc,20,0.0,0.0,0.0,0,20,1,1
awesome-autodl,Database/awesome-autodl,signature,5,0.1,0.5,0.16666666666666669,1,10,2,2
awesome-autodl,Database/awesome-autodl,signature,10,0.1,1.0,0.18181818181818182,2,20,2,2
awesome-autodl,Database/awesome-autodl,signature,15,0.06666666666666667,1.0,0.125,2,30,2,2
awesome-autodl,Database/awesome-autodl,signature,20,0.05,1.0,0.09523809523809523,2,40,2,2
awesome-autodl,Database/awesome-autodl,code,5,0.0,0.0,0.0,0,10,2,2
awesome-autodl,Database/awesome-autodl,code,10,0.05,0.5,0.09090909090909091,1,20,2,2
awesome-autodl,Database/awesome-autodl,code,15,0.06666666666666667,1.0,0.125,2,30,2,2
awesome-autodl,Database/awesome-autodl,code,20,0.05,1.0,0.09523809523809523,2,40,2,2
awesome-autodl,Database/awesome-autodl,desc,5,0.1,0.5,0.16666666666666669,1,10,2,2
awesome-autodl,Database/awesome-autodl,desc,10,0.1,1.0,0.18181818181818182,2,20,2,2
awesome-autodl,Database/awesome-autodl,desc,15,0.06666666666666667,1.0,0.125,2,30,2,2
awesome-autodl,Database/awesome-autodl,desc,20,0.05,1.0,0.09523809523809523,2,40,2,2
bplustree,Database/bplustree,signature,5,0.23170731707317074,0.2261904761904762,0.2289156626506024,19,82,84,19
bplustree,Database/bplustree,signature,10,0.21022727272727273,0.44047619047619047,0.2846153846153846,37,176,84,19
bplustree,Database/bplustree,signature,15,0.14391143911439114,0.4642857142857143,0.21971830985915497,39,271,84,19
bplustree,Database/bplustree,signature,20,0.12295081967213115,0.5357142857142857,0.2,45,366,84,19
bplustree,Database/bplustree,code,5,0.11627906976744186,0.11904761904761904,0.1176470588235294,10,86,84,19
bplustree,Database/bplustree,code,10,0.11731843575418995,0.25,0.1596958174904943,21,179,84,19
bplustree,Database/bplustree,code,15,0.08888888888888889,0.2857142857142857,0.13559322033898305,24,270,84,19
bplustree,Database/bplustree,code,20,0.08767123287671233,0.38095238095238093,0.1425389755011136,32,365,84,19
bplustree,Database/bplustree,desc,5,0.23809523809523808,0.23809523809523808,0.23809523809523808,20,84,84,19
bplustree,Database/bplustree,desc,10,0.17613636363636365,0.36904761904761907,0.23846153846153847,31,176,84,19
bplustree,Database/bplustree,desc,15,0.12267657992565056,0.39285714285714285,0.1869688385269122,33,269,84,19
bplustree,Database/bplustree,desc,20,0.09917355371900827,0.42857142857142855,0.16107382550335575,36,363,84,19
csvs-to-sqlite,Database/csvs-to-sqlite,signature,5,0.125,0.3333333333333333,0.18181818181818182,1,8,3,2
csvs-to-sqlite,Database/csvs-to-sqlite,signature,10,0.1111111111111111,0.6666666666666666,0.1904761904761905,2,18,3,2
csvs-to-sqlite,Database/csvs-to-sqlite,signature,15,0.07142857142857142,0.6666666666666666,0.12903225806451613,2,28,3,2
csvs-to-sqlite,Database/csvs-to-sqlite,signature,20,0.05263157894736842,0.6666666666666666,0.09756097560975609,2,38,3,2
csvs-to-sqlite,Database/csvs-to-sqlite,code,5,0.1111111111111111,0.3333333333333333,0.16666666666666666,1,9,3,2
csvs-to-sqlite,Database/csvs-to-sqlite,code,10,0.05555555555555555,0.3333333333333333,0.09523809523809525,1,18,3,2
csvs-to-sqlite,Database/csvs-to-sqlite,code,15,0.07142857142857142,0.6666666666666666,0.12903225806451613,2,28,3,2
csvs-to-sqlite,Database/csvs-to-sqlite,code,20,0.05263157894736842,0.6666666666666666,0.09756097560975609,2,38,3,2
csvs-to-sqlite,Database/csvs-to-sqlite,desc,5,0.0,0.0,0.0,0,8,3,2
csvs-to-sqlite,Database/csvs-to-sqlite,desc,10,0.05555555555555555,0.3333333333333333,0.09523809523809525,1,18,3,2
csvs-to-sqlite,Database/csvs-to-sqlite,desc,15,0.03571428571428571,0.3333333333333333,0.06451612903225806,1,28,3,2
csvs-to-sqlite,Database/csvs-to-sqlite,desc,20,0.05263157894736842,0.6666666666666666,0.09756097560975609,2,38,3,2
datasette,Database/datasette,signature,5,0.05759162303664921,0.07586206896551724,0.06547619047619048,11,191,145,42
datasette,Database/datasette,signature,10,0.07231920199501247,0.2,0.10622710622710624,29,401,145,42
datasette,Database/datasette,signature,15,0.04746317512274959,0.2,0.07671957671957672,29,611,145,42
datasette,Database/datasette,signature,20,0.04024390243902439,0.22758620689655173,0.0683937823834197,33,820,145,42
datasette,Database/datasette,code,5,0.024875621890547265,0.034482758620689655,0.028901734104046246,5,201,145,42
datasette,Database/datasette,code,10,0.019704433497536946,0.05517241379310345,0.02903811252268602,8,406,145,42
datasette,Database/datasette,code,15,0.017915309446254073,0.07586206896551724,0.028985507246376815,11,614,145,42
datasette,Database/datasette,code,20,0.013398294762484775,0.07586206896551724,0.02277432712215321,11,821,145,42
datasette,Database/datasette,desc,5,0.07614213197969544,0.10344827586206896,0.08771929824561404,15,197,145,42
datasette,Database/datasette,desc,10,0.05172413793103448,0.14482758620689656,0.07622504537205081,21,406,145,42
datasette,Database/datasette,desc,15,0.03745928338762215,0.15862068965517243,0.06060606060606062,23,614,145,42
datasette,Database/datasette,desc,20,0.03527980535279805,0.2,0.05997931747673215,29,822,145,42
happybase,Database/happybase,signature,5,0.0,0.0,0.0,0,12,1,3
happybase,Database/happybase,signature,10,0.0,0.0,0.0,0,27,1,3
happybase,Database/happybase,signature,15,0.0,0.0,0.0,0,42,1,3
happybase,Database/happybase,signature,20,0.0,0.0,0.0,0,57,1,3
happybase,Database/happybase,code,5,0.0,0.0,0.0,0,12,1,3
happybase,Database/happybase,code,10,0.0,0.0,0.0,0,27,1,3
happybase,Database/happybase,code,15,0.0,0.0,0.0,0,42,1,3
happybase,Database/happybase,code,20,0.0,0.0,0.0,0,57,1,3
happybase,Database/happybase,desc,5,0.0,0.0,0.0,0,12,1,3
happybase,Database/happybase,desc,10,0.0,0.0,0.0,0,27,1,3
happybase,Database/happybase,desc,15,0.0,0.0,0.0,0,42,1,3
happybase,Database/happybase,desc,20,0.0,0.0,0.0,0,57,1,3
litecli,Database/litecli,signature,5,0.2,0.5,0.28571428571428575,4,20,8,5
litecli,Database/litecli,signature,10,0.15555555555555556,0.875,0.26415094339622647,7,45,8,5
litecli,Database/litecli,signature,15,0.11428571428571428,1.0,0.20512820512820512,8,70,8,5
litecli,Database/litecli,signature,20,0.08421052631578947,1.0,0.1553398058252427,8,95,8,5
litecli,Database/litecli,code,5,0.2,0.5,0.28571428571428575,4,20,8,5
litecli,Database/litecli,code,10,0.1111111111111111,0.625,0.18867924528301885,5,45,8,5
litecli,Database/litecli,code,15,0.07142857142857142,0.625,0.1282051282051282,5,70,8,5
litecli,Database/litecli,code,20,0.06315789473684211,0.75,0.11650485436893204,6,95,8,5
litecli,Database/litecli,desc,5,0.15,0.375,0.21428571428571425,3,20,8,5
litecli,Database/litecli,desc,10,0.06666666666666667,0.375,0.11320754716981134,3,45,8,5
litecli,Database/litecli,desc,15,0.07142857142857142,0.625,0.1282051282051282,5,70,8,5
litecli,Database/litecli,desc,20,0.05263157894736842,0.625,0.0970873786407767,5,95,8,5
mongoengine,Database/mongoengine,signature,5,0.0,0.0,0.0,0,4,1,1
mongoengine,Database/mongoengine,signature,10,0.1111111111111111,1.0,0.19999999999999998,1,9,1,1
mongoengine,Database/mongoengine,signature,15,0.07142857142857142,1.0,0.13333333333333333,1,14,1,1
mongoengine,Database/mongoengine,signature,20,0.05263157894736842,1.0,0.1,1,19,1,1
mongoengine,Database/mongoengine,code,5,0.2,1.0,0.33333333333333337,1,5,1,1
mongoengine,Database/mongoengine,code,10,0.1111111111111111,1.0,0.19999999999999998,1,9,1,1
mongoengine,Database/mongoengine,code,15,0.07142857142857142,1.0,0.13333333333333333,1,14,1,1
mongoengine,Database/mongoengine,code,20,0.05263157894736842,1.0,0.1,1,19,1,1
mongoengine,Database/mongoengine,desc,5,0.0,0.0,0.0,0,5,1,1
mongoengine,Database/mongoengine,desc,10,0.0,0.0,0.0,0,10,1,1
mongoengine,Database/mongoengine,desc,15,0.0,0.0,0.0,0,15,1,1
mongoengine,Database/mongoengine,desc,20,0.0,0.0,0.0,0,20,1,1
mssql-cli,Database/mssql-cli,signature,5,0.36046511627906974,0.4246575342465753,0.389937106918239,31,86,73,20
mssql-cli,Database/mssql-cli,signature,10,0.22404371584699453,0.5616438356164384,0.32031249999999994,41,183,73,20
mssql-cli,Database/mssql-cli,signature,15,0.1601423487544484,0.6164383561643836,0.2542372881355932,45,281,73,20
mssql-cli,Database/mssql-cli,signature,20,0.12073490813648294,0.6301369863013698,0.2026431718061674,46,381,73,20
mssql-cli,Database/mssql-cli,code,5,0.35802469135802467,0.3972602739726027,0.37662337662337664,29,81,73,20
mssql-cli,Database/mssql-cli,code,10,0.19337016574585636,0.4794520547945205,0.2755905511811024,35,181,73,20
mssql-cli,Database/mssql-cli,code,15,0.12811387900355872,0.4931506849315068,0.20338983050847456,36,281,73,20
mssql-cli,Database/mssql-cli,code,20,0.09473684210526316,0.4931506849315068,0.15894039735099338,36,380,73,20
mssql-cli,Database/mssql-cli,desc,5,0.32098765432098764,0.3561643835616438,0.33766233766233766,26,81,73,20
mssql-cli,Database/mssql-cli,desc,10,0.19889502762430938,0.4931506849315068,0.28346456692913385,36,181,73,20
mssql-cli,Database/mssql-cli,desc,15,0.1387900355871886,0.5342465753424658,0.22033898305084745,39,281,73,20
mssql-cli,Database/mssql-cli,desc,20,0.10761154855643044,0.5616438356164384,0.18061674008810574,41,381,73,20
sqlite-utils,Database/sqlite-utils,signature,5,0.034482758620689655,0.5,0.06451612903225806,1,29,2,7
sqlite-utils,Database/sqlite-utils,signature,10,0.015873015873015872,0.5,0.03076923076923077,1,63,2,7
sqlite-utils,Database/sqlite-utils,signature,15,0.01020408163265306,0.5,0.019999999999999997,1,98,2,7
sqlite-utils,Database/sqlite-utils,signature,20,0.007518796992481203,0.5,0.014814814814814812,1,133,2,7
sqlite-utils,Database/sqlite-utils,code,5,0.03571428571428571,0.5,0.06666666666666667,1,28,2,7
sqlite-utils,Database/sqlite-utils,code,10,0.015873015873015872,0.5,0.03076923076923077,1,63,2,7
sqlite-utils,Database/sqlite-utils,code,15,0.01020408163265306,0.5,0.019999999999999997,1,98,2,7
sqlite-utils,Database/sqlite-utils,code,20,0.007518796992481203,0.5,0.014814814814814812,1,133,2,7
sqlite-utils,Database/sqlite-utils,desc,5,0.034482758620689655,0.5,0.06451612903225806,1,29,2,7
sqlite-utils,Database/sqlite-utils,desc,10,0.015625,0.5,0.030303030303030304,1,64,2,7
sqlite-utils,Database/sqlite-utils,desc,15,0.01020408163265306,0.5,0.019999999999999997,1,98,2,7
sqlite-utils,Database/sqlite-utils,desc,20,0.007518796992481203,0.5,0.014814814814814812,1,133,2,7
Authlib,Internet/Authlib,signature,5,0.02127659574468085,0.0625,0.031746031746031744,1,47,16,11
Authlib,Internet/Authlib,signature,10,0.02,0.125,0.03448275862068966,2,100,16,11
Authlib,Internet/Authlib,signature,15,0.01935483870967742,0.1875,0.03508771929824562,3,155,16,11
Authlib,Internet/Authlib,signature,20,0.014285714285714285,0.1875,0.02654867256637168,3,210,16,11
Authlib,Internet/Authlib,code,5,0.0,0.0,0.0,0,47,16,11
Authlib,Internet/Authlib,code,10,0.0,0.0,0.0,0,102,16,11
Authlib,Internet/Authlib,code,15,0.006369426751592357,0.0625,0.011560693641618498,1,157,16,11
Authlib,Internet/Authlib,code,20,0.0047169811320754715,0.0625,0.008771929824561403,1,212,16,11
Authlib,Internet/Authlib,desc,5,0.0,0.0,0.0,0,46,16,11
Authlib,Internet/Authlib,desc,10,0.0,0.0,0.0,0,100,16,11
Authlib,Internet/Authlib,desc,15,0.0,0.0,0.0,0,155,16,11
Authlib,Internet/Authlib,desc,20,0.004761904761904762,0.0625,0.008849557522123895,1,210,16,11
boto,Internet/boto,signature,5,0.07772020725388601,0.11658031088082901,0.09326424870466321,45,579,386,121
boto,Internet/boto,signature,10,0.05751072961373391,0.17357512953367876,0.08639587362991619,67,1165,386,121
boto,Internet/boto,signature,15,0.049773755656108594,0.22797927461139897,0.08170844939647168,88,1768,386,121
boto,Internet/boto,signature,20,0.03799071338117349,0.23316062176165803,0.06533575317604355,90,2369,386,121
boto,Internet/boto,code,5,0.137291280148423,0.19170984455958548,0.16,74,539,386,121
boto,Internet/boto,code,10,0.10720562390158173,0.3160621761658031,0.1601049868766404,122,1138,386,121
boto,Internet/boto,code,15,0.08271108558299828,0.37305699481865284,0.13540197461212977,144,1741,386,121
boto,Internet/boto,code,20,0.06820119352088662,0.41450777202072536,0.11713030746705712,160,2346,386,121
boto,Internet/boto,desc,5,0.11496350364963503,0.16321243523316062,0.1349036402569593,63,548,386,121
boto,Internet/boto,desc,10,0.06956521739130435,0.20725388601036268,0.10416666666666667,80,1150,386,121
boto,Internet/boto,desc,15,0.053142857142857144,0.24093264248704663,0.08707865168539328,93,1750,386,121
boto,Internet/boto,desc,20,0.04373673036093418,0.266839378238342,0.07515505290040131,103,2355,386,121
databases,Internet/databases,signature,5,0.0,0.0,0.0,0,4,2,1
databases,Internet/databases,signature,10,0.0,0.0,0.0,0,9,2,1
databases,Internet/databases,signature,15,0.0,0.0,0.0,0,14,2,1
databases,Internet/databases,signature,20,0.0,0.0,0.0,0,19,2,1
databases,Internet/databases,code,5,0.0,0.0,0.0,0,4,2,1
databases,Internet/databases,code,10,0.0,0.0,0.0,0,9,2,1
databases,Internet/databases,code,15,0.0,0.0,0.0,0,14,2,1
databases,Internet/databases,code,20,0.0,0.0,0.0,0,19,2,1
databases,Internet/databases,desc,5,0.0,0.0,0.0,0,4,2,1
databases,Internet/databases,desc,10,0.0,0.0,0.0,0,9,2,1
databases,Internet/databases,desc,15,0.0,0.0,0.0,0,14,2,1
databases,Internet/databases,desc,20,0.0,0.0,0.0,0,19,2,1
djangorestframework,Internet/djangorestframework,signature,5,0.075,0.12,0.0923076923076923,9,120,75,27
djangorestframework,Internet/djangorestframework,signature,10,0.043478260869565216,0.14666666666666667,0.06707317073170732,11,253,75,27
djangorestframework,Internet/djangorestframework,signature,15,0.03359173126614987,0.17333333333333334,0.05627705627705628,13,387,75,27
djangorestframework,Internet/djangorestframework,signature,20,0.026871401151631478,0.18666666666666668,0.046979865771812075,14,521,75,27
djangorestframework,Internet/djangorestframework,code,5,0.11206896551724138,0.17333333333333334,0.13612565445026178,13,116,75,27
djangorestframework,Internet/djangorestframework,code,10,0.064,0.21333333333333335,0.09846153846153848,16,250,75,27
djangorestframework,Internet/djangorestframework,code,15,0.04415584415584416,0.22666666666666666,0.07391304347826087,17,385,75,27
djangorestframework,Internet/djangorestframework,code,20,0.03461538461538462,0.24,0.060504201680672276,18,520,75,27
djangorestframework,Internet/djangorestframework,desc,5,0.08620689655172414,0.13333333333333333,0.10471204188481675,10,116,75,27
djangorestframework,Internet/djangorestframework,desc,10,0.04,0.13333333333333333,0.061538461538461535,10,250,75,27
djangorestframework,Internet/djangorestframework,desc,15,0.033854166666666664,0.17333333333333334,0.05664488017429194,13,384,75,27
djangorestframework,Internet/djangorestframework,desc,20,0.028901734104046242,0.2,0.05050505050505051,15,519,75,27
falcon,Internet/falcon,signature,5,0.12857142857142856,0.2,0.15652173913043477,27,210,135,49
falcon,Internet/falcon,signature,10,0.07829977628635347,0.25925925925925924,0.12027491408934707,35,447,135,49
falcon,Internet/falcon,signature,15,0.059334298118668596,0.3037037037037037,0.09927360774818401,41,691,135,49
falcon,Internet/falcon,signature,20,0.04700854700854701,0.32592592592592595,0.08216619981325864,44,936,135,49
falcon,Internet/falcon,code,5,0.10576923076923077,0.16296296296296298,0.1282798833819242,22,208,135,49
falcon,Internet/falcon,code,10,0.07317073170731707,0.24444444444444444,0.11262798634812286,33,451,135,49
falcon,Internet/falcon,code,15,0.05028735632183908,0.25925925925925924,0.08423586040914562,35,696,135,49
falcon,Internet/falcon,code,20,0.04144527098831031,0.28888888888888886,0.0724907063197026,39,941,135,49
falcon,Internet/falcon,desc,5,0.1323529411764706,0.2,0.1592920353982301,27,204,135,49
falcon,Internet/falcon,desc,10,0.09843400447427293,0.32592592592592595,0.1512027491408935,44,447,135,49
falcon,Internet/falcon,desc,15,0.07369942196531792,0.37777777777777777,0.1233373639661427,51,692,135,49
falcon,Internet/falcon,desc,20,0.057692307692307696,0.4,0.10084033613445378,54,936,135,49
google-api-python-client,Internet/google-api-python-client,signature,5,0.06976744186046512,0.09375,0.07999999999999999,3,43,32,10
google-api-python-client,Internet/google-api-python-client,signature,10,0.043478260869565216,0.125,0.06451612903225806,4,92,32,10
google-api-python-client,Internet/google-api-python-client,signature,15,0.028169014084507043,0.125,0.04597701149425288,4,142,32,10
google-api-python-client,Internet/google-api-python-client,signature,20,0.03125,0.1875,0.05357142857142857,6,192,32,10
google-api-python-client,Internet/google-api-python-client,code,5,0.075,0.09375,0.08333333333333331,3,40,32,10
google-api-python-client,Internet/google-api-python-client,code,10,0.044444444444444446,0.125,0.06557377049180328,4,90,32,10
google-api-python-client,Internet/google-api-python-client,code,15,0.04285714285714286,0.1875,0.0697674418604651,6,140,32,10
google-api-python-client,Internet/google-api-python-client,code,20,0.031578947368421054,0.1875,0.05405405405405406,6,190,32,10
google-api-python-client,Internet/google-api-python-client,desc,5,0.024390243902439025,0.03125,0.027397260273972605,1,41,32,10
google-api-python-client,Internet/google-api-python-client,desc,10,0.022222222222222223,0.0625,0.03278688524590164,2,90,32,10
google-api-python-client,Internet/google-api-python-client,desc,15,0.02857142857142857,0.125,0.04651162790697674,4,140,32,10
google-api-python-client,Internet/google-api-python-client,desc,20,0.031578947368421054,0.1875,0.05405405405405406,6,190,32,10
Jinja2,Internet/Jinja2,signature,5,0.0547945205479452,0.0851063829787234,0.06666666666666665,4,73,47,17
Jinja2,Internet/Jinja2,signature,10,0.09554140127388536,0.3191489361702128,0.14705882352941177,15,157,47,17
Jinja2,Internet/Jinja2,signature,15,0.06639004149377593,0.3404255319148936,0.11111111111111112,16,241,47,17
Jinja2,Internet/Jinja2,signature,20,0.05521472392638037,0.3829787234042553,0.09651474530831099,18,326,47,17
Jinja2,Internet/Jinja2,code,5,0.10666666666666667,0.1702127659574468,0.13114754098360656,8,75,47,17
Jinja2,Internet/Jinja2,code,10,0.07051282051282051,0.23404255319148937,0.10837438423645322,11,156,47,17
Jinja2,Internet/Jinja2,code,15,0.04583333333333333,0.23404255319148937,0.07665505226480836,11,240,47,17
Jinja2,Internet/Jinja2,code,20,0.046153846153846156,0.3191489361702128,0.08064516129032259,15,325,47,17
Jinja2,Internet/Jinja2,desc,5,0.09090909090909091,0.14893617021276595,0.11290322580645162,7,77,47,17
Jinja2,Internet/Jinja2,desc,10,0.062111801242236024,0.2127659574468085,0.09615384615384616,10,161,47,17
Jinja2,Internet/Jinja2,desc,15,0.04918032786885246,0.2553191489361702,0.08247422680412371,12,244,47,17
Jinja2,Internet/Jinja2,desc,20,0.03951367781155015,0.2765957446808511,0.06914893617021277,13,329,47,17
python-twitter,Internet/python-twitter,signature,5,0.0,0.0,0.0,0,14,9,3
python-twitter,Internet/python-twitter,signature,10,0.0,0.0,0.0,0,29,9,3
python-twitter,Internet/python-twitter,signature,15,0.0,0.0,0.0,0,44,9,3
python-twitter,Internet/python-twitter,signature,20,0.0,0.0,0.0,0,58,9,3
python-twitter,Internet/python-twitter,code,5,0.0,0.0,0.0,0,12,9,3
python-twitter,Internet/python-twitter,code,10,0.0,0.0,0.0,0,27,9,3
python-twitter,Internet/python-twitter,code,15,0.0,0.0,0.0,0,42,9,3
python-twitter,Internet/python-twitter,code,20,0.0,0.0,0.0,0,57,9,3
python-twitter,Internet/python-twitter,desc,5,0.0,0.0,0.0,0,13,9,3
python-twitter,Internet/python-twitter,desc,10,0.0,0.0,0.0,0,28,9,3
python-twitter,Internet/python-twitter,desc,15,0.0,0.0,0.0,0,43,9,3
python-twitter,Internet/python-twitter,desc,20,0.017241379310344827,0.1111111111111111,0.029850746268656716,1,58,9,3
sumy,Internet/sumy,signature,5,0.14173228346456693,0.27692307692307694,0.18750000000000003,18,127,65,30
sumy,Internet/sumy,signature,10,0.09057971014492754,0.38461538461538464,0.14662756598240467,25,276,65,30
sumy,Internet/sumy,signature,15,0.0660377358490566,0.4307692307692308,0.114519427402863,28,424,65,30
sumy,Internet/sumy,signature,20,0.04878048780487805,0.4307692307692308,0.08763693270735526,28,574,65,30
sumy,Internet/sumy,code,5,0.050359712230215826,0.1076923076923077,0.06862745098039215,7,139,65,30
sumy,Internet/sumy,code,10,0.028169014084507043,0.12307692307692308,0.04584527220630373,8,284,65,30
sumy,Internet/sumy,code,15,0.020737327188940093,0.13846153846153847,0.03607214428857716,9,434,65,30
sumy,Internet/sumy,code,20,0.02058319039451115,0.18461538461538463,0.03703703703703704,12,583,65,30
sumy,Internet/sumy,desc,5,0.13008130081300814,0.24615384615384617,0.17021276595744683,16,123,65,30
sumy,Internet/sumy,desc,10,0.07692307692307693,0.3230769230769231,0.12426035502958581,21,273,65,30
sumy,Internet/sumy,desc,15,0.061611374407582936,0.4,0.10677618069815195,26,422,65,30
sumy,Internet/sumy,desc,20,0.0472027972027972,0.4153846153846154,0.0847723704866562,27,572,65,30
gif-for-cli,Multimedia/gif-for-cli,signature,5,0.0,0.0,0.0,0,20,2,5
gif-for-cli,Multimedia/gif-for-cli,signature,10,0.0,0.0,0.0,0,45,2,5
gif-for-cli,Multimedia/gif-for-cli,signature,15,0.0,0.0,0.0,0,70,2,5
gif-for-cli,Multimedia/gif-for-cli,signature,20,0.0,0.0,0.0,0,95,2,5
gif-for-cli,Multimedia/gif-for-cli,code,5,0.0,0.0,0.0,0,21,2,5
gif-for-cli,Multimedia/gif-for-cli,code,10,0.0,0.0,0.0,0,45,2,5
gif-for-cli,Multimedia/gif-for-cli,code,15,0.0,0.0,0.0,0,70,2,5
gif-for-cli,Multimedia/gif-for-cli,code,20,0.0,0.0,0.0,0,95,2,5
gif-for-cli,Multimedia/gif-for-cli,desc,5,0.0,0.0,0.0,0,21,2,5
gif-for-cli,Multimedia/gif-for-cli,desc,10,0.0,0.0,0.0,0,45,2,5
gif-for-cli,Multimedia/gif-for-cli,desc,15,0.0,0.0,0.0,0,70,2,5
gif-for-cli,Multimedia/gif-for-cli,desc,20,0.0,0.0,0.0,0,95,2,5
hypertools,Multimedia/hypertools,signature,5,0.0,0.0,0.0,0,47,21,11
hypertools,Multimedia/hypertools,signature,10,0.009900990099009901,0.047619047619047616,0.01639344262295082,1,101,21,11
hypertools,Multimedia/hypertools,signature,15,0.05161290322580645,0.38095238095238093,0.09090909090909091,8,155,21,11
hypertools,Multimedia/hypertools,signature,20,0.0761904761904762,0.7619047619047619,0.13852813852813856,16,210,21,11
hypertools,Multimedia/hypertools,code,5,0.37777777777777777,0.8095238095238095,0.5151515151515151,17,45,21,11
hypertools,Multimedia/hypertools,code,10,0.17,0.8095238095238095,0.2809917355371901,17,100,21,11
hypertools,Multimedia/hypertools,code,15,0.12258064516129032,0.9047619047619048,0.21590909090909088,19,155,21,11
hypertools,Multimedia/hypertools,code,20,0.09523809523809523,0.9523809523809523,0.17316017316017315,20,210,21,11
hypertools,Multimedia/hypertools,desc,5,0.04,0.09523809523809523,0.056338028169014086,2,50,21,11
hypertools,Multimedia/hypertools,desc,10,0.019417475728155338,0.09523809523809523,0.03225806451612903,2,103,21,11
hypertools,Multimedia/hypertools,desc,15,0.01910828025477707,0.14285714285714285,0.033707865168539325,3,157,21,11
hypertools,Multimedia/hypertools,desc,20,0.04739336492890995,0.47619047619047616,0.08620689655172413,10,211,21,11
mingus,Multimedia/mingus,signature,5,0.12385321100917432,0.19708029197080293,0.15211267605633805,27,218,137,52
mingus,Multimedia/mingus,signature,10,0.08050847457627118,0.2773722627737226,0.12479474548440064,38,472,137,52
mingus,Multimedia/mingus,signature,15,0.06420765027322405,0.34306569343065696,0.10817031070195626,47,732,137,52
mingus,Multimedia/mingus,signature,20,0.05751765893037336,0.41605839416058393,0.10106382978723405,57,991,137,52
mingus,Multimedia/mingus,code,5,0.12903225806451613,0.20437956204379562,0.15819209039548024,28,217,137,52
mingus,Multimedia/mingus,code,10,0.07578947368421053,0.26277372262773724,0.11764705882352941,36,475,137,52
mingus,Multimedia/mingus,code,15,0.05442176870748299,0.291970802919708,0.09174311926605504,40,735,137,52
mingus,Multimedia/mingus,code,20,0.04843592330978809,0.35036496350364965,0.0851063829787234,48,991,137,52
mingus,Multimedia/mingus,desc,5,0.08597285067873303,0.1386861313868613,0.10614525139664804,19,221,137,52
mingus,Multimedia/mingus,desc,10,0.05450733752620545,0.1897810218978102,0.08469055374592833,26,477,137,52
mingus,Multimedia/mingus,desc,15,0.048846675712347354,0.26277372262773724,0.08237986270022883,36,737,137,52
mingus,Multimedia/mingus,desc,20,0.04012036108324975,0.291970802919708,0.07054673721340389,40,997,137,52
Mopidy,Multimedia/Mopidy,signature,5,0.09302325581395349,0.11428571428571428,0.10256410256410256,20,215,175,47
Mopidy,Multimedia/Mopidy,signature,10,0.05922551252847381,0.14857142857142858,0.08469055374592835,26,439,175,47
Mopidy,Multimedia/Mopidy,signature,15,0.052316890881913304,0.2,0.08293838862559241,35,669,175,47
Mopidy,Multimedia/Mopidy,signature,20,0.05543237250554324,0.2857142857142857,0.09285051067780872,50,902,175,47
Mopidy,Multimedia/Mopidy,code,5,0.11822660098522167,0.13714285714285715,0.12698412698412698,24,203,175,47
Mopidy,Multimedia/Mopidy,code,10,0.07126436781609195,0.17714285714285713,0.1016393442622951,31,435,175,47
Mopidy,Multimedia/Mopidy,code,15,0.05389221556886228,0.2057142857142857,0.08540925266903915,36,668,175,47
Mopidy,Multimedia/Mopidy,code,20,0.04318936877076412,0.22285714285714286,0.07235621521335807,39,903,175,47
Mopidy,Multimedia/Mopidy,desc,5,0.11428571428571428,0.13714285714285715,0.12467532467532466,24,210,175,47
Mopidy,Multimedia/Mopidy,desc,10,0.0654627539503386,0.1657142857142857,0.09385113268608414,29,443,175,47
Mopidy,Multimedia/Mopidy,desc,15,0.05457227138643068,0.21142857142857144,0.08675263774912075,37,678,175,47
Mopidy,Multimedia/Mopidy,desc,20,0.04600219058050383,0.24,0.07720588235294118,42,913,175,47
bentoml,Scientific-Engineering/bentoml,signature,5,0.05714285714285714,0.09523809523809523,0.07142857142857142,10,175,105,39
bentoml,Scientific-Engineering/bentoml,signature,10,0.043596730245231606,0.1523809523809524,0.06779661016949153,16,367,105,39
bentoml,Scientific-Engineering/bentoml,signature,15,0.03411131059245961,0.18095238095238095,0.05740181268882175,19,557,105,39
bentoml,Scientific-Engineering/bentoml,signature,20,0.030707610146862484,0.21904761904761905,0.053864168618266976,23,749,105,39
bentoml,Scientific-Engineering/bentoml,code,5,0.03825136612021858,0.06666666666666667,0.04861111111111111,7,183,105,39
bentoml,Scientific-Engineering/bentoml,code,10,0.0427807486631016,0.1523809523809524,0.06680584551148225,16,374,105,39
bentoml,Scientific-Engineering/bentoml,code,15,0.029876977152899824,0.1619047619047619,0.05044510385756676,17,569,105,39
bentoml,Scientific-Engineering/bentoml,code,20,0.02230971128608924,0.1619047619047619,0.0392156862745098,17,762,105,39
bentoml,Scientific-Engineering/bentoml,desc,5,0.055865921787709494,0.09523809523809523,0.0704225352112676,10,179,105,39
bentoml,Scientific-Engineering/bentoml,desc,10,0.03783783783783784,0.13333333333333333,0.05894736842105264,14,370,105,39
bentoml,Scientific-Engineering/bentoml,desc,15,0.02486678507992895,0.13333333333333333,0.041916167664670656,14,563,105,39
bentoml,Scientific-Engineering/bentoml,desc,20,0.021164021164021163,0.1523809523809524,0.03716608594657375,16,756,105,39
csvkit,Scientific-Engineering/csvkit,signature,5,0.10526315789473684,0.25,0.14814814814814814,2,19,8,4
csvkit,Scientific-Engineering/csvkit,signature,10,0.05263157894736842,0.25,0.08695652173913043,2,38,8,4
csvkit,Scientific-Engineering/csvkit,signature,15,0.034482758620689655,0.25,0.0606060606060606,2,58,8,4
csvkit,Scientific-Engineering/csvkit,signature,20,0.05128205128205128,0.5,0.09302325581395347,4,78,8,4
csvkit,Scientific-Engineering/csvkit,code,5,0.17647058823529413,0.375,0.24,3,17,8,4
csvkit,Scientific-Engineering/csvkit,code,10,0.10810810810810811,0.5,0.17777777777777778,4,37,8,4
csvkit,Scientific-Engineering/csvkit,code,15,0.07017543859649122,0.5,0.12307692307692307,4,57,8,4
csvkit,Scientific-Engineering/csvkit,code,20,0.05194805194805195,0.5,0.09411764705882353,4,77,8,4
csvkit,Scientific-Engineering/csvkit,desc,5,0.11764705882352941,0.25,0.15999999999999998,2,17,8,4
csvkit,Scientific-Engineering/csvkit,desc,10,0.05405405405405406,0.25,0.08888888888888889,2,37,8,4
csvkit,Scientific-Engineering/csvkit,desc,15,0.05263157894736842,0.375,0.0923076923076923,3,57,8,4
csvkit,Scientific-Engineering/csvkit,desc,20,0.03896103896103896,0.375,0.07058823529411765,3,77,8,4
diffusers,Scientific-Engineering/diffusers,signature,5,0.0,0.0,0.0,0,10,4,2
diffusers,Scientific-Engineering/diffusers,signature,10,0.0,0.0,0.0,0,20,4,2
diffusers,Scientific-Engineering/diffusers,signature,15,0.0,0.0,0.0,0,30,4,2
diffusers,Scientific-Engineering/diffusers,signature,20,0.0,0.0,0.0,0,40,4,2
diffusers,Scientific-Engineering/diffusers,code,5,0.0,0.0,0.0,0,10,4,2
diffusers,Scientific-Engineering/diffusers,code,10,0.0,0.0,0.0,0,20,4,2
diffusers,Scientific-Engineering/diffusers,code,15,0.0,0.0,0.0,0,30,4,2
diffusers,Scientific-Engineering/diffusers,code,20,0.0,0.0,0.0,0,40,4,2
diffusers,Scientific-Engineering/diffusers,desc,5,0.0,0.0,0.0,0,10,4,2
diffusers,Scientific-Engineering/diffusers,desc,10,0.0,0.0,0.0,0,20,4,2
diffusers,Scientific-Engineering/diffusers,desc,15,0.0,0.0,0.0,0,30,4,2
diffusers,Scientific-Engineering/diffusers,desc,20,0.0,0.0,0.0,0,40,4,2
folium,Scientific-Engineering/folium,signature,5,0.08333333333333333,0.2,0.11764705882352941,1,12,5,3
folium,Scientific-Engineering/folium,signature,10,0.037037037037037035,0.2,0.0625,1,27,5,3
folium,Scientific-Engineering/folium,signature,15,0.023809523809523808,0.2,0.0425531914893617,1,42,5,3
folium,Scientific-Engineering/folium,signature,20,0.017543859649122806,0.2,0.03225806451612903,1,57,5,3
folium,Scientific-Engineering/folium,code,5,0.0,0.0,0.0,0,12,5,3
folium,Scientific-Engineering/folium,code,10,0.0,0.0,0.0,0,27,5,3
folium,Scientific-Engineering/folium,code,15,0.0,0.0,0.0,0,42,5,3
folium,Scientific-Engineering/folium,code,20,0.0,0.0,0.0,0,57,5,3
folium,Scientific-Engineering/folium,desc,5,0.0,0.0,0.0,0,12,5,3
folium,Scientific-Engineering/folium,desc,10,0.0,0.0,0.0,0,27,5,3
folium,Scientific-Engineering/folium,desc,15,0.023809523809523808,0.2,0.0425531914893617,1,42,5,3
folium,Scientific-Engineering/folium,desc,20,0.017543859649122806,0.2,0.03225806451612903,1,57,5,3
lux,Scientific-Engineering/lux,signature,5,0.3333333333333333,0.2727272727272727,0.3,3,9,11,2
lux,Scientific-Engineering/lux,signature,10,0.2222222222222222,0.36363636363636365,0.27586206896551724,4,18,11,2
lux,Scientific-Engineering/lux,signature,15,0.14285714285714285,0.36363636363636365,0.2051282051282051,4,28,11,2
lux,Scientific-Engineering/lux,signature,20,0.10526315789473684,0.36363636363636365,0.16326530612244897,4,38,11,2
lux,Scientific-Engineering/lux,code,5,0.3333333333333333,0.2727272727272727,0.3,3,9,11,2
lux,Scientific-Engineering/lux,code,10,0.21052631578947367,0.36363636363636365,0.26666666666666666,4,19,11,2
lux,Scientific-Engineering/lux,code,15,0.20689655172413793,0.5454545454545454,0.3,6,29,11,2
lux,Scientific-Engineering/lux,code,20,0.18421052631578946,0.6363636363636364,0.2857142857142857,7,38,11,2
lux,Scientific-Engineering/lux,desc,5,0.2222222222222222,0.18181818181818182,0.19999999999999998,2,9,11,2
lux,Scientific-Engineering/lux,desc,10,0.1111111111111111,0.18181818181818182,0.13793103448275862,2,18,11,2
lux,Scientific-Engineering/lux,desc,15,0.14285714285714285,0.36363636363636365,0.2051282051282051,4,28,11,2
lux,Scientific-Engineering/lux,desc,20,0.13157894736842105,0.45454545454545453,0.2040816326530612,5,38,11,2
rq,Scientific-Engineering/rq,signature,5,0.0,0.0,0.0,0,4,2,1
rq,Scientific-Engineering/rq,signature,10,0.0,0.0,0.0,0,9,2,1
rq,Scientific-Engineering/rq,signature,15,0.0,0.0,0.0,0,14,2,1
rq,Scientific-Engineering/rq,signature,20,0.0,0.0,0.0,0,19,2,1
rq,Scientific-Engineering/rq,code,5,0.0,0.0,0.0,0,4,2,1
rq,Scientific-Engineering/rq,code,10,0.0,0.0,0.0,0,9,2,1
rq,Scientific-Engineering/rq,code,15,0.0,0.0,0.0,0,14,2,1
rq,Scientific-Engineering/rq,code,20,0.0,0.0,0.0,0,19,2,1
rq,Scientific-Engineering/rq,desc,5,0.0,0.0,0.0,0,4,2,1
rq,Scientific-Engineering/rq,desc,10,0.0,0.0,0.0,0,9,2,1
rq,Scientific-Engineering/rq,desc,15,0.0,0.0,0.0,0,14,2,1
rq,Scientific-Engineering/rq,desc,20,0.0,0.0,0.0,0,19,2,1
asyncssh,Security/asyncssh,signature,5,0.05660377358490566,0.07894736842105263,0.06593406593406592,3,53,38,12
asyncssh,Security/asyncssh,signature,10,0.11607142857142858,0.34210526315789475,0.17333333333333334,13,112,38,12
asyncssh,Security/asyncssh,signature,15,0.0935672514619883,0.42105263157894735,0.15311004784688995,16,171,38,12
asyncssh,Security/asyncssh,signature,20,0.06926406926406926,0.42105263157894735,0.11895910780669146,16,231,38,12
asyncssh,Security/asyncssh,code,5,0.20833333333333334,0.2631578947368421,0.23255813953488372,10,48,38,12
asyncssh,Security/asyncssh,code,10,0.12962962962962962,0.3684210526315789,0.19178082191780824,14,108,38,12
asyncssh,Security/asyncssh,code,15,0.08333333333333333,0.3684210526315789,0.13592233009708737,14,168,38,12
asyncssh,Security/asyncssh,code,20,0.07017543859649122,0.42105263157894735,0.12030075187969924,16,228,38,12
asyncssh,Security/asyncssh,desc,5,0.1836734693877551,0.23684210526315788,0.20689655172413793,9,49,38,12
asyncssh,Security/asyncssh,desc,10,0.12962962962962962,0.3684210526315789,0.19178082191780824,14,108,38,12
asyncssh,Security/asyncssh,desc,15,0.08928571428571429,0.39473684210526316,0.14563106796116504,15,168,38,12
asyncssh,Security/asyncssh,desc,20,0.07456140350877193,0.4473684210526316,0.12781954887218047,17,228,38,12
barf,Security/barf,signature,5,0.07142857142857142,0.12121212121212122,0.0898876404494382,4,56,33,12
barf,Security/barf,signature,10,0.10619469026548672,0.36363636363636365,0.1643835616438356,12,113,33,12
barf,Security/barf,signature,15,0.06936416184971098,0.36363636363636365,0.11650485436893203,12,173,33,12
barf,Security/barf,signature,20,0.05150214592274678,0.36363636363636365,0.09022556390977444,12,233,33,12
barf,Security/barf,code,5,0.11320754716981132,0.18181818181818182,0.13953488372093023,6,53,33,12
barf,Security/barf,code,10,0.061946902654867256,0.21212121212121213,0.0958904109589041,7,113,33,12
barf,Security/barf,code,15,0.04678362573099415,0.24242424242424243,0.0784313725490196,8,171,33,12
barf,Security/barf,code,20,0.034782608695652174,0.24242424242424243,0.060836501901140684,8,230,33,12
barf,Security/barf,desc,5,0.09090909090909091,0.15151515151515152,0.11363636363636363,5,55,33,12
barf,Security/barf,desc,10,0.06956521739130435,0.24242424242424243,0.10810810810810813,8,115,33,12
barf,Security/barf,desc,15,0.05142857142857143,0.2727272727272727,0.08653846153846154,9,175,33,12
barf,Security/barf,desc,20,0.038461538461538464,0.2727272727272727,0.06741573033707866,9,234,33,12
diffprivlib,Security/diffprivlib,signature,5,0.11194029850746269,0.13043478260869565,0.12048192771084337,15,134,115,30
diffprivlib,Security/diffprivlib,signature,10,0.08214285714285714,0.2,0.11645569620253164,23,280,115,30
diffprivlib,Security/diffprivlib,signature,15,0.08705882352941176,0.3217391304347826,0.13703703703703704,37,425,115,30
diffprivlib,Security/diffprivlib,signature,20,0.06631762652705062,0.33043478260869563,0.11046511627906977,38,573,115,30
diffprivlib,Security/diffprivlib,code,5,0.10569105691056911,0.11304347826086956,0.1092436974789916,13,123,115,30
diffprivlib,Security/diffprivlib,code,10,0.054945054945054944,0.13043478260869565,0.07731958762886597,15,273,115,30
diffprivlib,Security/diffprivlib,code,15,0.037825059101654845,0.1391304347826087,0.05947955390334572,16,423,115,30
diffprivlib,Security/diffprivlib,code,20,0.034904013961605584,0.17391304347826086,0.05813953488372093,20,573,115,30
diffprivlib,Security/diffprivlib,desc,5,0.104,0.11304347826086956,0.10833333333333334,13,125,115,30
diffprivlib,Security/diffprivlib,desc,10,0.06227106227106227,0.14782608695652175,0.08762886597938145,17,273,115,30
diffprivlib,Security/diffprivlib,desc,15,0.04491725768321513,0.16521739130434782,0.07063197026022305,19,423,115,30
diffprivlib,Security/diffprivlib,desc,20,0.04013961605584642,0.2,0.06686046511627906,23,573,115,30
msticpy,Security/msticpy,signature,5,0.07,0.09859154929577464,0.08187134502923978,7,100,71,22
msticpy,Security/msticpy,signature,10,0.05314009661835749,0.15492957746478872,0.07913669064748202,11,207,71,22
msticpy,Security/msticpy,signature,15,0.04746835443037975,0.2112676056338028,0.07751937984496125,15,316,71,22
msticpy,Security/msticpy,signature,20,0.04028436018957346,0.23943661971830985,0.06896551724137931,17,422,71,22
msticpy,Security/msticpy,code,5,0.19,0.2676056338028169,0.2222222222222222,19,100,71,22
msticpy,Security/msticpy,code,10,0.12807881773399016,0.36619718309859156,0.1897810218978102,26,203,71,22
msticpy,Security/msticpy,code,15,0.10289389067524116,0.4507042253521127,0.16753926701570682,32,311,71,22
msticpy,Security/msticpy,code,20,0.07838479809976247,0.4647887323943662,0.13414634146341461,33,421,71,22
msticpy,Security/msticpy,desc,5,0.020202020202020204,0.028169014084507043,0.023529411764705885,2,99,71,22
msticpy,Security/msticpy,desc,10,0.05314009661835749,0.15492957746478872,0.07913669064748202,11,207,71,22
msticpy,Security/msticpy,desc,15,0.06050955414012739,0.2676056338028169,0.09870129870129872,19,314,71,22
msticpy,Security/msticpy,desc,20,0.04976303317535545,0.29577464788732394,0.08519269776876268,21,422,71,22
oletools,Security/oletools,signature,5,0.10810810810810811,0.0547945205479452,0.07272727272727272,4,37,73,8
oletools,Security/oletools,signature,10,0.07894736842105263,0.0821917808219178,0.08053691275167785,6,76,73,8
oletools,Security/oletools,signature,15,0.06956521739130435,0.1095890410958904,0.08510638297872342,8,115,73,8
oletools,Security/oletools,signature,20,0.05844155844155844,0.1232876712328767,0.07929515418502203,9,154,73,8
oletools,Security/oletools,code,5,0.24242424242424243,0.1095890410958904,0.1509433962264151,8,33,73,8
oletools,Security/oletools,code,10,0.1917808219178082,0.1917808219178082,0.1917808219178082,14,73,73,8
oletools,Security/oletools,code,15,0.1415929203539823,0.2191780821917808,0.17204301075268816,16,113,73,8
oletools,Security/oletools,code,20,0.11764705882352941,0.2465753424657534,0.15929203539823006,18,153,73,8
oletools,Security/oletools,desc,5,0.06060606060606061,0.0273972602739726,0.03773584905660377,2,33,73,8
oletools,Security/oletools,desc,10,0.0410958904109589,0.0410958904109589,0.0410958904109589,3,73,73,8
oletools,Security/oletools,desc,15,0.0625,0.0958904109589041,0.07567567567567568,7,112,73,8
oletools,Security/oletools,desc,20,0.05921052631578947,0.1232876712328767,0.08,9,152,73,8
passpie,Security/passpie,signature,5,0.0,0.0,0.0,0,8,2,2
passpie,Security/passpie,signature,10,0.0,0.0,0.0,0,18,2,2
passpie,Security/passpie,signature,15,0.0,0.0,0.0,0,28,2,2
passpie,Security/passpie,signature,20,0.02631578947368421,0.5,0.05,1,38,2,2
passpie,Security/passpie,code,5,0.0,0.0,0.0,0,9,2,2
passpie,Security/passpie,code,10,0.0,0.0,0.0,0,19,2,2
passpie,Security/passpie,code,15,0.0,0.0,0.0,0,29,2,2
passpie,Security/passpie,code,20,0.0,0.0,0.0,0,38,2,2
passpie,Security/passpie,desc,5,0.1111111111111111,0.5,0.1818181818181818,1,9,2,2
passpie,Security/passpie,desc,10,0.05263157894736842,0.5,0.09523809523809525,1,19,2,2
passpie,Security/passpie,desc,15,0.034482758620689655,0.5,0.06451612903225806,1,29,2,2
passpie,Security/passpie,desc,20,0.02564102564102564,0.5,0.048780487804878044,1,39,2,2
principalmapper,Security/principalmapper,signature,5,0.125,0.2,0.15384615384615385,1,8,5,2
principalmapper,Security/principalmapper,signature,10,0.05555555555555555,0.2,0.08695652173913045,1,18,5,2
principalmapper,Security/principalmapper,signature,15,0.03571428571428571,0.2,0.06060606060606061,1,28,5,2
principalmapper,Security/principalmapper,signature,20,0.02631578947368421,0.2,0.046511627906976744,1,38,5,2
principalmapper,Security/principalmapper,code,5,0.125,0.2,0.15384615384615385,1,8,5,2
principalmapper,Security/principalmapper,code,10,0.05555555555555555,0.2,0.08695652173913045,1,18,5,2
principalmapper,Security/principalmapper,code,15,0.07142857142857142,0.4,0.12121212121212122,2,28,5,2
principalmapper,Security/principalmapper,code,20,0.05263157894736842,0.4,0.09302325581395349,2,38,5,2
principalmapper,Security/principalmapper,desc,5,0.125,0.2,0.15384615384615385,1,8,5,2
principalmapper,Security/principalmapper,desc,10,0.05555555555555555,0.2,0.08695652173913045,1,18,5,2
principalmapper,Security/principalmapper,desc,15,0.03571428571428571,0.2,0.06060606060606061,1,28,5,2
principalmapper,Security/principalmapper,desc,20,0.02631578947368421,0.2,0.046511627906976744,1,38,5,2
pycoin,Security/pycoin,signature,5,0.046052631578947366,0.2,0.0748663101604278,7,152,35,33
pycoin,Security/pycoin,signature,10,0.041401273885350316,0.37142857142857144,0.07449856733524356,13,314,35,33
pycoin,Security/pycoin,signature,15,0.031512605042016806,0.42857142857142855,0.05870841487279843,15,476,35,33
pycoin,Security/pycoin,signature,20,0.02821316614420063,0.5142857142857142,0.05349182763744428,18,638,35,33
pycoin,Security/pycoin,code,5,0.033783783783783786,0.14285714285714285,0.054644808743169404,5,148,35,33
pycoin,Security/pycoin,code,10,0.022364217252396165,0.2,0.040229885057471264,7,313,35,33
pycoin,Security/pycoin,code,15,0.016736401673640166,0.22857142857142856,0.031189083820662766,8,478,35,33
pycoin,Security/pycoin,code,20,0.013996889580093312,0.2571428571428571,0.026548672566371678,9,643,35,33
pycoin,Security/pycoin,desc,5,0.09655172413793103,0.4,0.15555555555555556,14,145,35,33
pycoin,Security/pycoin,desc,10,0.05161290322580645,0.45714285714285713,0.09275362318840581,16,310,35,33
pycoin,Security/pycoin,desc,15,0.040169133192389,0.5428571428571428,0.0748031496062992,19,473,35,33
pycoin,Security/pycoin,desc,20,0.031446540880503145,0.5714285714285714,0.059612518628912065,20,636,35,33
pyOpenSSL,Security/pyOpenSSL,signature,5,0.25,1.0,0.4,1,4,1,1
pyOpenSSL,Security/pyOpenSSL,signature,10,0.1111111111111111,1.0,0.19999999999999998,1,9,1,1
pyOpenSSL,Security/pyOpenSSL,signature,15,0.07142857142857142,1.0,0.13333333333333333,1,14,1,1
pyOpenSSL,Security/pyOpenSSL,signature,20,0.05263157894736842,1.0,0.1,1,19,1,1
pyOpenSSL,Security/pyOpenSSL,code,5,0.25,1.0,0.4,1,4,1,1
pyOpenSSL,Security/pyOpenSSL,code,10,0.1111111111111111,1.0,0.19999999999999998,1,9,1,1
pyOpenSSL,Security/pyOpenSSL,code,15,0.07142857142857142,1.0,0.13333333333333333,1,14,1,1
pyOpenSSL,Security/pyOpenSSL,code,20,0.05263157894736842,1.0,0.1,1,19,1,1
pyOpenSSL,Security/pyOpenSSL,desc,5,0.25,1.0,0.4,1,4,1,1
pyOpenSSL,Security/pyOpenSSL,desc,10,0.1111111111111111,1.0,0.19999999999999998,1,9,1,1
pyOpenSSL,Security/pyOpenSSL,desc,15,0.07142857142857142,1.0,0.13333333333333333,1,14,1,1
pyOpenSSL,Security/pyOpenSSL,desc,20,0.05263157894736842,1.0,0.1,1,19,1,1
python-taint,Security/python-taint,signature,5,0.13333333333333333,0.3076923076923077,0.18604651162790697,4,30,13,7
python-taint,Security/python-taint,signature,10,0.078125,0.38461538461538464,0.12987012987012986,5,64,13,7
python-taint,Security/python-taint,signature,15,0.09183673469387756,0.6923076923076923,0.16216216216216217,9,98,13,7
python-taint,Security/python-taint,signature,20,0.06766917293233082,0.6923076923076923,0.1232876712328767,9,133,13,7
python-taint,Security/python-taint,code,5,0.03125,0.07692307692307693,0.044444444444444446,1,32,13,7
python-taint,Security/python-taint,code,10,0.029850746268656716,0.15384615384615385,0.049999999999999996,2,67,13,7
python-taint,Security/python-taint,code,15,0.0196078431372549,0.15384615384615385,0.034782608695652174,2,102,13,7
python-taint,Security/python-taint,code,20,0.014705882352941176,0.15384615384615385,0.026845637583892617,2,136,13,7
python-taint,Security/python-taint,desc,5,0.13793103448275862,0.3076923076923077,0.1904761904761905,4,29,13,7
python-taint,Security/python-taint,desc,10,0.06349206349206349,0.3076923076923077,0.10526315789473684,4,63,13,7
python-taint,Security/python-taint,desc,15,0.05102040816326531,0.38461538461538464,0.09009009009009009,5,98,13,7
python-taint,Security/python-taint,desc,20,0.03759398496240601,0.38461538461538464,0.0684931506849315,5,133,13,7
threatingestor,Security/threatingestor,signature,5,0.38461538461538464,0.625,0.4761904761904762,5,13,8,3
threatingestor,Security/threatingestor,signature,10,0.17857142857142858,0.625,0.2777777777777778,5,28,8,3
threatingestor,Security/threatingestor,signature,15,0.11627906976744186,0.625,0.19607843137254904,5,43,8,3
threatingestor,Security/threatingestor,signature,20,0.08620689655172414,0.625,0.15151515151515152,5,58,8,3
threatingestor,Security/threatingestor,code,5,0.23076923076923078,0.375,0.2857142857142857,3,13,8,3
threatingestor,Security/threatingestor,code,10,0.10714285714285714,0.375,0.16666666666666666,3,28,8,3
threatingestor,Security/threatingestor,code,15,0.09302325581395349,0.5,0.15686274509803924,4,43,8,3
threatingestor,Security/threatingestor,code,20,0.06896551724137931,0.5,0.1212121212121212,4,58,8,3
threatingestor,Security/threatingestor,desc,5,0.07692307692307693,0.125,0.09523809523809525,1,13,8,3
threatingestor,Security/threatingestor,desc,10,0.10714285714285714,0.375,0.16666666666666666,3,28,8,3
threatingestor,Security/threatingestor,desc,15,0.11627906976744186,0.625,0.19607843137254904,5,43,8,3
threatingestor,Security/threatingestor,desc,20,0.08620689655172414,0.625,0.15151515151515152,5,58,8,3
trailscraper,Security/trailscraper,signature,5,0.23404255319148937,0.44,0.3055555555555556,11,47,25,11
trailscraper,Security/trailscraper,signature,10,0.13,0.52,0.20800000000000002,13,100,25,11
trailscraper,Security/trailscraper,signature,15,0.11688311688311688,0.72,0.20111731843575417,18,154,25,11
trailscraper,Security/trailscraper,signature,20,0.09090909090909091,0.76,0.1623931623931624,19,209,25,11
trailscraper,Security/trailscraper,code,5,0.06818181818181818,0.12,0.08695652173913043,3,44,25,11
trailscraper,Security/trailscraper,code,10,0.04040404040404041,0.16,0.06451612903225806,4,99,25,11
trailscraper,Security/trailscraper,code,15,0.03896103896103896,0.24,0.0670391061452514,6,154,25,11
trailscraper,Security/trailscraper,code,20,0.0430622009569378,0.36,0.07692307692307693,9,209,25,11
trailscraper,Security/trailscraper,desc,5,0.25,0.44,0.31884057971014496,11,44,25,11
trailscraper,Security/trailscraper,desc,10,0.15151515151515152,0.6,0.24193548387096778,15,99,25,11
trailscraper,Security/trailscraper,desc,15,0.1038961038961039,0.64,0.17877094972067037,16,154,25,11
trailscraper,Security/trailscraper,desc,20,0.07655502392344497,0.64,0.13675213675213677,16,209,25,11
zxcvbn-python,Security/zxcvbn-python,signature,5,0.24324324324324326,0.391304347826087,0.30000000000000004,18,74,46,18
zxcvbn-python,Security/zxcvbn-python,signature,10,0.15432098765432098,0.5434782608695652,0.2403846153846154,25,162,46,18
zxcvbn-python,Security/zxcvbn-python,signature,15,0.1111111111111111,0.6086956521739131,0.18791946308724827,28,252,46,18
zxcvbn-python,Security/zxcvbn-python,signature,20,0.08187134502923976,0.6086956521739131,0.14432989690721648,28,342,46,18
zxcvbn-python,Security/zxcvbn-python,code,5,0.1625,0.2826086956521739,0.20634920634920634,13,80,46,18
zxcvbn-python,Security/zxcvbn-python,code,10,0.0963855421686747,0.34782608695652173,0.15094339622641512,16,166,46,18
zxcvbn-python,Security/zxcvbn-python,code,15,0.08333333333333333,0.45652173913043476,0.14093959731543623,21,252,46,18
zxcvbn-python,Security/zxcvbn-python,code,20,0.07017543859649122,0.5217391304347826,0.12371134020618557,24,342,46,18
zxcvbn-python,Security/zxcvbn-python,desc,5,0.21333333333333335,0.34782608695652173,0.2644628099173553,16,75,46,18
zxcvbn-python,Security/zxcvbn-python,desc,10,0.12727272727272726,0.45652173913043476,0.19905213270142177,21,165,46,18
zxcvbn-python,Security/zxcvbn-python,desc,15,0.09055118110236221,0.5,0.15333333333333332,23,254,46,18
zxcvbn-python,Security/zxcvbn-python,desc,20,0.07267441860465117,0.5434782608695652,0.1282051282051282,25,344,46,18
backtrader,Software-Development/backtrader,signature,5,0.0,0.0,0.0,0,5,24,1
backtrader,Software-Development/backtrader,signature,10,0.1111111111111111,0.041666666666666664,0.06060606060606061,1,9,24,1
backtrader,Software-Development/backtrader,signature,15,0.07142857142857142,0.041666666666666664,0.052631578947368425,1,14,24,1
backtrader,Software-Development/backtrader,signature,20,0.05263157894736842,0.041666666666666664,0.04651162790697675,1,19,24,1
backtrader,Software-Development/backtrader,code,5,0.25,0.041666666666666664,0.07142857142857142,1,4,24,1
backtrader,Software-Development/backtrader,code,10,0.1111111111111111,0.041666666666666664,0.06060606060606061,1,9,24,1
backtrader,Software-Development/backtrader,code,15,0.21428571428571427,0.125,0.15789473684210525,3,14,24,1
backtrader,Software-Development/backtrader,code,20,0.15789473684210525,0.125,0.13953488372093023,3,19,24,1
backtrader,Software-Development/backtrader,desc,5,0.4,0.08333333333333333,0.13793103448275862,2,5,24,1
backtrader,Software-Development/backtrader,desc,10,0.4,0.16666666666666666,0.23529411764705882,4,10,24,1
backtrader,Software-Development/backtrader,desc,15,0.3333333333333333,0.20833333333333334,0.25641025641025644,5,15,24,1
backtrader,Software-Development/backtrader,desc,20,0.25,0.20833333333333334,0.22727272727272727,5,20,24,1
dash,Software-Development/dash,signature,5,0.0945945945945946,0.21212121212121213,0.13084112149532712,7,74,33,18
dash,Software-Development/dash,signature,10,0.07926829268292683,0.3939393939393939,0.1319796954314721,13,164,33,18
dash,Software-Development/dash,signature,15,0.051181102362204724,0.3939393939393939,0.09059233449477351,13,254,33,18
dash,Software-Development/dash,signature,20,0.0377906976744186,0.3939393939393939,0.06896551724137931,13,344,33,18
dash,Software-Development/dash,code,5,0.06756756756756757,0.15151515151515152,0.09345794392523366,5,74,33,18
dash,Software-Development/dash,code,10,0.054878048780487805,0.2727272727272727,0.09137055837563451,9,164,33,18
dash,Software-Development/dash,code,15,0.03968253968253968,0.30303030303030304,0.07017543859649122,10,252,33,18
dash,Software-Development/dash,code,20,0.03216374269005848,0.3333333333333333,0.05866666666666667,11,342,33,18
dash,Software-Development/dash,desc,5,0.0958904109589041,0.21212121212121213,0.1320754716981132,7,73,33,18
dash,Software-Development/dash,desc,10,0.04938271604938271,0.24242424242424243,0.08205128205128205,8,162,33,18
dash,Software-Development/dash,desc,15,0.031746031746031744,0.24242424242424243,0.05614035087719298,8,252,33,18
dash,Software-Development/dash,desc,20,0.023391812865497075,0.24242424242424243,0.042666666666666665,8,342,33,18
discord-py,Software-Development/discord-py,signature,5,0.06896551724137931,0.25,0.1081081081081081,2,29,8,7
discord-py,Software-Development/discord-py,signature,10,0.03125,0.25,0.05555555555555555,2,64,8,7
discord-py,Software-Development/discord-py,signature,15,0.020202020202020204,0.25,0.037383177570093455,2,99,8,7
discord-py,Software-Development/discord-py,signature,20,0.014925373134328358,0.25,0.028169014084507043,2,134,8,7
discord-py,Software-Development/discord-py,code,5,0.06666666666666667,0.25,0.10526315789473685,2,30,8,7
discord-py,Software-Development/discord-py,code,10,0.03076923076923077,0.25,0.05479452054794521,2,65,8,7
discord-py,Software-Development/discord-py,code,15,0.02,0.25,0.037037037037037035,2,100,8,7
discord-py,Software-Development/discord-py,code,20,0.014814814814814815,0.25,0.027972027972027972,2,135,8,7
discord-py,Software-Development/discord-py,desc,5,0.03333333333333333,0.125,0.052631578947368425,1,30,8,7
discord-py,Software-Development/discord-py,desc,10,0.015384615384615385,0.125,0.027397260273972605,1,65,8,7
discord-py,Software-Development/discord-py,desc,15,0.01,0.125,0.018518518518518517,1,100,8,7
discord-py,Software-Development/discord-py,desc,20,0.007407407407407408,0.125,0.013986013986013986,1,135,8,7
Faker,Software-Development/Faker,signature,5,0.04040404040404041,0.3076923076923077,0.07142857142857144,4,99,13,21
Faker,Software-Development/Faker,signature,10,0.024875621890547265,0.38461538461538464,0.04672897196261683,5,201,13,21
Faker,Software-Development/Faker,signature,15,0.019672131147540985,0.46153846153846156,0.03773584905660378,6,305,13,21
Faker,Software-Development/Faker,signature,20,0.014634146341463415,0.46153846153846156,0.028368794326241138,6,410,13,21
Faker,Software-Development/Faker,code,5,0.020202020202020204,0.15384615384615385,0.03571428571428572,2,99,13,21
Faker,Software-Development/Faker,code,10,0.009852216748768473,0.15384615384615385,0.01851851851851852,2,203,13,21
Faker,Software-Development/Faker,code,15,0.006493506493506494,0.15384615384615385,0.012461059190031154,2,308,13,21
Faker,Software-Development/Faker,code,20,0.0048543689320388345,0.15384615384615385,0.009411764705882352,2,412,13,21
Faker,Software-Development/Faker,desc,5,0.030612244897959183,0.23076923076923078,0.05405405405405406,3,98,13,21
Faker,Software-Development/Faker,desc,10,0.024752475247524754,0.38461538461538464,0.046511627906976744,5,202,13,21
Faker,Software-Development/Faker,desc,15,0.019736842105263157,0.46153846153846156,0.037854889589905356,6,304,13,21
Faker,Software-Development/Faker,desc,20,0.014669926650366748,0.46153846153846156,0.028436018957345974,6,409,13,21
pandas-profiling,Software-Development/pandas-profiling,signature,5,0.06,0.08571428571428572,0.07058823529411765,3,50,35,11
pandas-profiling,Software-Development/pandas-profiling,signature,10,0.057692307692307696,0.17142857142857143,0.08633093525179857,6,104,35,11
pandas-profiling,Software-Development/pandas-profiling,signature,15,0.04430379746835443,0.2,0.07253886010362694,7,158,35,11
pandas-profiling,Software-Development/pandas-profiling,signature,20,0.03755868544600939,0.22857142857142856,0.06451612903225806,8,213,35,11
pandas-profiling,Software-Development/pandas-profiling,code,5,0.08163265306122448,0.11428571428571428,0.09523809523809522,4,49,35,11
pandas-profiling,Software-Development/pandas-profiling,code,10,0.0673076923076923,0.2,0.10071942446043167,7,104,35,11
pandas-profiling,Software-Development/pandas-profiling,code,15,0.0440251572327044,0.2,0.07216494845360824,7,159,35,11
pandas-profiling,Software-Development/pandas-profiling,code,20,0.037383177570093455,0.22857142857142856,0.0642570281124498,8,214,35,11
pandas-profiling,Software-Development/pandas-profiling,desc,5,0.1,0.14285714285714285,0.11764705882352941,5,50,35,11
pandas-profiling,Software-Development/pandas-profiling,desc,10,0.047619047619047616,0.14285714285714285,0.07142857142857142,5,105,35,11
pandas-profiling,Software-Development/pandas-profiling,desc,15,0.05,0.22857142857142856,0.08205128205128205,8,160,35,11
pandas-profiling,Software-Development/pandas-profiling,desc,20,0.037209302325581395,0.22857142857142856,0.06400000000000002,8,215,35,11
peewee,Software-Development/peewee,signature,5,0.16363636363636364,0.3333333333333333,0.21951219512195122,9,55,27,13
peewee,Software-Development/peewee,signature,10,0.10084033613445378,0.4444444444444444,0.16438356164383564,12,119,27,13
peewee,Software-Development/peewee,signature,15,0.08695652173913043,0.5925925925925926,0.15165876777251186,16,184,27,13
peewee,Software-Development/peewee,signature,20,0.06827309236947791,0.6296296296296297,0.12318840579710146,17,249,27,13
peewee,Software-Development/peewee,code,5,0.09836065573770492,0.2222222222222222,0.13636363636363638,6,61,27,13
peewee,Software-Development/peewee,code,10,0.04838709677419355,0.2222222222222222,0.07947019867549668,6,124,27,13
peewee,Software-Development/peewee,code,15,0.0425531914893617,0.2962962962962963,0.07441860465116279,8,188,27,13
peewee,Software-Development/peewee,code,20,0.035856573705179286,0.3333333333333333,0.06474820143884892,9,251,27,13
peewee,Software-Development/peewee,desc,5,0.13333333333333333,0.2962962962962963,0.18390804597701152,8,60,27,13
peewee,Software-Development/peewee,desc,10,0.07258064516129033,0.3333333333333333,0.11920529801324503,9,124,27,13
peewee,Software-Development/peewee,desc,15,0.05291005291005291,0.37037037037037035,0.09259259259259257,10,189,27,13
peewee,Software-Development/peewee,desc,20,0.04330708661417323,0.4074074074074074,0.07829181494661923,11,254,27,13
PySnooper,Software-Development/PySnooper,signature,5,0.0,0.0,0.0,0,12,1,3
PySnooper,Software-Development/PySnooper,signature,10,0.0,0.0,0.0,0,27,1,3
PySnooper,Software-Development/PySnooper,signature,15,0.0,0.0,0.0,0,42,1,3
PySnooper,Software-Development/PySnooper,signature,20,0.0,0.0,0.0,0,57,1,3
PySnooper,Software-Development/PySnooper,code,5,0.0,0.0,0.0,0,12,1,3
PySnooper,Software-Development/PySnooper,code,10,0.0,0.0,0.0,0,27,1,3
PySnooper,Software-Development/PySnooper,code,15,0.0,0.0,0.0,0,42,1,3
PySnooper,Software-Development/PySnooper,code,20,0.0,0.0,0.0,0,57,1,3
PySnooper,Software-Development/PySnooper,desc,5,0.0,0.0,0.0,0,12,1,3
PySnooper,Software-Development/PySnooper,desc,10,0.0,0.0,0.0,0,27,1,3
PySnooper,Software-Development/PySnooper,desc,15,0.0,0.0,0.0,0,42,1,3
PySnooper,Software-Development/PySnooper,desc,20,0.0,0.0,0.0,0,57,1,3
exodus-bundler,System/exodus-bundler,signature,5,0.15625,0.3448275862068966,0.21505376344086022,10,64,29,16
exodus-bundler,System/exodus-bundler,signature,10,0.0763888888888889,0.3793103448275862,0.1271676300578035,11,144,29,16
exodus-bundler,System/exodus-bundler,signature,15,0.049107142857142856,0.3793103448275862,0.08695652173913043,11,224,29,16
exodus-bundler,System/exodus-bundler,signature,20,0.04276315789473684,0.4482758620689655,0.07807807807807808,13,304,29,16
exodus-bundler,System/exodus-bundler,code,5,0.125,0.27586206896551724,0.17204301075268816,8,64,29,16
exodus-bundler,System/exodus-bundler,code,10,0.08333333333333333,0.41379310344827586,0.13872832369942198,12,144,29,16
exodus-bundler,System/exodus-bundler,code,15,0.0625,0.4827586206896552,0.11067193675889327,14,224,29,16
exodus-bundler,System/exodus-bundler,code,20,0.049342105263157895,0.5172413793103449,0.0900900900900901,15,304,29,16
exodus-bundler,System/exodus-bundler,desc,5,0.13846153846153847,0.3103448275862069,0.19148936170212766,9,65,29,16
exodus-bundler,System/exodus-bundler,desc,10,0.0896551724137931,0.4482758620689655,0.14942528735632185,13,145,29,16
exodus-bundler,System/exodus-bundler,desc,15,0.07555555555555556,0.5862068965517241,0.13385826771653542,17,225,29,16
exodus-bundler,System/exodus-bundler,desc,20,0.05592105263157895,0.5862068965517241,0.10210210210210209,17,304,29,16
flower,System/flower,signature,5,0.0,0.0,0.0,0,18,2,4
flower,System/flower,signature,10,0.02631578947368421,0.5,0.05,1,38,2,4
flower,System/flower,signature,15,0.017241379310344827,0.5,0.03333333333333333,1,58,2,4
flower,System/flower,signature,20,0.01282051282051282,0.5,0.025,1,78,2,4
flower,System/flower,code,5,0.0,0.0,0.0,0,18,2,4
flower,System/flower,code,10,0.0,0.0,0.0,0,38,2,4
flower,System/flower,code,15,0.0,0.0,0.0,0,58,2,4
flower,System/flower,code,20,0.01282051282051282,0.5,0.025,1,78,2,4
flower,System/flower,desc,5,0.0,0.0,0.0,0,18,2,4
flower,System/flower,desc,10,0.0,0.0,0.0,0,38,2,4
flower,System/flower,desc,15,0.0,0.0,0.0,0,58,2,4
flower,System/flower,desc,20,0.0,0.0,0.0,0,78,2,4
fs,System/fs,signature,5,0.051470588235294115,0.17073170731707318,0.0790960451977401,7,136,41,31
fs,System/fs,signature,10,0.03806228373702422,0.2682926829268293,0.06666666666666665,11,289,41,31
fs,System/fs,signature,15,0.024774774774774775,0.2682926829268293,0.04536082474226803,11,444,41,31
fs,System/fs,signature,20,0.018425460636515914,0.2682926829268293,0.03448275862068966,11,597,41,31
fs,System/fs,code,5,0.072,0.21951219512195122,0.10843373493975904,9,125,41,31
fs,System/fs,code,10,0.043010752688172046,0.2926829268292683,0.075,12,279,41,31
fs,System/fs,code,15,0.027649769585253458,0.2926829268292683,0.05052631578947369,12,434,41,31
fs,System/fs,code,20,0.023769100169779286,0.34146341463414637,0.044444444444444446,14,589,41,31
fs,System/fs,desc,5,0.064,0.1951219512195122,0.0963855421686747,8,125,41,31
fs,System/fs,desc,10,0.03597122302158273,0.24390243902439024,0.06269592476489028,10,278,41,31
fs,System/fs,desc,15,0.025404157043879907,0.2682926829268293,0.046413502109704644,11,433,41,31
fs,System/fs,desc,20,0.02040816326530612,0.2926829268292683,0.03815580286168521,12,588,41,31
mrjob,System/mrjob,signature,5,0.10208333333333333,0.2076271186440678,0.1368715083798883,49,480,236,105
mrjob,System/mrjob,signature,10,0.07272727272727272,0.3050847457627119,0.11745513866231648,72,990,236,105
mrjob,System/mrjob,signature,15,0.053606882859033755,0.3432203389830508,0.09273039496279337,81,1511,236,105
mrjob,System/mrjob,signature,20,0.04285714285714286,0.3686440677966102,0.07678729037952338,87,2030,236,105
mrjob,System/mrjob,code,5,0.1340909090909091,0.25,0.17455621301775148,59,440,236,105
mrjob,System/mrjob,code,10,0.08324661810613944,0.3389830508474576,0.1336675020885547,80,961,236,105
mrjob,System/mrjob,code,15,0.06123822341857335,0.3855932203389831,0.1056910569105691,91,1486,236,105
mrjob,System/mrjob,code,20,0.0467894474863116,0.3983050847457627,0.08374164810690424,94,2009,236,105
mrjob,System/mrjob,desc,5,0.1145374449339207,0.22033898305084745,0.15072463768115943,52,454,236,105
mrjob,System/mrjob,desc,10,0.0750256937307297,0.3093220338983051,0.12076095947063689,73,973,236,105
mrjob,System/mrjob,desc,15,0.05418060200668896,0.3432203389830508,0.09358752166377818,81,1495,236,105
mrjob,System/mrjob,desc,20,0.043154761904761904,0.3686440677966102,0.07726465364120781,87,2016,236,105
prometheus-client,System/prometheus-client,signature,5,0.42857142857142855,0.5,0.4615384615384615,9,21,18,5
prometheus-client,System/prometheus-client,signature,10,0.1956521739130435,0.5,0.28125,9,46,18,5
prometheus-client,System/prometheus-client,signature,15,0.12857142857142856,0.5,0.20454545454545453,9,70,18,5
prometheus-client,System/prometheus-client,signature,20,0.09473684210526316,0.5,0.15929203539823011,9,95,18,5
prometheus-client,System/prometheus-client,code,5,0.22727272727272727,0.2777777777777778,0.25,5,22,18,5
prometheus-client,System/prometheus-client,code,10,0.13333333333333333,0.3333333333333333,0.19047619047619044,6,45,18,5
prometheus-client,System/prometheus-client,code,15,0.1,0.3888888888888889,0.1590909090909091,7,70,18,5
prometheus-client,System/prometheus-client,code,20,0.07368421052631578,0.3888888888888889,0.1238938053097345,7,95,18,5
prometheus-client,System/prometheus-client,desc,5,0.2727272727272727,0.3333333333333333,0.3,6,22,18,5
prometheus-client,System/prometheus-client,desc,10,0.13043478260869565,0.3333333333333333,0.18750000000000003,6,46,18,5
prometheus-client,System/prometheus-client,desc,15,0.09859154929577464,0.3888888888888889,0.15730337078651685,7,71,18,5
prometheus-client,System/prometheus-client,desc,20,0.07291666666666667,0.3888888888888889,0.12280701754385964,7,96,18,5
sslyze,System/sslyze,signature,5,0.07317073170731707,0.10714285714285714,0.08695652173913043,3,41,28,10
sslyze,System/sslyze,signature,10,0.04395604395604396,0.14285714285714285,0.06722689075630252,4,91,28,10
sslyze,System/sslyze,signature,15,0.02857142857142857,0.14285714285714285,0.04761904761904761,4,140,28,10
sslyze,System/sslyze,signature,20,0.031578947368421054,0.21428571428571427,0.055045871559633024,6,190,28,10
sslyze,System/sslyze,code,5,0.023809523809523808,0.03571428571428571,0.028571428571428567,1,42,28,10
sslyze,System/sslyze,code,10,0.02197802197802198,0.07142857142857142,0.03361344537815126,2,91,28,10
sslyze,System/sslyze,code,15,0.014184397163120567,0.07142857142857142,0.023668639053254437,2,141,28,10
sslyze,System/sslyze,code,20,0.015706806282722512,0.10714285714285714,0.0273972602739726,3,191,28,10
sslyze,System/sslyze,desc,5,0.07317073170731707,0.10714285714285714,0.08695652173913043,3,41,28,10
sslyze,System/sslyze,desc,10,0.044444444444444446,0.14285714285714285,0.06779661016949153,4,90,28,10
sslyze,System/sslyze,desc,15,0.03571428571428571,0.17857142857142858,0.05952380952380952,5,140,28,10
sslyze,System/sslyze,desc,20,0.02631578947368421,0.17857142857142858,0.04587155963302752,5,190,28,10
trackerjacker,System/trackerjacker,signature,5,0.0,0.0,0.0,0,4,1,1
trackerjacker,System/trackerjacker,signature,10,0.0,0.0,0.0,0,9,1,1
trackerjacker,System/trackerjacker,signature,15,0.0,0.0,0.0,0,14,1,1
trackerjacker,System/trackerjacker,signature,20,0.0,0.0,0.0,0,19,1,1
trackerjacker,System/trackerjacker,code,5,0.0,0.0,0.0,0,4,1,1
trackerjacker,System/trackerjacker,code,10,0.0,0.0,0.0,0,9,1,1
trackerjacker,System/trackerjacker,code,15,0.0,0.0,0.0,0,14,1,1
trackerjacker,System/trackerjacker,code,20,0.0,0.0,0.0,0,19,1,1
trackerjacker,System/trackerjacker,desc,5,0.0,0.0,0.0,0,4,1,1
trackerjacker,System/trackerjacker,desc,10,0.0,0.0,0.0,0,9,1,1
trackerjacker,System/trackerjacker,desc,15,0.0,0.0,0.0,0,14,1,1
trackerjacker,System/trackerjacker,desc,20,0.05263157894736842,1.0,0.1,1,19,1,1
viztracer,System/viztracer,signature,5,0.21739130434782608,0.29411764705882354,0.25,5,23,17,5
viztracer,System/viztracer,signature,10,0.19148936170212766,0.5294117647058824,0.28125,9,47,17,5
viztracer,System/viztracer,signature,15,0.18055555555555555,0.7647058823529411,0.29213483146067415,13,72,17,5
viztracer,System/viztracer,signature,20,0.13541666666666666,0.7647058823529411,0.2300884955752212,13,96,17,5
viztracer,System/viztracer,code,5,0.0,0.0,0.0,0,22,17,5
viztracer,System/viztracer,code,10,0.0425531914893617,0.11764705882352941,0.0625,2,47,17,5
viztracer,System/viztracer,code,15,0.027777777777777776,0.11764705882352941,0.0449438202247191,2,72,17,5
viztracer,System/viztracer,code,20,0.020618556701030927,0.11764705882352941,0.03508771929824561,2,97,17,5
viztracer,System/viztracer,desc,5,0.08333333333333333,0.11764705882352941,0.09756097560975609,2,24,17,5
viztracer,System/viztracer,desc,10,0.08333333333333333,0.23529411764705882,0.12307692307692308,4,48,17,5
viztracer,System/viztracer,desc,15,0.0821917808219178,0.35294117647058826,0.13333333333333333,6,73,17,5
viztracer,System/viztracer,desc,20,0.061855670103092786,0.35294117647058826,0.10526315789473685,6,97,17,5
wal-e,System/wal-e,signature,5,0.08163265306122448,0.16666666666666666,0.10958904109589039,4,49,24,11
wal-e,System/wal-e,signature,10,0.04807692307692308,0.20833333333333334,0.078125,5,104,24,11
wal-e,System/wal-e,signature,15,0.03164556962025317,0.20833333333333334,0.05494505494505495,5,158,24,11
wal-e,System/wal-e,signature,20,0.023474178403755867,0.20833333333333334,0.04219409282700422,5,213,24,11
wal-e,System/wal-e,code,5,0.2727272727272727,0.5,0.3529411764705882,12,44,24,11
wal-e,System/wal-e,code,10,0.12121212121212122,0.5,0.1951219512195122,12,99,24,11
wal-e,System/wal-e,code,15,0.07792207792207792,0.5,0.1348314606741573,12,154,24,11
wal-e,System/wal-e,code,20,0.06220095693779904,0.5416666666666666,0.11158798283261803,13,209,24,11
wal-e,System/wal-e,desc,5,0.08888888888888889,0.16666666666666666,0.11594202898550726,4,45,24,11
wal-e,System/wal-e,desc,10,0.05,0.20833333333333334,0.08064516129032258,5,100,24,11
wal-e,System/wal-e,desc,15,0.03870967741935484,0.25,0.06703910614525141,6,155,24,11
wal-e,System/wal-e,desc,20,0.02857142857142857,0.25,0.05128205128205128,6,210,24,11
dominate,Text-Processing/dominate,signature,5,0.12,0.75,0.20689655172413793,3,25,4,6
dominate,Text-Processing/dominate,signature,10,0.07407407407407407,1.0,0.13793103448275862,4,54,4,6
dominate,Text-Processing/dominate,signature,15,0.047619047619047616,1.0,0.0909090909090909,4,84,4,6
dominate,Text-Processing/dominate,signature,20,0.03508771929824561,1.0,0.06779661016949151,4,114,4,6
dominate,Text-Processing/dominate,code,5,0.038461538461538464,0.25,0.06666666666666668,1,26,4,6
dominate,Text-Processing/dominate,code,10,0.05454545454545454,0.75,0.10169491525423728,3,55,4,6
dominate,Text-Processing/dominate,code,15,0.03529411764705882,0.75,0.06741573033707865,3,85,4,6
dominate,Text-Processing/dominate,code,20,0.02608695652173913,0.75,0.050420168067226885,3,115,4,6
dominate,Text-Processing/dominate,desc,5,0.11538461538461539,0.75,0.19999999999999998,3,26,4,6
dominate,Text-Processing/dominate,desc,10,0.05454545454545454,0.75,0.10169491525423728,3,55,4,6
dominate,Text-Processing/dominate,desc,15,0.03529411764705882,0.75,0.06741573033707865,3,85,4,6
dominate,Text-Processing/dominate,desc,20,0.034782608695652174,1.0,0.06722689075630252,4,115,4,6
feedparser,Text-Processing/feedparser,signature,5,0.1875,0.6,0.2857142857142857,3,16,5,4
feedparser,Text-Processing/feedparser,signature,10,0.1111111111111111,0.8,0.19512195121951217,4,36,5,4
feedparser,Text-Processing/feedparser,signature,15,0.07142857142857142,0.8,0.13114754098360656,4,56,5,4
feedparser,Text-Processing/feedparser,signature,20,0.05263157894736842,0.8,0.09876543209876543,4,76,5,4
feedparser,Text-Processing/feedparser,code,5,0.125,0.4,0.19047619047619047,2,16,5,4
feedparser,Text-Processing/feedparser,code,10,0.08333333333333333,0.6,0.14634146341463414,3,36,5,4
feedparser,Text-Processing/feedparser,code,15,0.05357142857142857,0.6,0.0983606557377049,3,56,5,4
feedparser,Text-Processing/feedparser,code,20,0.039473684210526314,0.6,0.07407407407407407,3,76,5,4
feedparser,Text-Processing/feedparser,desc,5,0.11764705882352941,0.4,0.1818181818181818,2,17,5,4
feedparser,Text-Processing/feedparser,desc,10,0.05405405405405406,0.4,0.09523809523809523,2,37,5,4
feedparser,Text-Processing/feedparser,desc,15,0.03508771929824561,0.4,0.06451612903225806,2,57,5,4
feedparser,Text-Processing/feedparser,desc,20,0.025974025974025976,0.4,0.04878048780487805,2,77,5,4
mistune,Text-Processing/mistune,signature,5,0.0,0.0,0.0,0,21,7,5
mistune,Text-Processing/mistune,signature,10,0.021739130434782608,0.14285714285714285,0.03773584905660378,1,46,7,5
mistune,Text-Processing/mistune,signature,15,0.04225352112676056,0.42857142857142855,0.07692307692307691,3,71,7,5
mistune,Text-Processing/mistune,signature,20,0.03125,0.42857142857142855,0.05825242718446602,3,96,7,5
mistune,Text-Processing/mistune,code,5,0.09090909090909091,0.2857142857142857,0.13793103448275862,2,22,7,5
mistune,Text-Processing/mistune,code,10,0.0425531914893617,0.2857142857142857,0.07407407407407407,2,47,7,5
mistune,Text-Processing/mistune,code,15,0.027777777777777776,0.2857142857142857,0.05063291139240506,2,72,7,5
mistune,Text-Processing/mistune,code,20,0.020833333333333332,0.2857142857142857,0.03883495145631068,2,96,7,5
mistune,Text-Processing/mistune,desc,5,0.045454545454545456,0.14285714285714285,0.06896551724137931,1,22,7,5
mistune,Text-Processing/mistune,desc,10,0.06382978723404255,0.42857142857142855,0.1111111111111111,3,47,7,5
mistune,Text-Processing/mistune,desc,15,0.041666666666666664,0.42857142857142855,0.0759493670886076,3,72,7,5
mistune,Text-Processing/mistune,desc,20,0.03125,0.42857142857142855,0.05825242718446602,3,96,7,5
online-judge-tools,Text-Processing/online-judge-tools,signature,5,0.08333333333333333,0.05,0.0625,1,12,20,3
online-judge-tools,Text-Processing/online-judge-tools,signature,10,0.07407407407407407,0.1,0.0851063829787234,2,27,20,3
online-judge-tools,Text-Processing/online-judge-tools,signature,15,0.047619047619047616,0.1,0.06451612903225806,2,42,20,3
online-judge-tools,Text-Processing/online-judge-tools,signature,20,0.03508771929824561,0.1,0.051948051948051945,2,57,20,3
online-judge-tools,Text-Processing/online-judge-tools,code,5,0.08333333333333333,0.05,0.0625,1,12,20,3
online-judge-tools,Text-Processing/online-judge-tools,code,10,0.07407407407407407,0.1,0.0851063829787234,2,27,20,3
online-judge-tools,Text-Processing/online-judge-tools,code,15,0.047619047619047616,0.1,0.06451612903225806,2,42,20,3
online-judge-tools,Text-Processing/online-judge-tools,code,20,0.05263157894736842,0.15,0.0779220779220779,3,57,20,3
online-judge-tools,Text-Processing/online-judge-tools,desc,5,0.15384615384615385,0.1,0.12121212121212123,2,13,20,3
online-judge-tools,Text-Processing/online-judge-tools,desc,10,0.07407407407407407,0.1,0.0851063829787234,2,27,20,3
online-judge-tools,Text-Processing/online-judge-tools,desc,15,0.047619047619047616,0.1,0.06451612903225806,2,42,20,3
online-judge-tools,Text-Processing/online-judge-tools,desc,20,0.05263157894736842,0.15,0.0779220779220779,3,57,20,3
parsel,Text-Processing/parsel,signature,5,0.0,0.0,0.0,0,12,1,3
parsel,Text-Processing/parsel,signature,10,0.0,0.0,0.0,0,27,1,3
parsel,Text-Processing/parsel,signature,15,0.0,0.0,0.0,0,42,1,3
parsel,Text-Processing/parsel,signature,20,0.0,0.0,0.0,0,57,1,3
parsel,Text-Processing/parsel,code,5,0.0,0.0,0.0,0,13,1,3
parsel,Text-Processing/parsel,code,10,0.0,0.0,0.0,0,28,1,3
parsel,Text-Processing/parsel,code,15,0.023809523809523808,1.0,0.046511627906976744,1,42,1,3
parsel,Text-Processing/parsel,code,20,0.017543859649122806,1.0,0.034482758620689655,1,57,1,3
parsel,Text-Processing/parsel,desc,5,0.0,0.0,0.0,0,12,1,3
parsel,Text-Processing/parsel,desc,10,0.037037037037037035,1.0,0.07142857142857142,1,27,1,3
parsel,Text-Processing/parsel,desc,15,0.023809523809523808,1.0,0.046511627906976744,1,42,1,3
parsel,Text-Processing/parsel,desc,20,0.017543859649122806,1.0,0.034482758620689655,1,57,1,3
pycorrector,Text-Processing/pycorrector,signature,5,0.0,0.0,0.0,0,26,13,6
pycorrector,Text-Processing/pycorrector,signature,10,0.05357142857142857,0.23076923076923078,0.08695652173913043,3,56,13,6
pycorrector,Text-Processing/pycorrector,signature,15,0.058823529411764705,0.38461538461538464,0.1020408163265306,5,85,13,6
pycorrector,Text-Processing/pycorrector,signature,20,0.06956521739130435,0.6153846153846154,0.125,8,115,13,6
pycorrector,Text-Processing/pycorrector,code,5,0.037037037037037035,0.07692307692307693,0.05,1,27,13,6
pycorrector,Text-Processing/pycorrector,code,10,0.07017543859649122,0.3076923076923077,0.11428571428571428,4,57,13,6
pycorrector,Text-Processing/pycorrector,code,15,0.046511627906976744,0.3076923076923077,0.08080808080808081,4,86,13,6
pycorrector,Text-Processing/pycorrector,code,20,0.04310344827586207,0.38461538461538464,0.07751937984496125,5,116,13,6
pycorrector,Text-Processing/pycorrector,desc,5,0.1111111111111111,0.23076923076923078,0.15,3,27,13,6
pycorrector,Text-Processing/pycorrector,desc,10,0.08771929824561403,0.38461538461538464,0.14285714285714285,5,57,13,6
pycorrector,Text-Processing/pycorrector,desc,15,0.06896551724137931,0.46153846153846156,0.11999999999999998,6,87,13,6
pycorrector,Text-Processing/pycorrector,desc,20,0.05128205128205128,0.46153846153846156,0.0923076923076923,6,117,13,6
PyLaTeX,Text-Processing/PyLaTeX,signature,5,0.375,0.42857142857142855,0.39999999999999997,3,8,7,2
PyLaTeX,Text-Processing/PyLaTeX,signature,10,0.16666666666666666,0.42857142857142855,0.24,3,18,7,2
PyLaTeX,Text-Processing/PyLaTeX,signature,15,0.14285714285714285,0.5714285714285714,0.2285714285714286,4,28,7,2
PyLaTeX,Text-Processing/PyLaTeX,signature,20,0.10526315789473684,0.5714285714285714,0.17777777777777778,4,38,7,2
PyLaTeX,Text-Processing/PyLaTeX,code,5,0.5,0.5714285714285714,0.5333333333333333,4,8,7,2
PyLaTeX,Text-Processing/PyLaTeX,code,10,0.2222222222222222,0.5714285714285714,0.32,4,18,7,2
PyLaTeX,Text-Processing/PyLaTeX,code,15,0.14285714285714285,0.5714285714285714,0.2285714285714286,4,28,7,2
PyLaTeX,Text-Processing/PyLaTeX,code,20,0.10526315789473684,0.5714285714285714,0.17777777777777778,4,38,7,2
PyLaTeX,Text-Processing/PyLaTeX,desc,5,0.0,0.0,0.0,0,8,7,2
PyLaTeX,Text-Processing/PyLaTeX,desc,10,0.16666666666666666,0.42857142857142855,0.24,3,18,7,2
PyLaTeX,Text-Processing/PyLaTeX,desc,15,0.10714285714285714,0.42857142857142855,0.17142857142857143,3,28,7,2
PyLaTeX,Text-Processing/PyLaTeX,desc,20,0.10526315789473684,0.5714285714285714,0.17777777777777778,4,38,7,2
pymorphy2,Text-Processing/pymorphy2,signature,5,0.0,0.0,0.0,0,9,2,2
pymorphy2,Text-Processing/pymorphy2,signature,10,0.0,0.0,0.0,0,19,2,2
pymorphy2,Text-Processing/pymorphy2,signature,15,0.0,0.0,0.0,0,29,2,2
pymorphy2,Text-Processing/pymorphy2,signature,20,0.0,0.0,0.0,0,39,2,2
pymorphy2,Text-Processing/pymorphy2,code,5,0.0,0.0,0.0,0,9,2,2
pymorphy2,Text-Processing/pymorphy2,code,10,0.0,0.0,0.0,0,19,2,2
pymorphy2,Text-Processing/pymorphy2,code,15,0.0,0.0,0.0,0,29,2,2
pymorphy2,Text-Processing/pymorphy2,code,20,0.0,0.0,0.0,0,39,2,2
pymorphy2,Text-Processing/pymorphy2,desc,5,0.0,0.0,0.0,0,8,2,2
pymorphy2,Text-Processing/pymorphy2,desc,10,0.0,0.0,0.0,0,18,2,2
pymorphy2,Text-Processing/pymorphy2,desc,15,0.0,0.0,0.0,0,28,2,2
pymorphy2,Text-Processing/pymorphy2,desc,20,0.0,0.0,0.0,0,38,2,2
python-benedict,Text-Processing/python-benedict,signature,5,0.125,0.5,0.2,2,16,4,4
python-benedict,Text-Processing/python-benedict,signature,10,0.05555555555555555,0.5,0.09999999999999999,2,36,4,4
python-benedict,Text-Processing/python-benedict,signature,15,0.03571428571428571,0.5,0.06666666666666667,2,56,4,4
python-benedict,Text-Processing/python-benedict,signature,20,0.02631578947368421,0.5,0.05,2,76,4,4
python-benedict,Text-Processing/python-benedict,code,5,0.0,0.0,0.0,0,20,4,4
python-benedict,Text-Processing/python-benedict,code,10,0.025,0.25,0.045454545454545456,1,40,4,4
python-benedict,Text-Processing/python-benedict,code,15,0.016666666666666666,0.25,0.03125,1,60,4,4
python-benedict,Text-Processing/python-benedict,code,20,0.0125,0.25,0.023809523809523808,1,80,4,4
python-benedict,Text-Processing/python-benedict,desc,5,0.05555555555555555,0.25,0.0909090909090909,1,18,4,4
python-benedict,Text-Processing/python-benedict,desc,10,0.02702702702702703,0.25,0.04878048780487805,1,37,4,4
python-benedict,Text-Processing/python-benedict,desc,15,0.03508771929824561,0.5,0.06557377049180328,2,57,4,4
python-benedict,Text-Processing/python-benedict,desc,20,0.025974025974025976,0.5,0.04938271604938272,2,77,4,4
rows,Text-Processing/rows,signature,5,0.07142857142857142,0.18181818181818182,0.10256410256410255,4,56,22,12
rows,Text-Processing/rows,signature,10,0.061946902654867256,0.3181818181818182,0.1037037037037037,7,113,22,12
rows,Text-Processing/rows,signature,15,0.047058823529411764,0.36363636363636365,0.08333333333333333,8,170,22,12
rows,Text-Processing/rows,signature,20,0.039473684210526314,0.4090909090909091,0.072,9,228,22,12
rows,Text-Processing/rows,code,5,0.03636363636363636,0.09090909090909091,0.05194805194805195,2,55,22,12
rows,Text-Processing/rows,code,10,0.02631578947368421,0.13636363636363635,0.044117647058823525,3,114,22,12
rows,Text-Processing/rows,code,15,0.017341040462427744,0.13636363636363635,0.03076923076923077,3,173,22,12
rows,Text-Processing/rows,code,20,0.017316017316017316,0.18181818181818182,0.0316205533596838,4,231,22,12
rows,Text-Processing/rows,desc,5,0.10714285714285714,0.2727272727272727,0.15384615384615383,6,56,22,12
rows,Text-Processing/rows,desc,10,0.06896551724137931,0.36363636363636365,0.11594202898550723,8,116,22,12
rows,Text-Processing/rows,desc,15,0.045714285714285714,0.36363636363636365,0.08121827411167512,8,175,22,12
rows,Text-Processing/rows,desc,20,0.03418803418803419,0.36363636363636365,0.06250000000000001,8,234,22,12
boltons,Utilities/boltons,signature,5,0.10129310344827586,0.18007662835249041,0.12965517241379307,47,464,261,103
boltons,Utilities/boltons,signature,10,0.07334710743801653,0.2720306513409962,0.11554109031733117,71,968,261,103
boltons,Utilities/boltons,signature,15,0.05555555555555555,0.31417624521072796,0.09441565918249856,82,1476,261,103
boltons,Utilities/boltons,signature,20,0.04582074521651561,0.3486590038314176,0.08099688473520249,91,1986,261,103
boltons,Utilities/boltons,code,5,0.17972350230414746,0.2988505747126437,0.22446043165467627,78,434,261,103
boltons,Utilities/boltons,code,10,0.10465116279069768,0.3793103448275862,0.164043082021541,99,946,261,103
boltons,Utilities/boltons,code,15,0.07607950651130911,0.42528735632183906,0.12906976744186047,111,1459,261,103
boltons,Utilities/boltons,code,20,0.05778003041054232,0.4367816091954023,0.10205908683974933,114,1973,261,103
boltons,Utilities/boltons,desc,5,0.16294642857142858,0.2796934865900383,0.2059238363892807,73,448,261,103
boltons,Utilities/boltons,desc,10,0.10261780104712041,0.37547892720306514,0.16118421052631576,98,955,261,103
boltons,Utilities/boltons,desc,15,0.0696245733788396,0.39080459770114945,0.11819235225955968,102,1465,261,103
boltons,Utilities/boltons,desc,20,0.05709954522486104,0.4329501915708812,0.10089285714285715,113,1979,261,103
gunicorn,Utilities/gunicorn,signature,5,0.13131313131313133,0.3333333333333333,0.18840579710144928,13,99,39,23
gunicorn,Utilities/gunicorn,signature,10,0.06220095693779904,0.3333333333333333,0.10483870967741936,13,209,39,23
gunicorn,Utilities/gunicorn,signature,15,0.046296296296296294,0.38461538461538464,0.08264462809917356,15,324,39,23
gunicorn,Utilities/gunicorn,signature,20,0.03881278538812785,0.4358974358974359,0.07127882599580714,17,438,39,23
gunicorn,Utilities/gunicorn,code,5,0.030612244897959183,0.07692307692307693,0.043795620437956206,3,98,39,23
gunicorn,Utilities/gunicorn,code,10,0.04739336492890995,0.2564102564102564,0.08,10,211,39,23
gunicorn,Utilities/gunicorn,code,15,0.03076923076923077,0.2564102564102564,0.05494505494505495,10,325,39,23
gunicorn,Utilities/gunicorn,code,20,0.025,0.28205128205128205,0.04592901878914405,11,440,39,23
gunicorn,Utilities/gunicorn,desc,5,0.08163265306122448,0.20512820512820512,0.11678832116788321,8,98,39,23
gunicorn,Utilities/gunicorn,desc,10,0.05687203791469194,0.3076923076923077,0.096,12,211,39,23
gunicorn,Utilities/gunicorn,desc,15,0.03680981595092025,0.3076923076923077,0.06575342465753424,12,326,39,23
gunicorn,Utilities/gunicorn,desc,20,0.03409090909090909,0.38461538461538464,0.06263048016701461,15,440,39,23
jc,Utilities/jc,signature,5,0.0967741935483871,0.07142857142857142,0.0821917808219178,3,31,42,7
jc,Utilities/jc,signature,10,0.1076923076923077,0.16666666666666666,0.1308411214953271,7,65,42,7
jc,Utilities/jc,signature,15,0.08,0.19047619047619047,0.11267605633802817,8,100,42,7
jc,Utilities/jc,signature,20,0.08208955223880597,0.2619047619047619,0.125,11,134,42,7
jc,Utilities/jc,code,5,0.10344827586206896,0.07142857142857142,0.08450704225352113,3,29,42,7
jc,Utilities/jc,code,10,0.046875,0.07142857142857142,0.05660377358490566,3,64,42,7
jc,Utilities/jc,code,15,0.030303030303030304,0.07142857142857142,0.0425531914893617,3,99,42,7
jc,Utilities/jc,code,20,0.03731343283582089,0.11904761904761904,0.056818181818181816,5,134,42,7
jc,Utilities/jc,desc,5,0.10344827586206896,0.07142857142857142,0.08450704225352113,3,29,42,7
jc,Utilities/jc,desc,10,0.0625,0.09523809523809523,0.07547169811320754,4,64,42,7
jc,Utilities/jc,desc,15,0.0707070707070707,0.16666666666666666,0.09929078014184396,7,99,42,7
jc,Utilities/jc,desc,20,0.05970149253731343,0.19047619047619047,0.09090909090909091,8,134,42,7
mackup,Utilities/mackup,signature,5,0.03333333333333333,0.09090909090909091,0.04878048780487805,1,30,11,7
mackup,Utilities/mackup,signature,10,0.046875,0.2727272727272727,0.08,3,64,11,7
mackup,Utilities/mackup,signature,15,0.030612244897959183,0.2727272727272727,0.05504587155963303,3,98,11,7
mackup,Utilities/mackup,signature,20,0.03007518796992481,0.36363636363636365,0.05555555555555555,4,133,11,7
mackup,Utilities/mackup,code,5,0.07142857142857142,0.18181818181818182,0.10256410256410255,2,28,11,7
mackup,Utilities/mackup,code,10,0.07936507936507936,0.45454545454545453,0.13513513513513514,5,63,11,7
mackup,Utilities/mackup,code,15,0.05102040816326531,0.45454545454545453,0.09174311926605504,5,98,11,7
mackup,Utilities/mackup,code,20,0.03759398496240601,0.45454545454545453,0.06944444444444443,5,133,11,7
mackup,Utilities/mackup,desc,5,0.10714285714285714,0.2727272727272727,0.15384615384615383,3,28,11,7
mackup,Utilities/mackup,desc,10,0.06349206349206349,0.36363636363636365,0.1081081081081081,4,63,11,7
mackup,Utilities/mackup,desc,15,0.04081632653061224,0.36363636363636365,0.07339449541284403,4,98,11,7
mackup,Utilities/mackup,desc,20,0.03007518796992481,0.36363636363636365,0.05555555555555555,4,133,11,7
mmcv,Utilities/mmcv,signature,5,0.6111111111111112,1.0,0.7586206896551725,11,18,11,4
mmcv,Utilities/mmcv,signature,10,0.2894736842105263,1.0,0.4489795918367347,11,38,11,4
mmcv,Utilities/mmcv,signature,15,0.1896551724137931,1.0,0.3188405797101449,11,58,11,4
mmcv,Utilities/mmcv,signature,20,0.14102564102564102,1.0,0.24719101123595508,11,78,11,4
mmcv,Utilities/mmcv,code,5,0.6875,1.0,0.8148148148148148,11,16,11,4
mmcv,Utilities/mmcv,code,10,0.3055555555555556,1.0,0.46808510638297873,11,36,11,4
mmcv,Utilities/mmcv,code,15,0.19642857142857142,1.0,0.3283582089552239,11,56,11,4
mmcv,Utilities/mmcv,code,20,0.14473684210526316,1.0,0.2528735632183908,11,76,11,4
mmcv,Utilities/mmcv,desc,5,0.3333333333333333,0.5454545454545454,0.41379310344827586,6,18,11,4
mmcv,Utilities/mmcv,desc,10,0.16216216216216217,0.5454545454545454,0.25,6,37,11,4
mmcv,Utilities/mmcv,desc,15,0.10526315789473684,0.5454545454545454,0.1764705882352941,6,57,11,4
mmcv,Utilities/mmcv,desc,20,0.07792207792207792,0.5454545454545454,0.13636363636363635,6,77,11,4
praw,Utilities/praw,signature,5,0.20634920634920634,0.5416666666666666,0.29885057471264365,13,63,24,14
praw,Utilities/praw,signature,10,0.1076923076923077,0.5833333333333334,0.18181818181818185,14,130,24,14
praw,Utilities/praw,signature,15,0.07,0.5833333333333334,0.12500000000000003,14,200,24,14
praw,Utilities/praw,signature,20,0.05185185185185185,0.5833333333333334,0.09523809523809523,14,270,24,14
praw,Utilities/praw,code,5,0.2807017543859649,0.6666666666666666,0.3950617283950617,16,57,24,14
praw,Utilities/praw,code,10,0.14960629921259844,0.7916666666666666,0.25165562913907286,19,127,24,14
praw,Utilities/praw,code,15,0.09693877551020408,0.7916666666666666,0.1727272727272727,19,196,24,14
praw,Utilities/praw,code,20,0.07142857142857142,0.7916666666666666,0.13103448275862067,19,266,24,14
praw,Utilities/praw,desc,5,0.2033898305084746,0.5,0.2891566265060241,12,59,24,14
praw,Utilities/praw,desc,10,0.1015625,0.5416666666666666,0.17105263157894737,13,128,24,14
praw,Utilities/praw,desc,15,0.07614213197969544,0.625,0.13574660633484165,15,197,24,14
praw,Utilities/praw,desc,20,0.056179775280898875,0.625,0.10309278350515465,15,267,24,14
PyJWT,Utilities/PyJWT,signature,5,0.18518518518518517,0.38461538461538464,0.25,5,27,13,6
PyJWT,Utilities/PyJWT,signature,10,0.14814814814814814,0.6153846153846154,0.23880597014925373,8,54,13,6
PyJWT,Utilities/PyJWT,signature,15,0.10843373493975904,0.6923076923076923,0.18749999999999997,9,83,13,6
PyJWT,Utilities/PyJWT,signature,20,0.08849557522123894,0.7692307692307693,0.15873015873015872,10,113,13,6
PyJWT,Utilities/PyJWT,code,5,0.04,0.07692307692307693,0.052631578947368425,1,25,13,6
PyJWT,Utilities/PyJWT,code,10,0.037037037037037035,0.15384615384615385,0.05970149253731343,2,54,13,6
PyJWT,Utilities/PyJWT,code,15,0.047619047619047616,0.3076923076923077,0.08247422680412371,4,84,13,6
PyJWT,Utilities/PyJWT,code,20,0.03508771929824561,0.3076923076923077,0.06299212598425197,4,114,13,6
PyJWT,Utilities/PyJWT,desc,5,0.2608695652173913,0.46153846153846156,0.33333333333333337,6,23,13,6
PyJWT,Utilities/PyJWT,desc,10,0.1320754716981132,0.5384615384615384,0.2121212121212121,7,53,13,6
PyJWT,Utilities/PyJWT,desc,15,0.08536585365853659,0.5384615384615384,0.1473684210526316,7,82,13,6
PyJWT,Utilities/PyJWT,desc,20,0.07142857142857142,0.6153846153846154,0.128,8,112,13,6
pymusic-dl,Utilities/pymusic-dl,signature,5,0.125,0.125,0.125,1,8,8,2
pymusic-dl,Utilities/pymusic-dl,signature,10,0.05555555555555555,0.125,0.07692307692307691,1,18,8,2
pymusic-dl,Utilities/pymusic-dl,signature,15,0.07142857142857142,0.25,0.11111111111111112,2,28,8,2
pymusic-dl,Utilities/pymusic-dl,signature,20,0.10526315789473684,0.5,0.17391304347826086,4,38,8,2
pymusic-dl,Utilities/pymusic-dl,code,5,0.375,0.375,0.375,3,8,8,2
pymusic-dl,Utilities/pymusic-dl,code,10,0.16666666666666666,0.375,0.23076923076923078,3,18,8,2
pymusic-dl,Utilities/pymusic-dl,code,15,0.14285714285714285,0.5,0.22222222222222224,4,28,8,2
pymusic-dl,Utilities/pymusic-dl,code,20,0.13157894736842105,0.625,0.21739130434782608,5,38,8,2
pymusic-dl,Utilities/pymusic-dl,desc,5,0.25,0.25,0.25,2,8,8,2
pymusic-dl,Utilities/pymusic-dl,desc,10,0.1111111111111111,0.25,0.15384615384615383,2,18,8,2
pymusic-dl,Utilities/pymusic-dl,desc,15,0.10714285714285714,0.375,0.16666666666666666,3,28,8,2
pymusic-dl,Utilities/pymusic-dl,desc,20,0.10526315789473684,0.5,0.17391304347826086,4,38,8,2
sacred,Utilities/sacred,signature,5,0.06315789473684211,0.14634146341463414,0.08823529411764705,12,190,82,44
sacred,Utilities/sacred,signature,10,0.04433497536945813,0.21951219512195122,0.07377049180327867,18,406,82,44
sacred,Utilities/sacred,signature,15,0.040257648953301126,0.3048780487804878,0.07112375533428164,25,621,82,44
sacred,Utilities/sacred,signature,20,0.03218116805721097,0.32926829268292684,0.05863192182410423,27,839,82,44
sacred,Utilities/sacred,code,5,0.043243243243243246,0.0975609756097561,0.05992509363295881,8,185,82,44
sacred,Utilities/sacred,code,10,0.03950617283950617,0.1951219512195122,0.06570841889117043,16,405,82,44
sacred,Utilities/sacred,code,15,0.027287319422150885,0.2073170731707317,0.04822695035460993,17,623,82,44
sacred,Utilities/sacred,code,20,0.023752969121140142,0.24390243902439024,0.04329004329004329,20,842,82,44
sacred,Utilities/sacred,desc,5,0.07608695652173914,0.17073170731707318,0.10526315789473685,14,184,82,44
sacred,Utilities/sacred,desc,10,0.04477611940298507,0.21951219512195122,0.07438016528925619,18,402,82,44
sacred,Utilities/sacred,desc,15,0.03864734299516908,0.2926829268292683,0.06827880512091038,24,621,82,44
sacred,Utilities/sacred,desc,20,0.029726516052318668,0.3048780487804878,0.054171180931744306,25,841,82,44
stellar,Utilities/stellar,signature,5,0.0,0.0,0.0,0,8,2,2
stellar,Utilities/stellar,signature,10,0.0,0.0,0.0,0,18,2,2
stellar,Utilities/stellar,signature,15,0.0,0.0,0.0,0,28,2,2
stellar,Utilities/stellar,signature,20,0.0,0.0,0.0,0,38,2,2
stellar,Utilities/stellar,code,5,0.0,0.0,0.0,0,8,2,2
stellar,Utilities/stellar,code,10,0.0,0.0,0.0,0,18,2,2
stellar,Utilities/stellar,code,15,0.0,0.0,0.0,0,28,2,2
stellar,Utilities/stellar,code,20,0.0,0.0,0.0,0,38,2,2
stellar,Utilities/stellar,desc,5,0.0,0.0,0.0,0,8,2,2
stellar,Utilities/stellar,desc,10,0.0,0.0,0.0,0,18,2,2
stellar,Utilities/stellar,desc,15,0.0,0.0,0.0,0,28,2,2
stellar,Utilities/stellar,desc,20,0.0,0.0,0.0,0,38,2,2
whereami,Utilities/whereami,signature,5,0.25,0.5,0.3333333333333333,1,4,2,1
whereami,Utilities/whereami,signature,10,0.2222222222222222,1.0,0.3636363636363636,2,9,2,1
whereami,Utilities/whereami,signature,15,0.14285714285714285,1.0,0.25,2,14,2,1
whereami,Utilities/whereami,signature,20,0.10526315789473684,1.0,0.1904761904761905,2,19,2,1
whereami,Utilities/whereami,code,5,0.25,0.5,0.3333333333333333,1,4,2,1
whereami,Utilities/whereami,code,10,0.2222222222222222,1.0,0.3636363636363636,2,9,2,1
whereami,Utilities/whereami,code,15,0.14285714285714285,1.0,0.25,2,14,2,1
whereami,Utilities/whereami,code,20,0.10526315789473684,1.0,0.1904761904761905,2,19,2,1
whereami,Utilities/whereami,desc,5,0.25,0.5,0.3333333333333333,1,4,2,1
whereami,Utilities/whereami,desc,10,0.2222222222222222,1.0,0.3636363636363636,2,9,2,1
whereami,Utilities/whereami,desc,15,0.14285714285714285,1.0,0.25,2,14,2,1
whereami,Utilities/whereami,desc,20,0.10526315789473684,1.0,0.1904761904761905,2,19,2,1
ALL,,signature,5,0.10550160269057322,0.1855269344965369,0.12957028500728107,659,6315,3883,1430
ALL,,signature,10,0.07503759004757019,0.2754707087591001,0.11478368056601729,995,13313,3883,1430
ALL,,signature,15,0.05763436808522446,0.32346956724033604,0.09587072002489996,1173,20401,3883,1430
ALL,,signature,20,0.04763638711877087,0.3593156052474767,0.0827490385309648,1308,27506,3883,1430
ALL,,code,5,0.11298402339399588,0.18954980530626717,0.13710287561088608,685,6179,3883,1430
ALL,,code,10,0.07203132444271862,0.26091557784567904,0.11029386981209112,949,13252,3883,1430
ALL,,code,15,0.0533998462952772,0.29572880944168783,0.08873336983802374,1084,20368,3883,1430
ALL,,code,20,0.043275395637537205,0.322333631943681,0.07508723773350094,1187,27489,3883,1430
ALL,,desc,5,0.1134330611481616,0.1961984669592909,0.13850757806061312,697,6199,3883,1430
ALL,,desc,10,0.07157479601178186,0.2649985178889772,0.10963046104153017,947,13277,3883,1430
ALL,,desc,15,0.053917863710724004,0.30405357343236433,0.08959280276054223,1097,20384,3883,1430
ALL,,desc,20,0.044043817616786385,0.3334406529559003,0.07642239020610823,1210,27506,3883,1430
